{
  "type": "FeatureCollection",
  "features": [
    {
      "type": "Feature",
      "geometry": {
        "type": "Point",
        "coordinates": [
          27.591985,
          53.924225
        ]
      },
      "properties": {
        "id": "16210",
        "name": "БНТУ",
        "type": "tram"
      }
    },
    {
      "type": "Feature",
      "geometry": {
        "type": "Point",
        "coordinates": [
          27.542526,
          53.8929
        ]
      },
      "properties": {
        "id": "294496",
        "name": "Плошча Мяснікова",
        "type": "tram"
      }
    },
    {
      "type": "Feature",
      "geometry": {
        "type": "Point",
        "coordinates": [
          27.478883,
          53.84112
        ]
      },
      "properties": {
        "id": "15949",
        "name": "Паварот на філіял БДУ",
        "type": "bus"
      }
    },
    {
      "type": "Feature",
      "geometry": {
        "type": "Point",
        "coordinates": [
          27.674832,
          53.86272
        ]
      },
      "properties": {
        "id": "133412",
        "name": "Ангарская",
        "type": "trolleybus"
      }
    },
    {
      "type": "Feature",
      "geometry": {
        "type": "Point",
        "coordinates": [
          27.446246,
          53.932325
        ]
      },
      "properties": {
        "id": "275079041",
        "name": "Остановка",
        "type": "bus"
      }
    },
    {
      "type": "Feature",
      "geometry": {
        "type": "Point",
        "coordinates": [
          27.577369,
          53.911035
        ]
      },
      "properties": {
        "id": "14470",
        "name": "Праспект Незалежнасці",
        "type": "bus"
      }
    },
    {
      "type": "Feature",
      "geometry": {
        "type": "Point",
        "coordinates": [
          27.533333,
          53.905296
        ]
      },
      "properties": {
        "id": "14570",
        "name": "Максіма Танка",
        "type": "bus"
      }
    },
    {
      "type": "Feature",
      "geometry": {
        "type": "Point",
        "coordinates": [
          27.535899,
          53.89566
        ]
      },
      "properties": {
        "id": "15568",
        "name": "Музычны тэатр",
        "type": "bus"
      }
    },
    {
      "type": "Feature",
      "geometry": {
        "type": "Point",
        "coordinates": [
          27.537132,
          53.905721
        ]
      },
      "properties": {
        "id": "14573",
        "name": "Станцыя метро Фрунзенская",
        "type": "bus"
      }
    },
    {
      "type": "Feature",
      "geometry": {
        "type": "Point",
        "coordinates": [
          27.538584,
          53.905317
        ]
      },
      "properties": {
        "id": "14689",
        "name": "Станцыя метро Фрунзенская",
        "type": "bus"
      }
    },
    {
      "type": "Feature",
      "geometry": {
        "type": "Point",
        "coordinates": [
          27.547359,
          53.902527
        ]
      },
      "properties": {
        "id": "14572",
        "name": "Раманаўская Слабада",
        "type": "bus"
      }
    },
    {
      "type": "Feature",
      "geometry": {
        "type": "Point",
        "coordinates": [
          27.613574,
          53.956838
        ]
      },
      "properties": {
        "id": "14459",
        "name": "Гамарніка",
        "type": "bus"
      }
    },
    {
      "type": "Feature",
      "geometry": {
        "type": "Point",
        "coordinates": [
          27.62214,
          53.956315
        ]
      },
      "properties": {
        "id": "14457",
        "name": "вуліца Карбышава",
        "type": "bus"
      }
    },
    {
      "type": "Feature",
      "geometry": {
        "type": "Point",
        "coordinates": [
          27.529966,
          53.908528
        ]
      },
      "properties": {
        "id": "14569",
        "name": "Ціміразева",
        "type": "bus"
      }
    },
    {
      "type": "Feature",
      "geometry": {
        "type": "Point",
        "coordinates": [
          27.52927,
          53.909229
        ]
      },
      "properties": {
        "id": "14528",
        "name": "Ціміразева",
        "type": "bus"
      }
    },
    {
      "type": "Feature",
      "geometry": {
        "type": "Point",
        "coordinates": [
          27.480975,
          53.909104
        ]
      },
      "properties": {
        "id": "15249",
        "name": "Станцыя метро Спартыўная",
        "type": "bus"
      }
    },
    {
      "type": "Feature",
      "geometry": {
        "type": "Point",
        "coordinates": [
          27.515278,
          53.921013
        ]
      },
      "properties": {
        "id": "14531",
        "name": "Сапёраў",
        "type": "bus"
      }
    },
    {
      "type": "Feature",
      "geometry": {
        "type": "Point",
        "coordinates": [
          27.513303,
          53.9221
        ]
      },
      "properties": {
        "id": "14534",
        "name": "Сапёраў",
        "type": "bus"
      }
    },
    {
      "type": "Feature",
      "geometry": {
        "type": "Point",
        "coordinates": [
          27.514979,
          53.920477
        ]
      },
      "properties": {
        "id": "14530",
        "name": "Мінскі завод халадзільнікаў",
        "type": "bus"
      }
    },
    {
      "type": "Feature",
      "geometry": {
        "type": "Point",
        "coordinates": [
          27.514729,
          53.920255
        ]
      },
      "properties": {
        "id": "14535",
        "name": "Мінскі завод халадзільнікаў",
        "type": "bus"
      }
    },
    {
      "type": "Feature",
      "geometry": {
        "type": "Point",
        "coordinates": [
          27.521141,
          53.924018
        ]
      },
      "properties": {
        "id": "14532",
        "name": "Рэспубліканскі цэнтр тэніса",
        "type": "bus"
      }
    },
    {
      "type": "Feature",
      "geometry": {
        "type": "Point",
        "coordinates": [
          27.523177,
          53.925087
        ]
      },
      "properties": {
        "id": "15040",
        "name": "Рэспубліканскі цэнтр тэніса",
        "type": "trolleybus"
      }
    },
    {
      "type": "Feature",
      "geometry": {
        "type": "Point",
        "coordinates": [
          27.529673,
          53.920855
        ]
      },
      "properties": {
        "id": "15039",
        "name": "Камсамольскае возера",
        "type": "bus"
      }
    },
    {
      "type": "Feature",
      "geometry": {
        "type": "Point",
        "coordinates": [
          27.530502,
          53.919715
        ]
      },
      "properties": {
        "id": "15113",
        "name": "Камсамольскае возера",
        "type": "bus"
      }
    },
    {
      "type": "Feature",
      "geometry": {
        "type": "Point",
        "coordinates": [
          27.534793,
          53.916959
        ]
      },
      "properties": {
        "id": "15526",
        "name": "Гвардзейская",
        "type": "bus"
      }
    },
    {
      "type": "Feature",
      "geometry": {
        "type": "Point",
        "coordinates": [
          27.535419,
          53.916042
        ]
      },
      "properties": {
        "id": "15890",
        "name": "Гвардзейская",
        "type": "bus"
      }
    },
    {
      "type": "Feature",
      "geometry": {
        "type": "Point",
        "coordinates": [
          27.537956,
          53.915151
        ]
      },
      "properties": {
        "id": "15011",
        "name": "Музей гісторыі Вялікай Айчыннай вайны",
        "type": "bus"
      }
    },
    {
      "type": "Feature",
      "geometry": {
        "type": "Point",
        "coordinates": [
          27.540786,
          53.914881
        ]
      },
      "properties": {
        "id": "15743",
        "name": "Музей гісторыі Вялікай Айчыннай вайны",
        "type": "bus"
      }
    },
    {
      "type": "Feature",
      "geometry": {
        "type": "Point",
        "coordinates": [
          27.601896,
          53.9223
        ]
      },
      "properties": {
        "id": "14756",
        "name": "Дом Друку",
        "type": "bus"
      }
    },
    {
      "type": "Feature",
      "geometry": {
        "type": "Point",
        "coordinates": [
          27.601504,
          53.921263
        ]
      },
      "properties": {
        "id": "14767",
        "name": "Дом Друку",
        "type": "bus"
      }
    },
    {
      "type": "Feature",
      "geometry": {
        "type": "Point",
        "coordinates": [
          27.596366,
          53.911199
        ]
      },
      "properties": {
        "id": "15482",
        "name": "Гікалы",
        "type": "bus"
      }
    },
    {
      "type": "Feature",
      "geometry": {
        "type": "Point",
        "coordinates": [
          27.593898,
          53.919935
        ]
      },
      "properties": {
        "id": "15888",
        "name": "Петруся Броўкі",
        "type": "bus"
      }
    },
    {
      "type": "Feature",
      "geometry": {
        "type": "Point",
        "coordinates": [
          27.600024,
          53.922244
        ]
      },
      "properties": {
        "id": "14768",
        "name": "Дом Друку",
        "type": "bus"
      }
    },
    {
      "type": "Feature",
      "geometry": {
        "type": "Point",
        "coordinates": [
          27.446207,
          53.899896
        ]
      },
      "properties": {
        "id": "15191",
        "name": "Універсам",
        "type": "bus"
      }
    },
    {
      "type": "Feature",
      "geometry": {
        "type": "Point",
        "coordinates": [
          27.44561,
          53.900341
        ]
      },
      "properties": {
        "id": "14883",
        "name": "Універсам",
        "type": "bus"
      }
    },
    {
      "type": "Feature",
      "geometry": {
        "type": "Point",
        "coordinates": [
          27.463587,
          53.9
        ]
      },
      "properties": {
        "id": "14855",
        "name": "Адзінцова",
        "type": "bus"
      }
    },
    {
      "type": "Feature",
      "geometry": {
        "type": "Point",
        "coordinates": [
          27.463048,
          53.903376
        ]
      },
      "properties": {
        "id": "14858",
        "name": "Захад-2",
        "type": "bus"
      }
    },
    {
      "type": "Feature",
      "geometry": {
        "type": "Point",
        "coordinates": [
          27.462784,
          53.904699
        ]
      },
      "properties": {
        "id": "14857",
        "name": "Захад-2",
        "type": "bus"
      }
    },
    {
      "type": "Feature",
      "geometry": {
        "type": "Point",
        "coordinates": [
          27.463957,
          53.906956
        ]
      },
      "properties": {
        "id": "14679",
        "name": "Цімашэнкі",
        "type": "bus"
      }
    },
    {
      "type": "Feature",
      "geometry": {
        "type": "Point",
        "coordinates": [
          27.479666,
          53.908673
        ]
      },
      "properties": {
        "id": "14593",
        "name": "Станцыя метро «Спартыўная»",
        "type": "bus"
      }
    },
    {
      "type": "Feature",
      "geometry": {
        "type": "Point",
        "coordinates": [
          27.505538,
          53.910389
        ]
      },
      "properties": {
        "id": "14589",
        "name": "Прытыцкага",
        "type": "bus"
      }
    },
    {
      "type": "Feature",
      "geometry": {
        "type": "Point",
        "coordinates": [
          27.507761,
          53.909466
        ]
      },
      "properties": {
        "id": "14685",
        "name": "Прытыцкага",
        "type": "bus"
      }
    },
    {
      "type": "Feature",
      "geometry": {
        "type": "Point",
        "coordinates": [
          27.512861,
          53.90789
        ]
      },
      "properties": {
        "id": "14686",
        "name": "Гусоўскага",
        "type": "bus"
      }
    },
    {
      "type": "Feature",
      "geometry": {
        "type": "Point",
        "coordinates": [
          27.513752,
          53.908082
        ]
      },
      "properties": {
        "id": "14577",
        "name": "Цэнтр міласэрнасці",
        "type": "bus"
      }
    },
    {
      "type": "Feature",
      "geometry": {
        "type": "Point",
        "coordinates": [
          27.517689,
          53.907396
        ]
      },
      "properties": {
        "id": "14687",
        "name": "Пінская",
        "type": "bus"
      }
    },
    {
      "type": "Feature",
      "geometry": {
        "type": "Point",
        "coordinates": [
          27.518021,
          53.90768
        ]
      },
      "properties": {
        "id": "14576",
        "name": "Пінская",
        "type": "bus"
      }
    },
    {
      "type": "Feature",
      "geometry": {
        "type": "Point",
        "coordinates": [
          27.527727,
          53.906696
        ]
      },
      "properties": {
        "id": "14575",
        "name": "Кальварыйская",
        "type": "bus"
      }
    },
    {
      "type": "Feature",
      "geometry": {
        "type": "Point",
        "coordinates": [
          27.529644,
          53.906204
        ]
      },
      "properties": {
        "id": "14688",
        "name": "Кальварыйская",
        "type": "bus"
      }
    },
    {
      "type": "Feature",
      "geometry": {
        "type": "Point",
        "coordinates": [
          27.53396,
          53.906575
        ]
      },
      "properties": {
        "id": "14527",
        "name": "Максіма Танка",
        "type": "bus"
      }
    },
    {
      "type": "Feature",
      "geometry": {
        "type": "Point",
        "coordinates": [
          27.547144,
          53.892217
        ]
      },
      "properties": {
        "id": "15944",
        "name": "Ленінградская",
        "type": "bus"
      }
    },
    {
      "type": "Feature",
      "geometry": {
        "type": "Point",
        "coordinates": [
          27.550173,
          53.89138
        ]
      },
      "properties": {
        "id": "15894",
        "name": "Вакзал",
        "type": "bus"
      }
    },
    {
      "type": "Feature",
      "geometry": {
        "type": "Point",
        "coordinates": [
          27.676353,
          53.859318
        ]
      },
      "properties": {
        "id": "14626",
        "name": "Аўтастанцыя «Аўтазаводская»",
        "type": "bus"
      }
    },
    {
      "type": "Feature",
      "geometry": {
        "type": "Point",
        "coordinates": [
          27.647773,
          53.869911
        ]
      },
      "properties": {
        "id": "15294",
        "name": "Станцыя метро Аўтазаводская",
        "type": "trolleybus"
      }
    },
    {
      "type": "Feature",
      "geometry": {
        "type": "Point",
        "coordinates": [
          27.651474,
          53.874122
        ]
      },
      "properties": {
        "id": "15293",
        "name": "Волжская",
        "type": "bus"
      }
    },
    {
      "type": "Feature",
      "geometry": {
        "type": "Point",
        "coordinates": [
          27.654869,
          53.877846
        ]
      },
      "properties": {
        "id": "15290",
        "name": "ЦЭЦ-3",
        "type": "bus"
      }
    },
    {
      "type": "Feature",
      "geometry": {
        "type": "Point",
        "coordinates": [
          27.655772,
          53.881522
        ]
      },
      "properties": {
        "id": "15289",
        "name": "1-ы Нахілены завулак",
        "type": "bus"
      }
    },
    {
      "type": "Feature",
      "geometry": {
        "type": "Point",
        "coordinates": [
          27.651358,
          53.885435
        ]
      },
      "properties": {
        "id": "15287",
        "name": "Пераходная",
        "type": "bus"
      }
    },
    {
      "type": "Feature",
      "geometry": {
        "type": "Point",
        "coordinates": [
          27.648925,
          53.886092
        ]
      },
      "properties": {
        "id": "15282",
        "name": "ДС Дражня",
        "type": "bus"
      }
    },
    {
      "type": "Feature",
      "geometry": {
        "type": "Point",
        "coordinates": [
          27.649989,
          53.886817
        ]
      },
      "properties": {
        "id": "15284",
        "name": "Пераходная",
        "type": "bus"
      }
    },
    {
      "type": "Feature",
      "geometry": {
        "type": "Point",
        "coordinates": [
          27.648583,
          53.889249
        ]
      },
      "properties": {
        "id": "15361",
        "name": "Завод «Белкамунмаш»",
        "type": "bus"
      }
    },
    {
      "type": "Feature",
      "geometry": {
        "type": "Point",
        "coordinates": [
          27.6466,
          53.890807
        ]
      },
      "properties": {
        "id": "15283",
        "name": "Энэргетычны каледж",
        "type": "bus"
      }
    },
    {
      "type": "Feature",
      "geometry": {
        "type": "Point",
        "coordinates": [
          27.646073,
          53.892262
        ]
      },
      "properties": {
        "id": "15362",
        "name": "Энэргетычны каледж",
        "type": "bus"
      }
    },
    {
      "type": "Feature",
      "geometry": {
        "type": "Point",
        "coordinates": [
          27.642208,
          53.893785
        ]
      },
      "properties": {
        "id": "14777",
        "name": "Круглая плошча",
        "type": "bus"
      }
    },
    {
      "type": "Feature",
      "geometry": {
        "type": "Point",
        "coordinates": [
          27.645523,
          53.894732
        ]
      },
      "properties": {
        "id": "15363",
        "name": "Круглая плошча",
        "type": "bus"
      }
    },
    {
      "type": "Feature",
      "geometry": {
        "type": "Point",
        "coordinates": [
          27.642144,
          53.896109
        ]
      },
      "properties": {
        "id": "14776",
        "name": "Завод ігрыстых вінаў",
        "type": "bus"
      }
    },
    {
      "type": "Feature",
      "geometry": {
        "type": "Point",
        "coordinates": [
          27.639638,
          53.899024
        ]
      },
      "properties": {
        "id": "14775",
        "name": "Радыяльная",
        "type": "bus"
      }
    },
    {
      "type": "Feature",
      "geometry": {
        "type": "Point",
        "coordinates": [
          27.631556,
          53.906137
        ]
      },
      "properties": {
        "id": "14774",
        "name": "Запарожская плошча",
        "type": "bus"
      }
    },
    {
      "type": "Feature",
      "geometry": {
        "type": "Point",
        "coordinates": [
          27.629829,
          53.907407
        ]
      },
      "properties": {
        "id": "14740",
        "name": "Запарожская плошча",
        "type": "bus"
      }
    },
    {
      "type": "Feature",
      "geometry": {
        "type": "Point",
        "coordinates": [
          27.631609,
          53.908811
        ]
      },
      "properties": {
        "id": "15421",
        "name": "Авангардная",
        "type": "bus"
      }
    },
    {
      "type": "Feature",
      "geometry": {
        "type": "Point",
        "coordinates": [
          27.63626,
          53.918476
        ]
      },
      "properties": {
        "id": "15420",
        "name": "Парнікова-цяплічны камбінат",
        "type": "bus"
      }
    },
    {
      "type": "Feature",
      "geometry": {
        "type": "Point",
        "coordinates": [
          27.638391,
          53.924011
        ]
      },
      "properties": {
        "id": "15419",
        "name": "Паліклініка №24",
        "type": "bus"
      }
    },
    {
      "type": "Feature",
      "geometry": {
        "type": "Point",
        "coordinates": [
          27.639096,
          53.924593
        ]
      },
      "properties": {
        "id": "15429",
        "name": "Паліклініка №24",
        "type": "bus"
      }
    },
    {
      "type": "Feature",
      "geometry": {
        "type": "Point",
        "coordinates": [
          27.640723,
          53.928312
        ]
      },
      "properties": {
        "id": "14422",
        "name": "Філімонава",
        "type": "bus"
      }
    },
    {
      "type": "Feature",
      "geometry": {
        "type": "Point",
        "coordinates": [
          27.636748,
          53.934493
        ]
      },
      "properties": {
        "id": "133233",
        "name": "Севастопальскі парк",
        "type": "bus"
      }
    },
    {
      "type": "Feature",
      "geometry": {
        "type": "Point",
        "coordinates": [
          27.636564,
          53.936728
        ]
      },
      "properties": {
        "id": "14997",
        "name": "Севастопальскі парк",
        "type": "bus"
      }
    },
    {
      "type": "Feature",
      "geometry": {
        "type": "Point",
        "coordinates": [
          27.637798,
          53.935657
        ]
      },
      "properties": {
        "id": "14349",
        "name": "Севастопальскі парк",
        "type": "bus"
      }
    },
    {
      "type": "Feature",
      "geometry": {
        "type": "Point",
        "coordinates": [
          27.640562,
          53.936996
        ]
      },
      "properties": {
        "id": "14351",
        "name": "Усход-2",
        "type": "bus"
      }
    },
    {
      "type": "Feature",
      "geometry": {
        "type": "Point",
        "coordinates": [
          27.642358,
          53.937436
        ]
      },
      "properties": {
        "id": "14352",
        "name": "Усход-2",
        "type": "bus"
      }
    },
    {
      "type": "Feature",
      "geometry": {
        "type": "Point",
        "coordinates": [
          27.643085,
          53.940438
        ]
      },
      "properties": {
        "id": "14996",
        "name": "Каліноўскага",
        "type": "bus"
      }
    },
    {
      "type": "Feature",
      "geometry": {
        "type": "Point",
        "coordinates": [
          27.642666,
          53.94325
        ]
      },
      "properties": {
        "id": "14353",
        "name": "ДС Каліноўскага",
        "type": "bus"
      }
    },
    {
      "type": "Feature",
      "geometry": {
        "type": "Point",
        "coordinates": [
          27.641417,
          53.946368
        ]
      },
      "properties": {
        "id": "69222",
        "name": "Гасцініца Агат",
        "type": "bus"
      }
    },
    {
      "type": "Feature",
      "geometry": {
        "type": "Point",
        "coordinates": [
          27.631855,
          53.949918
        ]
      },
      "properties": {
        "id": "69223",
        "name": "Зялёны Луг-1",
        "type": "bus"
      }
    },
    {
      "type": "Feature",
      "geometry": {
        "type": "Point",
        "coordinates": [
          27.621702,
          53.953631
        ]
      },
      "properties": {
        "id": "14453",
        "name": "Сядых",
        "type": "bus"
      }
    },
    {
      "type": "Feature",
      "geometry": {
        "type": "Point",
        "coordinates": [
          27.618556,
          53.955032
        ]
      },
      "properties": {
        "id": "15946",
        "name": "Сядых",
        "type": "bus"
      }
    },
    {
      "type": "Feature",
      "geometry": {
        "type": "Point",
        "coordinates": [
          27.609943,
          53.955838
        ]
      },
      "properties": {
        "id": "69224",
        "name": "Школа №122",
        "type": "bus"
      }
    },
    {
      "type": "Feature",
      "geometry": {
        "type": "Point",
        "coordinates": [
          27.61309,
          53.95568
        ]
      },
      "properties": {
        "id": "14452",
        "name": "Школа №122",
        "type": "bus"
      }
    },
    {
      "type": "Feature",
      "geometry": {
        "type": "Point",
        "coordinates": [
          27.602701,
          53.955444
        ]
      },
      "properties": {
        "id": "14451",
        "name": "Зялёны Луг-3",
        "type": "bus"
      }
    },
    {
      "type": "Feature",
      "geometry": {
        "type": "Point",
        "coordinates": [
          27.465636,
          53.862612
        ]
      },
      "properties": {
        "id": "14936",
        "name": "Гасцініца «Звязда»",
        "type": "bus"
      }
    },
    {
      "type": "Feature",
      "geometry": {
        "type": "Point",
        "coordinates": [
          27.466929,
          53.863072
        ]
      },
      "properties": {
        "id": "14935",
        "name": "Гасцініца «Звязда»",
        "type": "bus"
      }
    },
    {
      "type": "Feature",
      "geometry": {
        "type": "Point",
        "coordinates": [
          27.468766,
          53.865239
        ]
      },
      "properties": {
        "id": "58338",
        "name": "Маскоўскі рынак",
        "type": "bus"
      }
    },
    {
      "type": "Feature",
      "geometry": {
        "type": "Point",
        "coordinates": [
          27.470377,
          53.865272
        ]
      },
      "properties": {
        "id": "15662",
        "name": "Маскоўскі рынак",
        "type": "bus"
      }
    },
    {
      "type": "Feature",
      "geometry": {
        "type": "Point",
        "coordinates": [
          27.477265,
          53.865509
        ]
      },
      "properties": {
        "id": "15663",
        "name": "Голубева",
        "type": "bus"
      }
    },
    {
      "type": "Feature",
      "geometry": {
        "type": "Point",
        "coordinates": [
          27.475355,
          53.865615
        ]
      },
      "properties": {
        "id": "15653",
        "name": "Голубева",
        "type": "bus"
      }
    },
    {
      "type": "Feature",
      "geometry": {
        "type": "Point",
        "coordinates": [
          27.49545,
          53.870158
        ]
      },
      "properties": {
        "id": "15693",
        "name": "Чыгуначная",
        "type": "bus"
      }
    },
    {
      "type": "Feature",
      "geometry": {
        "type": "Point",
        "coordinates": [
          27.49954,
          53.8728
        ]
      },
      "properties": {
        "id": "15685",
        "name": "Аўтастанцыя «Паўднёва-Заходняя»",
        "type": "bus"
      }
    },
    {
      "type": "Feature",
      "geometry": {
        "type": "Point",
        "coordinates": [
          27.498613,
          53.871664
        ]
      },
      "properties": {
        "id": "15694",
        "name": "Аўтастанцыя «Паўднёва-Заходняя»",
        "type": "bus"
      }
    },
    {
      "type": "Feature",
      "geometry": {
        "type": "Point",
        "coordinates": [
          27.506262,
          53.876106
        ]
      },
      "properties": {
        "id": "15696",
        "name": "Аўтасіла",
        "type": "bus"
      }
    },
    {
      "type": "Feature",
      "geometry": {
        "type": "Point",
        "coordinates": [
          27.508582,
          53.876758
        ]
      },
      "properties": {
        "id": "15683",
        "name": "Дубравінская",
        "type": "bus"
      }
    },
    {
      "type": "Feature",
      "geometry": {
        "type": "Point",
        "coordinates": [
          27.51421,
          53.877885
        ]
      },
      "properties": {
        "id": "14718",
        "name": "Мініна",
        "type": "bus"
      }
    },
    {
      "type": "Feature",
      "geometry": {
        "type": "Point",
        "coordinates": [
          27.520711,
          53.880148
        ]
      },
      "properties": {
        "id": "15699",
        "name": "Шчорса",
        "type": "bus"
      }
    },
    {
      "type": "Feature",
      "geometry": {
        "type": "Point",
        "coordinates": [
          27.520605,
          53.880266
        ]
      },
      "properties": {
        "id": "15675",
        "name": "Шчорса",
        "type": "bus"
      }
    },
    {
      "type": "Feature",
      "geometry": {
        "type": "Point",
        "coordinates": [
          27.527258,
          53.882682
        ]
      },
      "properties": {
        "id": "15700",
        "name": "Вагонарамонтны завод",
        "type": "trolleybus"
      }
    },
    {
      "type": "Feature",
      "geometry": {
        "type": "Point",
        "coordinates": [
          27.526772,
          53.882726
        ]
      },
      "properties": {
        "id": "15669",
        "name": "Вагонарамонтны завод",
        "type": "trolleybus"
      }
    },
    {
      "type": "Feature",
      "geometry": {
        "type": "Point",
        "coordinates": [
          27.540759,
          53.885742
        ]
      },
      "properties": {
        "id": "15702",
        "name": "Станцыя метро «Інстытут Культуры»",
        "type": "bus"
      }
    },
    {
      "type": "Feature",
      "geometry": {
        "type": "Point",
        "coordinates": [
          27.537273,
          53.886261
        ]
      },
      "properties": {
        "id": "15667",
        "name": "Станцыя метро «Інстытут Культуры»",
        "type": "trolleybus"
      }
    },
    {
      "type": "Feature",
      "geometry": {
        "type": "Point",
        "coordinates": [
          27.538645,
          53.88754
        ]
      },
      "properties": {
        "id": "15844",
        "name": "Акадэмія Кіравання",
        "type": "bus"
      }
    },
    {
      "type": "Feature",
      "geometry": {
        "type": "Point",
        "coordinates": [
          27.538432,
          53.887973
        ]
      },
      "properties": {
        "id": "15666",
        "name": "Акадэмія Кіравання",
        "type": "bus"
      }
    },
    {
      "type": "Feature",
      "geometry": {
        "type": "Point",
        "coordinates": [
          27.538491,
          53.888084
        ]
      },
      "properties": {
        "id": "15665",
        "name": "Акадэмія Кіравання",
        "type": "bus"
      }
    },
    {
      "type": "Feature",
      "geometry": {
        "type": "Point",
        "coordinates": [
          27.547759,
          53.888526
        ]
      },
      "properties": {
        "id": "320719209",
        "name": "ДС Дружная",
        "type": "bus"
      }
    },
    {
      "type": "Feature",
      "geometry": {
        "type": "Point",
        "coordinates": [
          27.555592,
          53.877575
        ]
      },
      "properties": {
        "id": "15881",
        "name": "Ляўкова",
        "type": "bus"
      }
    },
    {
      "type": "Feature",
      "geometry": {
        "type": "Point",
        "coordinates": [
          27.548779,
          53.877901
        ]
      },
      "properties": {
        "id": "15874",
        "name": "Станцыя метро «Кавальская Слабада»",
        "type": "bus"
      }
    },
    {
      "type": "Feature",
      "geometry": {
        "type": "Point",
        "coordinates": [
          27.550548,
          53.881211
        ]
      },
      "properties": {
        "id": "15884",
        "name": "Дзіцячая бібліятэка №4",
        "type": "bus"
      }
    },
    {
      "type": "Feature",
      "geometry": {
        "type": "Point",
        "coordinates": [
          27.550026,
          53.880235
        ]
      },
      "properties": {
        "id": "15887",
        "name": "Дзіцячая бібліятэка №4",
        "type": "bus"
      }
    },
    {
      "type": "Feature",
      "geometry": {
        "type": "Point",
        "coordinates": [
          27.5513,
          53.884652
        ]
      },
      "properties": {
        "id": "15885",
        "name": "Жукоўскага",
        "type": "bus"
      }
    },
    {
      "type": "Feature",
      "geometry": {
        "type": "Point",
        "coordinates": [
          27.55102,
          53.885023
        ]
      },
      "properties": {
        "id": "15886",
        "name": "Жукоўскага",
        "type": "bus"
      }
    },
    {
      "type": "Feature",
      "geometry": {
        "type": "Point",
        "coordinates": [
          27.545537,
          53.888053
        ]
      },
      "properties": {
        "id": "15918",
        "name": "Льва Талстога",
        "type": "trolleybus"
      }
    },
    {
      "type": "Feature",
      "geometry": {
        "type": "Point",
        "coordinates": [
          27.544666,
          53.889238
        ]
      },
      "properties": {
        "id": "15912",
        "name": "Льва Талстога",
        "type": "trolleybus"
      }
    },
    {
      "type": "Feature",
      "geometry": {
        "type": "Point",
        "coordinates": [
          27.540268,
          53.894051
        ]
      },
      "properties": {
        "id": "15892",
        "name": "Плошча Мяснікова",
        "type": "bus"
      }
    },
    {
      "type": "Feature",
      "geometry": {
        "type": "Point",
        "coordinates": [
          27.545061,
          53.899107
        ]
      },
      "properties": {
        "id": "15920",
        "name": "Сэндайскі сквер",
        "type": "bus"
      }
    },
    {
      "type": "Feature",
      "geometry": {
        "type": "Point",
        "coordinates": [
          27.559214,
          53.909022
        ]
      },
      "properties": {
        "id": "15779",
        "name": "Оперны тэатр",
        "type": "bus"
      }
    },
    {
      "type": "Feature",
      "geometry": {
        "type": "Point",
        "coordinates": [
          27.564991,
          53.910727
        ]
      },
      "properties": {
        "id": "15776",
        "name": "Камуністычная",
        "type": "bus"
      }
    },
    {
      "type": "Feature",
      "geometry": {
        "type": "Point",
        "coordinates": [
          27.565184,
          53.911078
        ]
      },
      "properties": {
        "id": "15777",
        "name": "Камуністычная",
        "type": "bus"
      }
    },
    {
      "type": "Feature",
      "geometry": {
        "type": "Point",
        "coordinates": [
          27.570823,
          53.915358
        ]
      },
      "properties": {
        "id": "15738",
        "name": "Куйбышава",
        "type": "bus"
      }
    },
    {
      "type": "Feature",
      "geometry": {
        "type": "Point",
        "coordinates": [
          27.570618,
          53.916417
        ]
      },
      "properties": {
        "id": "14471",
        "name": "Куйбышава",
        "type": "bus"
      }
    },
    {
      "type": "Feature",
      "geometry": {
        "type": "Point",
        "coordinates": [
          27.575888,
          53.919126
        ]
      },
      "properties": {
        "id": "15733",
        "name": "Камароўскі рынак",
        "type": "trolleybus"
      }
    },
    {
      "type": "Feature",
      "geometry": {
        "type": "Point",
        "coordinates": [
          27.57644,
          53.91907
        ]
      },
      "properties": {
        "id": "320719265",
        "name": "Камароўскі рынак",
        "type": "bus"
      }
    },
    {
      "type": "Feature",
      "geometry": {
        "type": "Point",
        "coordinates": [
          27.574398,
          53.919893
        ]
      },
      "properties": {
        "id": "15732",
        "name": "Камароўскі рынак",
        "type": "bus"
      }
    },
    {
      "type": "Feature",
      "geometry": {
        "type": "Point",
        "coordinates": [
          27.574566,
          53.918967
        ]
      },
      "properties": {
        "id": "15736",
        "name": "Камароўскі рынак",
        "type": "bus"
      }
    },
    {
      "type": "Feature",
      "geometry": {
        "type": "Point",
        "coordinates": [
          27.576504,
          53.920249
        ]
      },
      "properties": {
        "id": "14516",
        "name": "Камароўскі рынак",
        "type": "bus"
      }
    },
    {
      "type": "Feature",
      "geometry": {
        "type": "Point",
        "coordinates": [
          27.577741,
          53.921834
        ]
      },
      "properties": {
        "id": "15747",
        "name": "Кульман",
        "type": "bus"
      }
    },
    {
      "type": "Feature",
      "geometry": {
        "type": "Point",
        "coordinates": [
          27.57896,
          53.92238
        ]
      },
      "properties": {
        "id": "14517",
        "name": "Кульман",
        "type": "bus"
      }
    },
    {
      "type": "Feature",
      "geometry": {
        "type": "Point",
        "coordinates": [
          27.583012,
          53.925938
        ]
      },
      "properties": {
        "id": "14518",
        "name": "Студэнцкая паліклініка",
        "type": "bus"
      }
    },
    {
      "type": "Feature",
      "geometry": {
        "type": "Point",
        "coordinates": [
          27.582009,
          53.925504
        ]
      },
      "properties": {
        "id": "15748",
        "name": "Студэнцкая паліклініка",
        "type": "bus"
      }
    },
    {
      "type": "Feature",
      "geometry": {
        "type": "Point",
        "coordinates": [
          27.58512,
          53.929076
        ]
      },
      "properties": {
        "id": "14758",
        "name": "Універсам «Рыга»",
        "type": "bus"
      }
    },
    {
      "type": "Feature",
      "geometry": {
        "type": "Point",
        "coordinates": [
          27.586701,
          53.928204
        ]
      },
      "properties": {
        "id": "14765",
        "name": "Універсам «Рыга»",
        "type": "bus"
      }
    },
    {
      "type": "Feature",
      "geometry": {
        "type": "Point",
        "coordinates": [
          27.590983,
          53.932472
        ]
      },
      "properties": {
        "id": "14520",
        "name": "Леаніда Бяды",
        "type": "bus"
      }
    },
    {
      "type": "Feature",
      "geometry": {
        "type": "Point",
        "coordinates": [
          27.588986,
          53.93339
        ]
      },
      "properties": {
        "id": "58357",
        "name": "Леаніда Бяды",
        "type": "bus"
      }
    },
    {
      "type": "Feature",
      "geometry": {
        "type": "Point",
        "coordinates": [
          27.589403,
          53.932535
        ]
      },
      "properties": {
        "id": "15018",
        "name": "Леаніда Бяды",
        "type": "bus"
      }
    },
    {
      "type": "Feature",
      "geometry": {
        "type": "Point",
        "coordinates": [
          27.5936,
          53.9461
        ]
      },
      "properties": {
        "id": "320719285",
        "name": "Лукʼяновіча",
        "type": "bus"
      }
    },
    {
      "type": "Feature",
      "geometry": {
        "type": "Point",
        "coordinates": [
          27.600308,
          53.944294
        ]
      },
      "properties": {
        "id": "14790",
        "name": "Усходні завулак",
        "type": "bus"
      }
    },
    {
      "type": "Feature",
      "geometry": {
        "type": "Point",
        "coordinates": [
          27.604199,
          53.946201
        ]
      },
      "properties": {
        "id": "15976",
        "name": "Алешава",
        "type": "bus"
      }
    },
    {
      "type": "Feature",
      "geometry": {
        "type": "Point",
        "coordinates": [
          27.603557,
          53.945711
        ]
      },
      "properties": {
        "id": "15975",
        "name": "Алешава",
        "type": "bus"
      }
    },
    {
      "type": "Feature",
      "geometry": {
        "type": "Point",
        "coordinates": [
          27.606351,
          53.951871
        ]
      },
      "properties": {
        "id": "15978",
        "name": "Гандлёвы каледж",
        "type": "bus"
      }
    },
    {
      "type": "Feature",
      "geometry": {
        "type": "Point",
        "coordinates": [
          27.617351,
          53.961435
        ]
      },
      "properties": {
        "id": "15787",
        "name": "ДС Зялёны Луг-6",
        "type": "bus"
      }
    },
    {
      "type": "Feature",
      "geometry": {
        "type": "Point",
        "coordinates": [
          27.618111,
          53.961685
        ]
      },
      "properties": {
        "id": "15786",
        "name": "Зялёны Луг-6",
        "type": "bus"
      }
    },
    {
      "type": "Feature",
      "geometry": {
        "type": "Point",
        "coordinates": [
          27.613998,
          53.959969
        ]
      },
      "properties": {
        "id": "15785",
        "name": "Мірашнічэнкі",
        "type": "trolleybus"
      }
    },
    {
      "type": "Feature",
      "geometry": {
        "type": "Point",
        "coordinates": [
          27.612322,
          53.960215
        ]
      },
      "properties": {
        "id": "15784",
        "name": "Мірашнічэнкі",
        "type": "bus"
      }
    },
    {
      "type": "Feature",
      "geometry": {
        "type": "Point",
        "coordinates": [
          27.606378,
          53.957943
        ]
      },
      "properties": {
        "id": "15783",
        "name": "Цнянскае вадасховішча",
        "type": "bus"
      }
    },
    {
      "type": "Feature",
      "geometry": {
        "type": "Point",
        "coordinates": [
          27.60712,
          53.958647
        ]
      },
      "properties": {
        "id": "15782",
        "name": "Цнянскае вадасховішча",
        "type": "bus"
      }
    },
    {
      "type": "Feature",
      "geometry": {
        "type": "Point",
        "coordinates": [
          27.601021,
          53.954858
        ]
      },
      "properties": {
        "id": "54541",
        "name": "Зялёны Луг-3",
        "type": "trolleybus"
      }
    },
    {
      "type": "Feature",
      "geometry": {
        "type": "Point",
        "coordinates": [
          27.602206,
          53.955905
        ]
      },
      "properties": {
        "id": "15781",
        "name": "Зялёны Луг-3",
        "type": "bus"
      }
    },
    {
      "type": "Feature",
      "geometry": {
        "type": "Point",
        "coordinates": [
          27.600849,
          53.952754
        ]
      },
      "properties": {
        "id": "14461",
        "name": "Кальцова",
        "type": "bus"
      }
    },
    {
      "type": "Feature",
      "geometry": {
        "type": "Point",
        "coordinates": [
          27.601192,
          53.952546
        ]
      },
      "properties": {
        "id": "14450",
        "name": "Кальцова",
        "type": "bus"
      }
    },
    {
      "type": "Feature",
      "geometry": {
        "type": "Point",
        "coordinates": [
          27.59679,
          53.950313
        ]
      },
      "properties": {
        "id": "14462",
        "name": "Нікіціна",
        "type": "bus"
      }
    },
    {
      "type": "Feature",
      "geometry": {
        "type": "Point",
        "coordinates": [
          27.596951,
          53.950859
        ]
      },
      "properties": {
        "id": "14449",
        "name": "Нікіціна",
        "type": "bus"
      }
    },
    {
      "type": "Feature",
      "geometry": {
        "type": "Point",
        "coordinates": [
          27.592358,
          53.945887
        ]
      },
      "properties": {
        "id": "14463",
        "name": "Лукʼяновіча",
        "type": "bus"
      }
    },
    {
      "type": "Feature",
      "geometry": {
        "type": "Point",
        "coordinates": [
          27.593681,
          53.94655
        ]
      },
      "properties": {
        "id": "14448",
        "name": "Лукʼяновіча",
        "type": "bus"
      }
    },
    {
      "type": "Feature",
      "geometry": {
        "type": "Point",
        "coordinates": [
          27.588583,
          53.943044
        ]
      },
      "properties": {
        "id": "14464",
        "name": "Базісная",
        "type": "bus"
      }
    },
    {
      "type": "Feature",
      "geometry": {
        "type": "Point",
        "coordinates": [
          27.589441,
          53.943464
        ]
      },
      "properties": {
        "id": "14447",
        "name": "Базісная",
        "type": "bus"
      }
    },
    {
      "type": "Feature",
      "geometry": {
        "type": "Point",
        "coordinates": [
          27.586343,
          53.941109
        ]
      },
      "properties": {
        "id": "14446",
        "name": "Ізмайлаўская",
        "type": "bus"
      }
    },
    {
      "type": "Feature",
      "geometry": {
        "type": "Point",
        "coordinates": [
          27.585511,
          53.940783
        ]
      },
      "properties": {
        "id": "14465",
        "name": "Ізмайлаўская",
        "type": "bus"
      }
    },
    {
      "type": "Feature",
      "geometry": {
        "type": "Point",
        "coordinates": [
          27.582144,
          53.935471
        ]
      },
      "properties": {
        "id": "68965",
        "name": "Някрасава",
        "type": "bus"
      }
    },
    {
      "type": "Feature",
      "geometry": {
        "type": "Point",
        "coordinates": [
          27.58098,
          53.935445
        ]
      },
      "properties": {
        "id": "14466",
        "name": "Някрасава",
        "type": "bus"
      }
    },
    {
      "type": "Feature",
      "geometry": {
        "type": "Point",
        "coordinates": [
          27.58224,
          53.936153
        ]
      },
      "properties": {
        "id": "14445",
        "name": "Някрасава",
        "type": "bus"
      }
    },
    {
      "type": "Feature",
      "geometry": {
        "type": "Point",
        "coordinates": [
          27.578815,
          53.930958
        ]
      },
      "properties": {
        "id": "14759",
        "name": "Плошча Бангалор",
        "type": "bus"
      }
    },
    {
      "type": "Feature",
      "geometry": {
        "type": "Point",
        "coordinates": [
          27.578469,
          53.930722
        ]
      },
      "properties": {
        "id": "14764",
        "name": "Плошча Бангалор",
        "type": "bus"
      }
    },
    {
      "type": "Feature",
      "geometry": {
        "type": "Point",
        "coordinates": [
          27.575021,
          53.931978
        ]
      },
      "properties": {
        "id": "14692",
        "name": "Плошча Бангалор",
        "type": "bus"
      }
    },
    {
      "type": "Feature",
      "geometry": {
        "type": "Point",
        "coordinates": [
          27.5745,
          53.929844
        ]
      },
      "properties": {
        "id": "14467",
        "name": "Плошча Бангалор",
        "type": "trolleybus"
      }
    },
    {
      "type": "Feature",
      "geometry": {
        "type": "Point",
        "coordinates": [
          27.574411,
          53.929013
        ]
      },
      "properties": {
        "id": "14443",
        "name": "Плошча Бангалор",
        "type": "trolleybus"
      }
    },
    {
      "type": "Feature",
      "geometry": {
        "type": "Point",
        "coordinates": [
          27.578101,
          53.932469
        ]
      },
      "properties": {
        "id": "14444",
        "name": "Сурганава",
        "type": "trolleybus"
      }
    },
    {
      "type": "Feature",
      "geometry": {
        "type": "Point",
        "coordinates": [
          27.572166,
          53.926781
        ]
      },
      "properties": {
        "id": "14442",
        "name": "Парк Дружбы народаў",
        "type": "trolleybus"
      }
    },
    {
      "type": "Feature",
      "geometry": {
        "type": "Point",
        "coordinates": [
          27.569498,
          53.923113
        ]
      },
      "properties": {
        "id": "14441",
        "name": "Веры Харужай",
        "type": "bus"
      }
    },
    {
      "type": "Feature",
      "geometry": {
        "type": "Point",
        "coordinates": [
          27.568695,
          53.92094
        ]
      },
      "properties": {
        "id": "15731",
        "name": "Максіма Багдановіча",
        "type": "bus"
      }
    },
    {
      "type": "Feature",
      "geometry": {
        "type": "Point",
        "coordinates": [
          27.566132,
          53.91978
        ]
      },
      "properties": {
        "id": "14468",
        "name": "Веры Харужай",
        "type": "bus"
      }
    },
    {
      "type": "Feature",
      "geometry": {
        "type": "Point",
        "coordinates": [
          27.563304,
          53.916323
        ]
      },
      "properties": {
        "id": "14469",
        "name": "Праспект Машэрава",
        "type": "bus"
      }
    },
    {
      "type": "Feature",
      "geometry": {
        "type": "Point",
        "coordinates": [
          27.56469,
          53.917364
        ]
      },
      "properties": {
        "id": "15219",
        "name": "Праспект Машэрава",
        "type": "bus"
      }
    },
    {
      "type": "Feature",
      "geometry": {
        "type": "Point",
        "coordinates": [
          27.55972,
          53.911759
        ]
      },
      "properties": {
        "id": "15565",
        "name": "Оперны тэатр",
        "type": "bus"
      }
    },
    {
      "type": "Feature",
      "geometry": {
        "type": "Point",
        "coordinates": [
          27.558459,
          53.909714
        ]
      },
      "properties": {
        "id": "15601",
        "name": "Оперны тэатр",
        "type": "bus"
      }
    },
    {
      "type": "Feature",
      "geometry": {
        "type": "Point",
        "coordinates": [
          27.554976,
          53.905855
        ]
      },
      "properties": {
        "id": "15600",
        "name": "Станцыя метро Няміга",
        "type": "bus"
      }
    },
    {
      "type": "Feature",
      "geometry": {
        "type": "Point",
        "coordinates": [
          27.551962,
          53.904526
        ]
      },
      "properties": {
        "id": "15566",
        "name": "Станцыя метро Няміга",
        "type": "bus"
      }
    },
    {
      "type": "Feature",
      "geometry": {
        "type": "Point",
        "coordinates": [
          27.547728,
          53.90144
        ]
      },
      "properties": {
        "id": "15122",
        "name": "Раманаўская Слабада",
        "type": "bus"
      }
    },
    {
      "type": "Feature",
      "geometry": {
        "type": "Point",
        "coordinates": [
          27.544487,
          53.899197
        ]
      },
      "properties": {
        "id": "15598",
        "name": "Мяснікова",
        "type": "bus"
      }
    },
    {
      "type": "Feature",
      "geometry": {
        "type": "Point",
        "coordinates": [
          27.538712,
          53.895219
        ]
      },
      "properties": {
        "id": "15893",
        "name": "Музычны тэатр",
        "type": "bus"
      }
    },
    {
      "type": "Feature",
      "geometry": {
        "type": "Point",
        "coordinates": [
          27.53707,
          53.897878
        ]
      },
      "properties": {
        "id": "14525",
        "name": "Музычны тэатр",
        "type": "bus"
      }
    },
    {
      "type": "Feature",
      "geometry": {
        "type": "Point",
        "coordinates": [
          27.540319,
          53.897315
        ]
      },
      "properties": {
        "id": "15597",
        "name": "Музычны тэатр",
        "type": "bus"
      }
    },
    {
      "type": "Feature",
      "geometry": {
        "type": "Point",
        "coordinates": [
          27.52885,
          53.892894
        ]
      },
      "properties": {
        "id": "15211",
        "name": "2-і завулак Розы Люксембург",
        "type": "bus"
      }
    },
    {
      "type": "Feature",
      "geometry": {
        "type": "Point",
        "coordinates": [
          27.528199,
          53.893071
        ]
      },
      "properties": {
        "id": "15210",
        "name": "2-і завулак Розы Люксембург",
        "type": "bus"
      }
    },
    {
      "type": "Feature",
      "geometry": {
        "type": "Point",
        "coordinates": [
          27.525894,
          53.891369
        ]
      },
      "properties": {
        "id": "15209",
        "name": "Станцыя дыягностыкі",
        "type": "bus"
      }
    },
    {
      "type": "Feature",
      "geometry": {
        "type": "Point",
        "coordinates": [
          27.522443,
          53.88948
        ]
      },
      "properties": {
        "id": "15207",
        "name": "Хмялеўскага",
        "type": "bus"
      }
    },
    {
      "type": "Feature",
      "geometry": {
        "type": "Point",
        "coordinates": [
          27.513437,
          53.886422
        ]
      },
      "properties": {
        "id": "15204",
        "name": "Станцыя метро «Грушаўка»",
        "type": "bus"
      }
    },
    {
      "type": "Feature",
      "geometry": {
        "type": "Point",
        "coordinates": [
          27.483484,
          53.865825
        ]
      },
      "properties": {
        "id": "15635",
        "name": "ГЦ «Кірмаш»",
        "type": "bus"
      }
    },
    {
      "type": "Feature",
      "geometry": {
        "type": "Point",
        "coordinates": [
          27.481703,
          53.86468
        ]
      },
      "properties": {
        "id": "15570",
        "name": "ГЦ «Кірмаш»",
        "type": "bus"
      }
    },
    {
      "type": "Feature",
      "geometry": {
        "type": "Point",
        "coordinates": [
          27.48497,
          53.868068
        ]
      },
      "properties": {
        "id": "15651",
        "name": "Міжнародны адукацыйны цэнтр",
        "type": "bus"
      }
    },
    {
      "type": "Feature",
      "geometry": {
        "type": "Point",
        "coordinates": [
          27.486294,
          53.870449
        ]
      },
      "properties": {
        "id": "15636",
        "name": "Міжнародны адукацыйны цэнтр",
        "type": "bus"
      }
    },
    {
      "type": "Feature",
      "geometry": {
        "type": "Point",
        "coordinates": [
          27.480902,
          53.871952
        ]
      },
      "properties": {
        "id": "15637",
        "name": "Алібегава",
        "type": "bus"
      }
    },
    {
      "type": "Feature",
      "geometry": {
        "type": "Point",
        "coordinates": [
          27.482349,
          53.871628
        ]
      },
      "properties": {
        "id": "15650",
        "name": "Алібегава",
        "type": "bus"
      }
    },
    {
      "type": "Feature",
      "geometry": {
        "type": "Point",
        "coordinates": [
          27.474927,
          53.871152
        ]
      },
      "properties": {
        "id": "15656",
        "name": "Праспект Газеты Звязда",
        "type": "trolleybus"
      }
    },
    {
      "type": "Feature",
      "geometry": {
        "type": "Point",
        "coordinates": [
          27.477114,
          53.871555
        ]
      },
      "properties": {
        "id": "15649",
        "name": "Праспект Газеты Звязда",
        "type": "bus"
      }
    },
    {
      "type": "Feature",
      "geometry": {
        "type": "Point",
        "coordinates": [
          27.47468,
          53.871999
        ]
      },
      "properties": {
        "id": "15638",
        "name": "Праспект Газеты Звязда",
        "type": "bus"
      }
    },
    {
      "type": "Feature",
      "geometry": {
        "type": "Point",
        "coordinates": [
          27.470742,
          53.872209
        ]
      },
      "properties": {
        "id": "15648",
        "name": "Паўднёвы Захад-4",
        "type": "bus"
      }
    },
    {
      "type": "Feature",
      "geometry": {
        "type": "Point",
        "coordinates": [
          27.46927,
          53.872866
        ]
      },
      "properties": {
        "id": "15639",
        "name": "Паўднёвы Захад-4",
        "type": "bus"
      }
    },
    {
      "type": "Feature",
      "geometry": {
        "type": "Point",
        "coordinates": [
          27.460702,
          53.869435
        ]
      },
      "properties": {
        "id": "15660",
        "name": "ДС Паўднёвы Захад",
        "type": "bus"
      }
    },
    {
      "type": "Feature",
      "geometry": {
        "type": "Point",
        "coordinates": [
          27.457325,
          53.867512
        ]
      },
      "properties": {
        "id": "15644",
        "name": "Яблыневы сад",
        "type": "bus"
      }
    },
    {
      "type": "Feature",
      "geometry": {
        "type": "Point",
        "coordinates": [
          27.454052,
          53.864327
        ]
      },
      "properties": {
        "id": "15590",
        "name": "Праспект Любімава",
        "type": "bus"
      }
    },
    {
      "type": "Feature",
      "geometry": {
        "type": "Point",
        "coordinates": [
          27.444201,
          53.862487
        ]
      },
      "properties": {
        "id": "15585",
        "name": "Паліклініка №25",
        "type": "bus"
      }
    },
    {
      "type": "Feature",
      "geometry": {
        "type": "Point",
        "coordinates": [
          27.606976,
          53.862745
        ]
      },
      "properties": {
        "id": "15355",
        "name": "Праспект Ракасоўскага",
        "type": "tram"
      }
    },
    {
      "type": "Feature",
      "geometry": {
        "type": "Point",
        "coordinates": [
          27.556931,
          53.892437
        ]
      },
      "properties": {
        "id": "15272",
        "name": "Свярдлова",
        "type": "tram"
      }
    },
    {
      "type": "Feature",
      "geometry": {
        "type": "Point",
        "coordinates": [
          27.416725,
          53.885566
        ]
      },
      "properties": {
        "id": "15142",
        "name": "Мікрараён Сухарава-6",
        "type": "bus"
      }
    },
    {
      "type": "Feature",
      "geometry": {
        "type": "Point",
        "coordinates": [
          27.447268,
          53.885154
        ]
      },
      "properties": {
        "id": "14874",
        "name": "Максіма Гарэцкага",
        "type": "trolleybus"
      }
    },
    {
      "type": "Feature",
      "geometry": {
        "type": "Point",
        "coordinates": [
          27.44145,
          53.889674
        ]
      },
      "properties": {
        "id": "14875",
        "name": "Чайлыткі",
        "type": "trolleybus"
      }
    },
    {
      "type": "Feature",
      "geometry": {
        "type": "Point",
        "coordinates": [
          27.449262,
          53.885325
        ]
      },
      "properties": {
        "id": "15159",
        "name": "Максіма Гарэцкага",
        "type": "bus"
      }
    },
    {
      "type": "Feature",
      "geometry": {
        "type": "Point",
        "coordinates": [
          27.434824,
          53.895104
        ]
      },
      "properties": {
        "id": "14871",
        "name": "Мазурава",
        "type": "trolleybus"
      }
    },
    {
      "type": "Feature",
      "geometry": {
        "type": "Point",
        "coordinates": [
          27.435519,
          53.901421
        ]
      },
      "properties": {
        "id": "14878",
        "name": "Захад-3",
        "type": "trolleybus"
      }
    },
    {
      "type": "Feature",
      "geometry": {
        "type": "Point",
        "coordinates": [
          27.43602,
          53.911429
        ]
      },
      "properties": {
        "id": "14607",
        "name": "Паліклініка №26",
        "type": "trolleybus"
      }
    },
    {
      "type": "Feature",
      "geometry": {
        "type": "Point",
        "coordinates": [
          27.437338,
          53.916739
        ]
      },
      "properties": {
        "id": "14602",
        "name": "Калеснікава",
        "type": "trolleybus"
      }
    },
    {
      "type": "Feature",
      "geometry": {
        "type": "Point",
        "coordinates": [
          27.436501,
          53.915433
        ]
      },
      "properties": {
        "id": "14606",
        "name": "ДС Кунцаўшчына",
        "type": "trolleybus"
      }
    },
    {
      "type": "Feature",
      "geometry": {
        "type": "Point",
        "coordinates": [
          27.432274,
          53.895283
        ]
      },
      "properties": {
        "id": "14892",
        "name": "Мазурава",
        "type": "bus"
      }
    },
    {
      "type": "Feature",
      "geometry": {
        "type": "Point",
        "coordinates": [
          27.428085,
          53.891384
        ]
      },
      "properties": {
        "id": "15171",
        "name": "Івана Шамякіна",
        "type": "bus"
      }
    },
    {
      "type": "Feature",
      "geometry": {
        "type": "Point",
        "coordinates": [
          27.605378,
          53.863536
        ]
      },
      "properties": {
        "id": "15757",
        "name": "Пляханава",
        "type": "bus"
      }
    },
    {
      "type": "Feature",
      "geometry": {
        "type": "Point",
        "coordinates": [
          27.604604,
          53.862441
        ]
      },
      "properties": {
        "id": "15800",
        "name": "Універсам «Серабранка»",
        "type": "bus"
      }
    },
    {
      "type": "Feature",
      "geometry": {
        "type": "Point",
        "coordinates": [
          27.572391,
          53.860392
        ]
      },
      "properties": {
        "id": "15547",
        "name": "Камвольны камбінат",
        "type": "trolleybus"
      }
    },
    {
      "type": "Feature",
      "geometry": {
        "type": "Point",
        "coordinates": [
          27.57157,
          53.864545
        ]
      },
      "properties": {
        "id": "15548",
        "name": "Сонечная",
        "type": "trolleybus"
      }
    },
    {
      "type": "Feature",
      "geometry": {
        "type": "Point",
        "coordinates": [
          27.571065,
          53.863327
        ]
      },
      "properties": {
        "id": "15449",
        "name": "Сонечная",
        "type": "bus"
      }
    },
    {
      "type": "Feature",
      "geometry": {
        "type": "Point",
        "coordinates": [
          27.570374,
          53.86674
        ]
      },
      "properties": {
        "id": "15448",
        "name": "Вялікаморская",
        "type": "bus"
      }
    },
    {
      "type": "Feature",
      "geometry": {
        "type": "Point",
        "coordinates": [
          27.570577,
          53.869394
        ]
      },
      "properties": {
        "id": "15549",
        "name": "Сямёнава",
        "type": "bus"
      }
    },
    {
      "type": "Feature",
      "geometry": {
        "type": "Point",
        "coordinates": [
          27.569789,
          53.868908
        ]
      },
      "properties": {
        "id": "15447",
        "name": "Сямёнава",
        "type": "bus"
      }
    },
    {
      "type": "Feature",
      "geometry": {
        "type": "Point",
        "coordinates": [
          27.569059,
          53.875362
        ]
      },
      "properties": {
        "id": "15550",
        "name": "Дзянісаўская",
        "type": "trolleybus"
      }
    },
    {
      "type": "Feature",
      "geometry": {
        "type": "Point",
        "coordinates": [
          27.568171,
          53.876002
        ]
      },
      "properties": {
        "id": "15446",
        "name": "Дзянісаўская",
        "type": "trolleybus"
      }
    },
    {
      "type": "Feature",
      "geometry": {
        "type": "Point",
        "coordinates": [
          27.568668,
          53.878702
        ]
      },
      "properties": {
        "id": "15551",
        "name": "Лясны",
        "type": "trolleybus"
      }
    },
    {
      "type": "Feature",
      "geometry": {
        "type": "Point",
        "coordinates": [
          27.567961,
          53.878467
        ]
      },
      "properties": {
        "id": "15445",
        "name": "Лясны",
        "type": "trolleybus"
      }
    },
    {
      "type": "Feature",
      "geometry": {
        "type": "Point",
        "coordinates": [
          27.600468,
          53.869403
        ]
      },
      "properties": {
        "id": "15756",
        "name": "Шэпічы",
        "type": "bus"
      }
    },
    {
      "type": "Feature",
      "geometry": {
        "type": "Point",
        "coordinates": [
          27.60088,
          53.868311
        ]
      },
      "properties": {
        "id": "14472",
        "name": "Шэпічы",
        "type": "bus"
      }
    },
    {
      "type": "Feature",
      "geometry": {
        "type": "Point",
        "coordinates": [
          27.567384,
          53.88448
        ]
      },
      "properties": {
        "id": "15444",
        "name": "Аранская",
        "type": "trolleybus"
      }
    },
    {
      "type": "Feature",
      "geometry": {
        "type": "Point",
        "coordinates": [
          27.567712,
          53.885161
        ]
      },
      "properties": {
        "id": "15552",
        "name": "Аранская",
        "type": "trolleybus"
      }
    },
    {
      "type": "Feature",
      "geometry": {
        "type": "Point",
        "coordinates": [
          27.572214,
          53.85634
        ]
      },
      "properties": {
        "id": "15451",
        "name": "Чэрвеньскі рынак",
        "type": "trolleybus"
      }
    },
    {
      "type": "Feature",
      "geometry": {
        "type": "Point",
        "coordinates": [
          27.572673,
          53.855702
        ]
      },
      "properties": {
        "id": "15546",
        "name": "Чэрвеньскі рынак",
        "type": "trolleybus"
      }
    },
    {
      "type": "Feature",
      "geometry": {
        "type": "Point",
        "coordinates": [
          27.571974,
          53.859232
        ]
      },
      "properties": {
        "id": "15450",
        "name": "Камвольны камбінат",
        "type": "trolleybus"
      }
    },
    {
      "type": "Feature",
      "geometry": {
        "type": "Point",
        "coordinates": [
          27.615686,
          53.956581
        ]
      },
      "properties": {
        "id": "58332",
        "name": "Гамарніка",
        "type": "bus"
      }
    },
    {
      "type": "Feature",
      "geometry": {
        "type": "Point",
        "coordinates": [
          27.623519,
          53.955194
        ]
      },
      "properties": {
        "id": "14438",
        "name": "ДС Карбышава",
        "type": "bus"
      }
    },
    {
      "type": "Feature",
      "geometry": {
        "type": "Point",
        "coordinates": [
          27.630326,
          53.953425
        ]
      },
      "properties": {
        "id": "14358",
        "name": "Зялёны Луг-5",
        "type": "bus"
      }
    },
    {
      "type": "Feature",
      "geometry": {
        "type": "Point",
        "coordinates": [
          27.638387,
          53.950232
        ]
      },
      "properties": {
        "id": "14362",
        "name": "Спартшкола",
        "type": "bus"
      }
    },
    {
      "type": "Feature",
      "geometry": {
        "type": "Point",
        "coordinates": [
          27.649668,
          53.941881
        ]
      },
      "properties": {
        "id": "14487",
        "name": "Алімпійскі спарткомплекс",
        "type": "bus"
      }
    },
    {
      "type": "Feature",
      "geometry": {
        "type": "Point",
        "coordinates": [
          27.653988,
          53.938605
        ]
      },
      "properties": {
        "id": "14431",
        "name": "Гандлёвы цэнтр",
        "type": "bus"
      }
    },
    {
      "type": "Feature",
      "geometry": {
        "type": "Point",
        "coordinates": [
          27.650766,
          53.934447
        ]
      },
      "properties": {
        "id": "14488",
        "name": "Станцыя метро «Усход»",
        "type": "bus"
      }
    },
    {
      "type": "Feature",
      "geometry": {
        "type": "Point",
        "coordinates": [
          27.650849,
          53.934181
        ]
      },
      "properties": {
        "id": "112352",
        "name": "Станцыя метро Усход",
        "type": "bus"
      }
    },
    {
      "type": "Feature",
      "geometry": {
        "type": "Point",
        "coordinates": [
          27.644216,
          53.932655
        ]
      },
      "properties": {
        "id": "14677",
        "name": "Нацыянальная бібліятэка",
        "type": "bus"
      }
    },
    {
      "type": "Feature",
      "geometry": {
        "type": "Point",
        "coordinates": [
          27.653986,
          53.940168
        ]
      },
      "properties": {
        "id": "14514",
        "name": "Гандлёвы цэнтр",
        "type": "bus"
      }
    },
    {
      "type": "Feature",
      "geometry": {
        "type": "Point",
        "coordinates": [
          27.654978,
          53.937018
        ]
      },
      "properties": {
        "id": "14513",
        "name": "Кірылы Тураўскага",
        "type": "bus"
      }
    },
    {
      "type": "Feature",
      "geometry": {
        "type": "Point",
        "coordinates": [
          27.641478,
          53.94787
        ]
      },
      "properties": {
        "id": "14357",
        "name": "Гасцініца Агат",
        "type": "bus"
      }
    },
    {
      "type": "Feature",
      "geometry": {
        "type": "Point",
        "coordinates": [
          27.637237,
          53.950774
        ]
      },
      "properties": {
        "id": "14363",
        "name": "Спартшкола",
        "type": "bus"
      }
    },
    {
      "type": "Feature",
      "geometry": {
        "type": "Point",
        "coordinates": [
          27.63269,
          53.952721
        ]
      },
      "properties": {
        "id": "14361",
        "name": "Полацкі парк",
        "type": "bus"
      }
    },
    {
      "type": "Feature",
      "geometry": {
        "type": "Point",
        "coordinates": [
          27.629515,
          53.954043
        ]
      },
      "properties": {
        "id": "14359",
        "name": "Зялёны Луг-5",
        "type": "bus"
      }
    },
    {
      "type": "Feature",
      "geometry": {
        "type": "Point",
        "coordinates": [
          27.620073,
          53.956392
        ]
      },
      "properties": {
        "id": "14458",
        "name": "Лагойскі тракт",
        "type": "bus"
      }
    },
    {
      "type": "Feature",
      "geometry": {
        "type": "Point",
        "coordinates": [
          27.623133,
          53.955493
        ]
      },
      "properties": {
        "id": "14440",
        "name": "ДС Карбышава",
        "type": "bus"
      }
    },
    {
      "type": "Feature",
      "geometry": {
        "type": "Point",
        "coordinates": [
          27.454764,
          53.891004
        ]
      },
      "properties": {
        "id": "14886",
        "name": "Лесапарк «Мядзвежына»",
        "type": "bus"
      }
    },
    {
      "type": "Feature",
      "geometry": {
        "type": "Point",
        "coordinates": [
          27.454771,
          53.8901
        ]
      },
      "properties": {
        "id": "15135",
        "name": "Лесапарк «Мядзвежына»",
        "type": "bus"
      }
    },
    {
      "type": "Feature",
      "geometry": {
        "type": "Point",
        "coordinates": [
          27.456578,
          53.890881
        ]
      },
      "properties": {
        "id": "15161",
        "name": "Лесапарк «Мядзвежына»",
        "type": "bus"
      }
    },
    {
      "type": "Feature",
      "geometry": {
        "type": "Point",
        "coordinates": [
          27.451937,
          53.88707
        ]
      },
      "properties": {
        "id": "15160",
        "name": "НВА «Цэнтр»",
        "type": "bus"
      }
    },
    {
      "type": "Feature",
      "geometry": {
        "type": "Point",
        "coordinates": [
          27.450756,
          53.886442
        ]
      },
      "properties": {
        "id": "15136",
        "name": "НВА «Цэнтр»",
        "type": "bus"
      }
    },
    {
      "type": "Feature",
      "geometry": {
        "type": "Point",
        "coordinates": [
          27.481418,
          53.894911
        ]
      },
      "properties": {
        "id": "15589",
        "name": "Сілікатны завулак",
        "type": "bus"
      }
    },
    {
      "type": "Feature",
      "geometry": {
        "type": "Point",
        "coordinates": [
          27.480285,
          53.893994
        ]
      },
      "properties": {
        "id": "15132",
        "name": "Бельскага",
        "type": "bus"
      }
    },
    {
      "type": "Feature",
      "geometry": {
        "type": "Point",
        "coordinates": [
          27.481718,
          53.898278
        ]
      },
      "properties": {
        "id": "15588",
        "name": "Раддом",
        "type": "trolleybus"
      }
    },
    {
      "type": "Feature",
      "geometry": {
        "type": "Point",
        "coordinates": [
          27.481198,
          53.897528
        ]
      },
      "properties": {
        "id": "15587",
        "name": "Раддом",
        "type": "trolleybus"
      }
    },
    {
      "type": "Feature",
      "geometry": {
        "type": "Point",
        "coordinates": [
          27.481938,
          53.908357
        ]
      },
      "properties": {
        "id": "14682",
        "name": "Станцыя метро «Спартыўная»",
        "type": "bus"
      }
    },
    {
      "type": "Feature",
      "geometry": {
        "type": "Point",
        "coordinates": [
          27.552909,
          53.898577
        ]
      },
      "properties": {
        "id": "73579",
        "name": "Праспект Незалежнасці",
        "type": "bus"
      }
    },
    {
      "type": "Feature",
      "geometry": {
        "type": "Point",
        "coordinates": [
          27.541373,
          53.886309
        ]
      },
      "properties": {
        "id": "54508",
        "name": "Станцыя метро «Інстытут Культуры»",
        "type": "bus"
      }
    },
    {
      "type": "Feature",
      "geometry": {
        "type": "Point",
        "coordinates": [
          27.548122,
          53.894886
        ]
      },
      "properties": {
        "id": "15870",
        "name": "Плошча Незалежнасці",
        "type": "trolleybus"
      }
    },
    {
      "type": "Feature",
      "geometry": {
        "type": "Point",
        "coordinates": [
          27.480798,
          53.90786
        ]
      },
      "properties": {
        "id": "14852",
        "name": "Станцыя метро «Спартыўная»",
        "type": "bus"
      }
    },
    {
      "type": "Feature",
      "geometry": {
        "type": "Point",
        "coordinates": [
          27.454201,
          53.904681
        ]
      },
      "properties": {
        "id": "14864",
        "name": "Рынак «Заходні»",
        "type": "bus"
      }
    },
    {
      "type": "Feature",
      "geometry": {
        "type": "Point",
        "coordinates": [
          27.503169,
          53.924362
        ]
      },
      "properties": {
        "id": "14699",
        "name": "Чыгладзэ",
        "type": "bus"
      }
    },
    {
      "type": "Feature",
      "geometry": {
        "type": "Point",
        "coordinates": [
          27.592881,
          53.926629
        ]
      },
      "properties": {
        "id": "14760",
        "name": "Якуба Коласа",
        "type": "bus"
      }
    },
    {
      "type": "Feature",
      "geometry": {
        "type": "Point",
        "coordinates": [
          27.452109,
          53.893693
        ]
      },
      "properties": {
        "id": "14885",
        "name": "Захад-4",
        "type": "bus"
      }
    },
    {
      "type": "Feature",
      "geometry": {
        "type": "Point",
        "coordinates": [
          27.428608,
          53.891948
        ]
      },
      "properties": {
        "id": "15176",
        "name": "Івана Шамякіна",
        "type": "bus"
      }
    },
    {
      "type": "Feature",
      "geometry": {
        "type": "Point",
        "coordinates": [
          27.648581,
          53.941988
        ]
      },
      "properties": {
        "id": "14515",
        "name": "Алімпійскі спарткомплекс",
        "type": "bus"
      }
    },
    {
      "type": "Feature",
      "geometry": {
        "type": "Point",
        "coordinates": [
          27.479836,
          53.932122
        ]
      },
      "properties": {
        "id": "204289",
        "name": "ДС Вяснянка",
        "type": "bus"
      }
    },
    {
      "type": "Feature",
      "geometry": {
        "type": "Point",
        "coordinates": [
          27.478185,
          53.933723
        ]
      },
      "properties": {
        "id": "68808",
        "name": "Нарачанская",
        "type": "bus"
      }
    },
    {
      "type": "Feature",
      "geometry": {
        "type": "Point",
        "coordinates": [
          27.478796,
          53.934595
        ]
      },
      "properties": {
        "id": "54756",
        "name": "Нарачанская",
        "type": "bus"
      }
    },
    {
      "type": "Feature",
      "geometry": {
        "type": "Point",
        "coordinates": [
          27.588016,
          53.83605
        ]
      },
      "properties": {
        "id": "15468",
        "name": "ДС Лошыца-2",
        "type": "bus"
      }
    },
    {
      "type": "Feature",
      "geometry": {
        "type": "Point",
        "coordinates": [
          27.586851,
          53.834543
        ]
      },
      "properties": {
        "id": "15462",
        "name": "ДС Лошыца-2",
        "type": "bus"
      }
    },
    {
      "type": "Feature",
      "geometry": {
        "type": "Point",
        "coordinates": [
          27.582298,
          53.834511
        ]
      },
      "properties": {
        "id": "15463",
        "name": "Прушынскіх",
        "type": "bus"
      }
    },
    {
      "type": "Feature",
      "geometry": {
        "type": "Point",
        "coordinates": [
          27.583752,
          53.834343
        ]
      },
      "properties": {
        "id": "15467",
        "name": "Прушынскіх",
        "type": "trolleybus"
      }
    },
    {
      "type": "Feature",
      "geometry": {
        "type": "Point",
        "coordinates": [
          27.631471,
          53.834279
        ]
      },
      "properties": {
        "id": "133126",
        "name": "ДС Чыжоўка",
        "type": "bus"
      }
    },
    {
      "type": "Feature",
      "geometry": {
        "type": "Point",
        "coordinates": [
          27.627254,
          53.834498
        ]
      },
      "properties": {
        "id": "15536",
        "name": "ДС Чыжоўка",
        "type": "bus"
      }
    },
    {
      "type": "Feature",
      "geometry": {
        "type": "Point",
        "coordinates": [
          27.685284,
          53.881971
        ]
      },
      "properties": {
        "id": "15325",
        "name": "Школа №141",
        "type": "bus"
      }
    },
    {
      "type": "Feature",
      "geometry": {
        "type": "Point",
        "coordinates": [
          27.689361,
          53.879345
        ]
      },
      "properties": {
        "id": "15324",
        "name": "Герасіменкі",
        "type": "bus"
      }
    },
    {
      "type": "Feature",
      "geometry": {
        "type": "Point",
        "coordinates": [
          27.68986,
          53.878689
        ]
      },
      "properties": {
        "id": "15321",
        "name": "Герасіменкі",
        "type": "bus"
      }
    },
    {
      "type": "Feature",
      "geometry": {
        "type": "Point",
        "coordinates": [
          27.691398,
          53.872811
        ]
      },
      "properties": {
        "id": "15323",
        "name": "Кальцавая дарога",
        "type": "bus"
      }
    },
    {
      "type": "Feature",
      "geometry": {
        "type": "Point",
        "coordinates": [
          27.457309,
          53.904193
        ]
      },
      "properties": {
        "id": "14862",
        "name": "Паліклініка №31",
        "type": "bus"
      }
    },
    {
      "type": "Feature",
      "geometry": {
        "type": "Point",
        "coordinates": [
          27.584386,
          53.927585
        ]
      },
      "properties": {
        "id": "15019",
        "name": "Універсам «Рыга»",
        "type": "bus"
      }
    },
    {
      "type": "Feature",
      "geometry": {
        "type": "Point",
        "coordinates": [
          27.58669,
          53.929261
        ]
      },
      "properties": {
        "id": "14519",
        "name": "Універсам «Рыга»",
        "type": "bus"
      }
    },
    {
      "type": "Feature",
      "geometry": {
        "type": "Point",
        "coordinates": [
          27.472887,
          53.907531
        ]
      },
      "properties": {
        "id": "422982953",
        "name": "Пятра Глебка",
        "type": "bus"
      }
    },
    {
      "type": "Feature",
      "geometry": {
        "type": "Point",
        "coordinates": [
          27.601747,
          53.913652
        ]
      },
      "properties": {
        "id": "15483",
        "name": "Петруся Броўкі",
        "type": "bus"
      }
    },
    {
      "type": "Feature",
      "geometry": {
        "type": "Point",
        "coordinates": [
          27.603947,
          53.916625
        ]
      },
      "properties": {
        "id": "14755",
        "name": "Акадэмічная",
        "type": "bus"
      }
    },
    {
      "type": "Feature",
      "geometry": {
        "type": "Point",
        "coordinates": [
          27.521298,
          53.9292
        ]
      },
      "properties": {
        "id": "14843",
        "name": "Выставачны комплекс",
        "type": "bus"
      }
    },
    {
      "type": "Feature",
      "geometry": {
        "type": "Point",
        "coordinates": [
          27.519853,
          53.929609
        ]
      },
      "properties": {
        "id": "14697",
        "name": "Выставачны комплекс",
        "type": "bus"
      }
    },
    {
      "type": "Feature",
      "geometry": {
        "type": "Point",
        "coordinates": [
          27.60631,
          53.861537
        ]
      },
      "properties": {
        "id": "15758",
        "name": "Пляханава",
        "type": "bus"
      }
    },
    {
      "type": "Feature",
      "geometry": {
        "type": "Point",
        "coordinates": [
          27.77362,
          53.826861
        ]
      },
      "properties": {
        "id": "16058",
        "name": "Сосны",
        "type": "bus"
      }
    },
    {
      "type": "Feature",
      "geometry": {
        "type": "Point",
        "coordinates": [
          27.765801,
          53.825007
        ]
      },
      "properties": {
        "id": "16052",
        "name": "Акадэміка Красіна",
        "type": "bus"
      }
    },
    {
      "type": "Feature",
      "geometry": {
        "type": "Point",
        "coordinates": [
          27.475486,
          53.923963
        ]
      },
      "properties": {
        "id": "15241",
        "name": "ДС Масюкоўшчына",
        "type": "bus"
      }
    },
    {
      "type": "Feature",
      "geometry": {
        "type": "Point",
        "coordinates": [
          27.565945,
          53.92961
        ]
      },
      "properties": {
        "id": "15717",
        "name": "Кульман",
        "type": "bus"
      }
    },
    {
      "type": "Feature",
      "geometry": {
        "type": "Point",
        "coordinates": [
          27.56847,
          53.912826
        ]
      },
      "properties": {
        "id": "15603",
        "name": "Кісялёва",
        "type": "bus"
      }
    },
    {
      "type": "Feature",
      "geometry": {
        "type": "Point",
        "coordinates": [
          27.56754,
          53.913366
        ]
      },
      "properties": {
        "id": "68885",
        "name": "Кісялёва",
        "type": "bus"
      }
    },
    {
      "type": "Feature",
      "geometry": {
        "type": "Point",
        "coordinates": [
          27.583529,
          53.915199
        ]
      },
      "properties": {
        "id": "15746",
        "name": "Плошча Якуба Коласа",
        "type": "bus"
      }
    },
    {
      "type": "Feature",
      "geometry": {
        "type": "Point",
        "coordinates": [
          27.620615,
          53.955343
        ]
      },
      "properties": {
        "id": "14439",
        "name": "вуліца Карбышава",
        "type": "bus"
      }
    },
    {
      "type": "Feature",
      "geometry": {
        "type": "Point",
        "coordinates": [
          27.625376,
          53.927521
        ]
      },
      "properties": {
        "id": "14490",
        "name": "Станцыя метро Маскоўская",
        "type": "bus"
      }
    },
    {
      "type": "Feature",
      "geometry": {
        "type": "Point",
        "coordinates": [
          27.584142,
          53.916136
        ]
      },
      "properties": {
        "id": "15703",
        "name": "Плошча Якуба Коласа",
        "type": "trolleybus"
      }
    },
    {
      "type": "Feature",
      "geometry": {
        "type": "Point",
        "coordinates": [
          27.606729,
          53.938377
        ]
      },
      "properties": {
        "id": "14397",
        "name": "Якуба Коласа",
        "type": "bus"
      }
    },
    {
      "type": "Feature",
      "geometry": {
        "type": "Point",
        "coordinates": [
          27.634202,
          53.929945
        ]
      },
      "properties": {
        "id": "14343",
        "name": "Абсерваторыя",
        "type": "bus"
      }
    },
    {
      "type": "Feature",
      "geometry": {
        "type": "Point",
        "coordinates": [
          27.618527,
          53.934919
        ]
      },
      "properties": {
        "id": "14401",
        "name": "Караленкі",
        "type": "bus"
      }
    },
    {
      "type": "Feature",
      "geometry": {
        "type": "Point",
        "coordinates": [
          27.61274,
          53.946585
        ]
      },
      "properties": {
        "id": "14392",
        "name": "Паліграфічная",
        "type": "bus"
      }
    },
    {
      "type": "Feature",
      "geometry": {
        "type": "Point",
        "coordinates": [
          27.574797,
          53.836166
        ]
      },
      "properties": {
        "id": "15490",
        "name": "Ігуменскі тракт",
        "type": "bus"
      }
    },
    {
      "type": "Feature",
      "geometry": {
        "type": "Point",
        "coordinates": [
          27.571143,
          53.83557
        ]
      },
      "properties": {
        "id": "72005",
        "name": "Прушынскіх 62",
        "type": "bus"
      }
    },
    {
      "type": "Feature",
      "geometry": {
        "type": "Point",
        "coordinates": [
          27.772663,
          53.82685
        ]
      },
      "properties": {
        "id": "58333",
        "name": "Сосны",
        "type": "bus"
      }
    },
    {
      "type": "Feature",
      "geometry": {
        "type": "Point",
        "coordinates": [
          27.671228,
          53.949141
        ]
      },
      "properties": {
        "id": "14667",
        "name": "Гінтаўта",
        "type": "bus"
      }
    },
    {
      "type": "Feature",
      "geometry": {
        "type": "Point",
        "coordinates": [
          27.670161,
          53.949121
        ]
      },
      "properties": {
        "id": "14666",
        "name": "Гінтаўта",
        "type": "bus"
      }
    },
    {
      "type": "Feature",
      "geometry": {
        "type": "Point",
        "coordinates": [
          27.675902,
          53.950174
        ]
      },
      "properties": {
        "id": "14380",
        "name": "Паліклініка №28",
        "type": "bus"
      }
    },
    {
      "type": "Feature",
      "geometry": {
        "type": "Point",
        "coordinates": [
          27.676597,
          53.950809
        ]
      },
      "properties": {
        "id": "14664",
        "name": "Паліклініка №28",
        "type": "bus"
      }
    },
    {
      "type": "Feature",
      "geometry": {
        "type": "Point",
        "coordinates": [
          27.672445,
          53.944549
        ]
      },
      "properties": {
        "id": "14670",
        "name": "Уручча-6",
        "type": "bus"
      }
    },
    {
      "type": "Feature",
      "geometry": {
        "type": "Point",
        "coordinates": [
          27.67116,
          53.945211
        ]
      },
      "properties": {
        "id": "14671",
        "name": "Уручча-6",
        "type": "bus"
      }
    },
    {
      "type": "Feature",
      "geometry": {
        "type": "Point",
        "coordinates": [
          27.667233,
          53.946429
        ]
      },
      "properties": {
        "id": "14669",
        "name": "Бізнес-цэнтр",
        "type": "bus"
      }
    },
    {
      "type": "Feature",
      "geometry": {
        "type": "Point",
        "coordinates": [
          27.666997,
          53.947304
        ]
      },
      "properties": {
        "id": "14668",
        "name": "Бізнес-цэнтр",
        "type": "bus"
      }
    },
    {
      "type": "Feature",
      "geometry": {
        "type": "Point",
        "coordinates": [
          27.665728,
          53.94654
        ]
      },
      "properties": {
        "id": "68844",
        "name": "Бізнес-цэнтр",
        "type": "bus"
      }
    },
    {
      "type": "Feature",
      "geometry": {
        "type": "Point",
        "coordinates": [
          27.682915,
          53.944999
        ]
      },
      "properties": {
        "id": "14674",
        "name": "Парк «Уручча»",
        "type": "bus"
      }
    },
    {
      "type": "Feature",
      "geometry": {
        "type": "Point",
        "coordinates": [
          27.680524,
          53.94711
        ]
      },
      "properties": {
        "id": "14673",
        "name": "Шафарнянская",
        "type": "bus"
      }
    },
    {
      "type": "Feature",
      "geometry": {
        "type": "Point",
        "coordinates": [
          27.679999,
          53.948239
        ]
      },
      "properties": {
        "id": "14379",
        "name": "Шафарнянская",
        "type": "bus"
      }
    },
    {
      "type": "Feature",
      "geometry": {
        "type": "Point",
        "coordinates": [
          27.679212,
          53.947354
        ]
      },
      "properties": {
        "id": "14672",
        "name": "Шафарнянская",
        "type": "bus"
      }
    },
    {
      "type": "Feature",
      "geometry": {
        "type": "Point",
        "coordinates": [
          27.685248,
          53.942474
        ]
      },
      "properties": {
        "id": "14651",
        "name": "Русіянава",
        "type": "bus"
      }
    },
    {
      "type": "Feature",
      "geometry": {
        "type": "Point",
        "coordinates": [
          27.686004,
          53.94124
        ]
      },
      "properties": {
        "id": "14650",
        "name": "Русіянава",
        "type": "bus"
      }
    },
    {
      "type": "Feature",
      "geometry": {
        "type": "Point",
        "coordinates": [
          27.686296,
          53.945361
        ]
      },
      "properties": {
        "id": "14653",
        "name": "Станцыя метро «Уручча»",
        "type": "bus"
      }
    },
    {
      "type": "Feature",
      "geometry": {
        "type": "Point",
        "coordinates": [
          27.717567,
          53.94416
        ]
      },
      "properties": {
        "id": "14371",
        "name": "Вялікі Лес",
        "type": "bus"
      }
    },
    {
      "type": "Feature",
      "geometry": {
        "type": "Point",
        "coordinates": [
          27.720491,
          53.945624
        ]
      },
      "properties": {
        "id": "14369",
        "name": "Рагачоўская",
        "type": "bus"
      }
    },
    {
      "type": "Feature",
      "geometry": {
        "type": "Point",
        "coordinates": [
          27.711893,
          53.946169
        ]
      },
      "properties": {
        "id": "14373",
        "name": "Дом афіцэраў",
        "type": "bus"
      }
    },
    {
      "type": "Feature",
      "geometry": {
        "type": "Point",
        "coordinates": [
          27.708144,
          53.943731
        ]
      },
      "properties": {
        "id": "14376",
        "name": "Паштовая",
        "type": "bus"
      }
    },
    {
      "type": "Feature",
      "geometry": {
        "type": "Point",
        "coordinates": [
          27.559742,
          53.884923
        ]
      },
      "properties": {
        "id": "15904",
        "name": "Магілёўская",
        "type": "trolleybus"
      }
    },
    {
      "type": "Feature",
      "geometry": {
        "type": "Point",
        "coordinates": [
          27.560417,
          53.885362
        ]
      },
      "properties": {
        "id": "15910",
        "name": "Магілёўская",
        "type": "trolleybus"
      }
    },
    {
      "type": "Feature",
      "geometry": {
        "type": "Point",
        "coordinates": [
          27.552461,
          53.885375
        ]
      },
      "properties": {
        "id": "15903",
        "name": "Мікрараён Чкалаўскі",
        "type": "trolleybus"
      }
    },
    {
      "type": "Feature",
      "geometry": {
        "type": "Point",
        "coordinates": [
          27.553843,
          53.885697
        ]
      },
      "properties": {
        "id": "15911",
        "name": "Мікрараён Чкалаўскі",
        "type": "trolleybus"
      }
    },
    {
      "type": "Feature",
      "geometry": {
        "type": "Point",
        "coordinates": [
          27.705029,
          53.840002
        ]
      },
      "properties": {
        "id": "14783",
        "name": "Малы Трасцянец",
        "type": "bus"
      }
    },
    {
      "type": "Feature",
      "geometry": {
        "type": "Point",
        "coordinates": [
          27.707365,
          53.846259
        ]
      },
      "properties": {
        "id": "14826",
        "name": "Паварот на Шабаны",
        "type": "bus"
      }
    },
    {
      "type": "Feature",
      "geometry": {
        "type": "Point",
        "coordinates": [
          27.704545,
          53.840999
        ]
      },
      "properties": {
        "id": "14625",
        "name": "Алеся Бачылы",
        "type": "bus"
      }
    },
    {
      "type": "Feature",
      "geometry": {
        "type": "Point",
        "coordinates": [
          27.701619,
          53.841285
        ]
      },
      "properties": {
        "id": "14753",
        "name": "Паліклініка № 36",
        "type": "bus"
      }
    },
    {
      "type": "Feature",
      "geometry": {
        "type": "Point",
        "coordinates": [
          27.700098,
          53.841963
        ]
      },
      "properties": {
        "id": "14713",
        "name": "Паліклініка № 36",
        "type": "bus"
      }
    },
    {
      "type": "Feature",
      "geometry": {
        "type": "Point",
        "coordinates": [
          27.694616,
          53.843312
        ]
      },
      "properties": {
        "id": "14746",
        "name": "ДС Шабаны",
        "type": "bus"
      }
    },
    {
      "type": "Feature",
      "geometry": {
        "type": "Point",
        "coordinates": [
          27.695868,
          53.8362
        ]
      },
      "properties": {
        "id": "14750",
        "name": "Лазнева-аздараўленчы комплекс",
        "type": "bus"
      }
    },
    {
      "type": "Feature",
      "geometry": {
        "type": "Point",
        "coordinates": [
          27.703434,
          53.848943
        ]
      },
      "properties": {
        "id": "16042",
        "name": "Вялікі Трасцянец",
        "type": "bus"
      }
    },
    {
      "type": "Feature",
      "geometry": {
        "type": "Point",
        "coordinates": [
          27.543953,
          53.884946
        ]
      },
      "properties": {
        "id": "15902",
        "name": "Прыгожая",
        "type": "bus"
      }
    },
    {
      "type": "Feature",
      "geometry": {
        "type": "Point",
        "coordinates": [
          27.542147,
          53.884684
        ]
      },
      "properties": {
        "id": "15919",
        "name": "Прыгожая",
        "type": "bus"
      }
    },
    {
      "type": "Feature",
      "geometry": {
        "type": "Point",
        "coordinates": [
          27.535696,
          53.88009
        ]
      },
      "properties": {
        "id": "15839",
        "name": "Гасцініца Спадарожнік",
        "type": "bus"
      }
    },
    {
      "type": "Feature",
      "geometry": {
        "type": "Point",
        "coordinates": [
          27.535104,
          53.879927
        ]
      },
      "properties": {
        "id": "15838",
        "name": "Гасцініца Спадарожнік",
        "type": "bus"
      }
    },
    {
      "type": "Feature",
      "geometry": {
        "type": "Point",
        "coordinates": [
          27.542321,
          53.878224
        ]
      },
      "properties": {
        "id": "15872",
        "name": "Радзішчава",
        "type": "bus"
      }
    },
    {
      "type": "Feature",
      "geometry": {
        "type": "Point",
        "coordinates": [
          27.54409,
          53.877819
        ]
      },
      "properties": {
        "id": "15873",
        "name": "Радзішчава",
        "type": "bus"
      }
    },
    {
      "type": "Feature",
      "geometry": {
        "type": "Point",
        "coordinates": [
          27.557112,
          53.877325
        ]
      },
      "properties": {
        "id": "15879",
        "name": "Ляўкова",
        "type": "bus"
      }
    },
    {
      "type": "Feature",
      "geometry": {
        "type": "Point",
        "coordinates": [
          27.561706,
          53.876513
        ]
      },
      "properties": {
        "id": "15882",
        "name": "Валадзько",
        "type": "bus"
      }
    },
    {
      "type": "Feature",
      "geometry": {
        "type": "Point",
        "coordinates": [
          27.573316,
          53.873027
        ]
      },
      "properties": {
        "id": "14804",
        "name": "Маякоўскага",
        "type": "bus"
      }
    },
    {
      "type": "Feature",
      "geometry": {
        "type": "Point",
        "coordinates": [
          27.596711,
          53.875247
        ]
      },
      "properties": {
        "id": "15752",
        "name": "Праспект Ракасоўскага",
        "type": "bus"
      }
    },
    {
      "type": "Feature",
      "geometry": {
        "type": "Point",
        "coordinates": [
          27.588136,
          53.906835
        ]
      },
      "properties": {
        "id": "15823",
        "name": "Берасцянская",
        "type": "bus"
      }
    },
    {
      "type": "Feature",
      "geometry": {
        "type": "Point",
        "coordinates": [
          27.497846,
          53.846369
        ]
      },
      "properties": {
        "id": "15038",
        "name": "11-я бальніца",
        "type": "bus"
      }
    },
    {
      "type": "Feature",
      "geometry": {
        "type": "Point",
        "coordinates": [
          27.491875,
          53.844711
        ]
      },
      "properties": {
        "id": "15037",
        "name": "Курасоўшчына",
        "type": "bus"
      }
    },
    {
      "type": "Feature",
      "geometry": {
        "type": "Point",
        "coordinates": [
          27.497321,
          53.839859
        ]
      },
      "properties": {
        "id": "15033",
        "name": "Ландэра",
        "type": "bus"
      }
    },
    {
      "type": "Feature",
      "geometry": {
        "type": "Point",
        "coordinates": [
          27.50314,
          53.840436
        ]
      },
      "properties": {
        "id": "15032",
        "name": "Бібліятэка № 19",
        "type": "bus"
      }
    },
    {
      "type": "Feature",
      "geometry": {
        "type": "Point",
        "coordinates": [
          27.503295,
          53.839811
        ]
      },
      "properties": {
        "id": "15030",
        "name": "Бібліятэка № 19",
        "type": "bus"
      }
    },
    {
      "type": "Feature",
      "geometry": {
        "type": "Point",
        "coordinates": [
          27.484893,
          53.841378
        ]
      },
      "properties": {
        "id": "15029",
        "name": "Ландэра",
        "type": "bus"
      }
    },
    {
      "type": "Feature",
      "geometry": {
        "type": "Point",
        "coordinates": [
          27.414824,
          53.891027
        ]
      },
      "properties": {
        "id": "73663",
        "name": "ДС Сухарава-5",
        "type": "bus"
      }
    },
    {
      "type": "Feature",
      "geometry": {
        "type": "Point",
        "coordinates": [
          27.4153,
          53.894607
        ]
      },
      "properties": {
        "id": "71995",
        "name": "Пімена Панчанкі, 80",
        "type": "trolleybus"
      }
    },
    {
      "type": "Feature",
      "geometry": {
        "type": "Point",
        "coordinates": [
          27.482568,
          53.923102
        ]
      },
      "properties": {
        "id": "15256",
        "name": "Альшэўскага",
        "type": "bus"
      }
    },
    {
      "type": "Feature",
      "geometry": {
        "type": "Point",
        "coordinates": [
          27.49795,
          53.921012
        ]
      },
      "properties": {
        "id": "15223",
        "name": "Праспект Пушкіна",
        "type": "bus"
      }
    },
    {
      "type": "Feature",
      "geometry": {
        "type": "Point",
        "coordinates": [
          27.506414,
          53.912753
        ]
      },
      "properties": {
        "id": "15281",
        "name": "Бірузова",
        "type": "bus"
      }
    },
    {
      "type": "Feature",
      "geometry": {
        "type": "Point",
        "coordinates": [
          27.493422,
          53.922802
        ]
      },
      "properties": {
        "id": "15224",
        "name": "Данілы Сердзіча",
        "type": "bus"
      }
    },
    {
      "type": "Feature",
      "geometry": {
        "type": "Point",
        "coordinates": [
          27.48911,
          53.923288
        ]
      },
      "properties": {
        "id": "15225",
        "name": "Паліклініка №12",
        "type": "bus"
      }
    },
    {
      "type": "Feature",
      "geometry": {
        "type": "Point",
        "coordinates": [
          27.603065,
          53.935487
        ]
      },
      "properties": {
        "id": "16204",
        "name": "Бялінскага",
        "type": "tram"
      }
    },
    {
      "type": "Feature",
      "geometry": {
        "type": "Point",
        "coordinates": [
          27.687273,
          53.939368
        ]
      },
      "properties": {
        "id": "14649",
        "name": "Універсам «Першамайскі»",
        "type": "bus"
      }
    },
    {
      "type": "Feature",
      "geometry": {
        "type": "Point",
        "coordinates": [
          27.687091,
          53.937938
        ]
      },
      "properties": {
        "id": "14381",
        "name": "Універсам «Першамайскі»",
        "type": "bus"
      }
    },
    {
      "type": "Feature",
      "geometry": {
        "type": "Point",
        "coordinates": [
          27.687709,
          53.936677
        ]
      },
      "properties": {
        "id": "14382",
        "name": "ГЦ «Уручча»",
        "type": "bus"
      }
    },
    {
      "type": "Feature",
      "geometry": {
        "type": "Point",
        "coordinates": [
          27.687534,
          53.935499
        ]
      },
      "properties": {
        "id": "14383",
        "name": "ГЦ «Уручча»",
        "type": "bus"
      }
    },
    {
      "type": "Feature",
      "geometry": {
        "type": "Point",
        "coordinates": [
          27.690206,
          53.933695
        ]
      },
      "properties": {
        "id": "14384",
        "name": "Музей валуноў",
        "type": "bus"
      }
    },
    {
      "type": "Feature",
      "geometry": {
        "type": "Point",
        "coordinates": [
          27.697442,
          53.941245
        ]
      },
      "properties": {
        "id": "14644",
        "name": "Нікіфарава",
        "type": "bus"
      }
    },
    {
      "type": "Feature",
      "geometry": {
        "type": "Point",
        "coordinates": [
          27.700094,
          53.941593
        ]
      },
      "properties": {
        "id": "14642",
        "name": "Рынак «Уручча-3»",
        "type": "bus"
      }
    },
    {
      "type": "Feature",
      "geometry": {
        "type": "Point",
        "coordinates": [
          27.699985,
          53.94245
        ]
      },
      "properties": {
        "id": "277102",
        "name": "Рынак «Уручча-3»",
        "type": "bus"
      }
    },
    {
      "type": "Feature",
      "geometry": {
        "type": "Point",
        "coordinates": [
          27.695888,
          53.947412
        ]
      },
      "properties": {
        "id": "111246",
        "name": "Астрашыцкая",
        "type": "bus"
      }
    },
    {
      "type": "Feature",
      "geometry": {
        "type": "Point",
        "coordinates": [
          27.693455,
          53.947582
        ]
      },
      "properties": {
        "id": "14656",
        "name": "Астрашыцкая",
        "type": "bus"
      }
    },
    {
      "type": "Feature",
      "geometry": {
        "type": "Point",
        "coordinates": [
          27.694224,
          53.948468
        ]
      },
      "properties": {
        "id": "14654",
        "name": "Астрашыцкая",
        "type": "bus"
      }
    },
    {
      "type": "Feature",
      "geometry": {
        "type": "Point",
        "coordinates": [
          27.476324,
          53.840089
        ]
      },
      "properties": {
        "id": "16122",
        "name": "Факультэт радыёфізікі",
        "type": "bus"
      }
    },
    {
      "type": "Feature",
      "geometry": {
        "type": "Point",
        "coordinates": [
          27.482176,
          53.843266
        ]
      },
      "properties": {
        "id": "72681",
        "name": "Напалеона Орды",
        "type": "bus"
      }
    },
    {
      "type": "Feature",
      "geometry": {
        "type": "Point",
        "coordinates": [
          27.475038,
          53.843424
        ]
      },
      "properties": {
        "id": "16232",
        "name": "Брылевічы",
        "type": "bus"
      }
    },
    {
      "type": "Feature",
      "geometry": {
        "type": "Point",
        "coordinates": [
          27.473114,
          53.837983
        ]
      },
      "properties": {
        "id": "16121",
        "name": "Акадэміка Курчатава",
        "type": "bus"
      }
    },
    {
      "type": "Feature",
      "geometry": {
        "type": "Point",
        "coordinates": [
          27.597727,
          53.872995
        ]
      },
      "properties": {
        "id": "15754",
        "name": "Дом Быту",
        "type": "bus"
      }
    },
    {
      "type": "Feature",
      "geometry": {
        "type": "Point",
        "coordinates": [
          27.597722,
          53.872211
        ]
      },
      "properties": {
        "id": "15753",
        "name": "Дом Быту",
        "type": "bus"
      }
    },
    {
      "type": "Feature",
      "geometry": {
        "type": "Point",
        "coordinates": [
          27.698666,
          53.933334
        ]
      },
      "properties": {
        "id": "14405",
        "name": "Сасновы Бор",
        "type": "bus"
      }
    },
    {
      "type": "Feature",
      "geometry": {
        "type": "Point",
        "coordinates": [
          27.691198,
          53.951849
        ]
      },
      "properties": {
        "id": "14658",
        "name": "Гарадзецкая",
        "type": "bus"
      }
    },
    {
      "type": "Feature",
      "geometry": {
        "type": "Point",
        "coordinates": [
          27.691571,
          53.950917
        ]
      },
      "properties": {
        "id": "14657",
        "name": "Гарадзецкая",
        "type": "bus"
      }
    },
    {
      "type": "Feature",
      "geometry": {
        "type": "Point",
        "coordinates": [
          27.689025,
          53.953732
        ]
      },
      "properties": {
        "id": "14659",
        "name": "ДС Уручча-4",
        "type": "bus"
      }
    },
    {
      "type": "Feature",
      "geometry": {
        "type": "Point",
        "coordinates": [
          27.687552,
          53.95421
        ]
      },
      "properties": {
        "id": "14661",
        "name": "ДС Уручча-4",
        "type": "bus"
      }
    },
    {
      "type": "Feature",
      "geometry": {
        "type": "Point",
        "coordinates": [
          27.682738,
          53.952757
        ]
      },
      "properties": {
        "id": "14662",
        "name": "Дзмітрыеў кірмаш",
        "type": "bus"
      }
    },
    {
      "type": "Feature",
      "geometry": {
        "type": "Point",
        "coordinates": [
          27.705866,
          53.942891
        ]
      },
      "properties": {
        "id": "14377",
        "name": "Паштовая",
        "type": "bus"
      }
    },
    {
      "type": "Feature",
      "geometry": {
        "type": "Point",
        "coordinates": [
          27.66612,
          53.938398
        ]
      },
      "properties": {
        "id": "14676",
        "name": "Станцыя метро Барысаўскі тракт",
        "type": "bus"
      }
    },
    {
      "type": "Feature",
      "geometry": {
        "type": "Point",
        "coordinates": [
          27.664948,
          53.938401
        ]
      },
      "properties": {
        "id": "14675",
        "name": "Станцыя метро Барысаўскі тракт",
        "type": "bus"
      }
    },
    {
      "type": "Feature",
      "geometry": {
        "type": "Point",
        "coordinates": [
          27.695541,
          53.940734
        ]
      },
      "properties": {
        "id": "14645",
        "name": "Нікіфарава",
        "type": "bus"
      }
    },
    {
      "type": "Feature",
      "geometry": {
        "type": "Point",
        "coordinates": [
          27.691802,
          53.93884
        ]
      },
      "properties": {
        "id": "14646",
        "name": "Школа №45",
        "type": "bus"
      }
    },
    {
      "type": "Feature",
      "geometry": {
        "type": "Point",
        "coordinates": [
          27.691028,
          53.93896
        ]
      },
      "properties": {
        "id": "14647",
        "name": "Школа №45",
        "type": "bus"
      }
    },
    {
      "type": "Feature",
      "geometry": {
        "type": "Point",
        "coordinates": [
          27.688364,
          53.938599
        ]
      },
      "properties": {
        "id": "14648",
        "name": "Універсам «Першамайскі»",
        "type": "bus"
      }
    },
    {
      "type": "Feature",
      "geometry": {
        "type": "Point",
        "coordinates": [
          27.537687,
          53.882287
        ]
      },
      "properties": {
        "id": "15835",
        "name": "ГВЦ Мост",
        "type": "bus"
      }
    },
    {
      "type": "Feature",
      "geometry": {
        "type": "Point",
        "coordinates": [
          27.584658,
          53.814148
        ]
      },
      "properties": {
        "id": "15994",
        "name": "База Белсельбуд",
        "type": "bus"
      }
    },
    {
      "type": "Feature",
      "geometry": {
        "type": "Point",
        "coordinates": [
          27.575497,
          53.83213
        ]
      },
      "properties": {
        "id": "58364",
        "name": "Паварот на Калядзічы",
        "type": "bus"
      }
    },
    {
      "type": "Feature",
      "geometry": {
        "type": "Point",
        "coordinates": [
          27.440444,
          53.850285
        ]
      },
      "properties": {
        "id": "14930",
        "name": "Малінаўка-6",
        "type": "bus"
      }
    },
    {
      "type": "Feature",
      "geometry": {
        "type": "Point",
        "coordinates": [
          27.523547,
          53.890572
        ]
      },
      "properties": {
        "id": "15208",
        "name": "Станцыя дыягностыкі",
        "type": "bus"
      }
    },
    {
      "type": "Feature",
      "geometry": {
        "type": "Point",
        "coordinates": [
          27.542519,
          53.898671
        ]
      },
      "properties": {
        "id": "15567",
        "name": "Мяснікова",
        "type": "bus"
      }
    },
    {
      "type": "Feature",
      "geometry": {
        "type": "Point",
        "coordinates": [
          27.484537,
          53.880665
        ]
      },
      "properties": {
        "id": "71803",
        "name": "Янкі Брыля",
        "type": "bus"
      }
    },
    {
      "type": "Feature",
      "geometry": {
        "type": "Point",
        "coordinates": [
          27.472508,
          53.86863
        ]
      },
      "properties": {
        "id": "15657",
        "name": "Паўднёвы Захад-1",
        "type": "trolleybus"
      }
    },
    {
      "type": "Feature",
      "geometry": {
        "type": "Point",
        "coordinates": [
          27.59168,
          53.85842
        ]
      },
      "properties": {
        "id": "15358",
        "name": "Якубава",
        "type": "tram"
      }
    },
    {
      "type": "Feature",
      "geometry": {
        "type": "Point",
        "coordinates": [
          27.624727,
          53.872782
        ]
      },
      "properties": {
        "id": "15393",
        "name": "Народная",
        "type": "tram"
      }
    },
    {
      "type": "Feature",
      "geometry": {
        "type": "Point",
        "coordinates": [
          27.62279,
          53.882387
        ]
      },
      "properties": {
        "id": "15350",
        "name": "Парк 50 год Кастрычніка",
        "type": "tram"
      }
    },
    {
      "type": "Feature",
      "geometry": {
        "type": "Point",
        "coordinates": [
          27.596452,
          53.904389
        ]
      },
      "properties": {
        "id": "15315",
        "name": "Батанічная",
        "type": "tram"
      }
    },
    {
      "type": "Feature",
      "geometry": {
        "type": "Point",
        "coordinates": [
          27.590505,
          53.906278
        ]
      },
      "properties": {
        "id": "16116",
        "name": "Платонава",
        "type": "tram"
      }
    },
    {
      "type": "Feature",
      "geometry": {
        "type": "Point",
        "coordinates": [
          27.583109,
          53.907137
        ]
      },
      "properties": {
        "id": "15267",
        "name": "Змітрака Бядулі",
        "type": "tram"
      }
    },
    {
      "type": "Feature",
      "geometry": {
        "type": "Point",
        "coordinates": [
          27.578481,
          53.910272
        ]
      },
      "properties": {
        "id": "15399",
        "name": "Праспект Незалежнасці",
        "type": "tram"
      }
    },
    {
      "type": "Feature",
      "geometry": {
        "type": "Point",
        "coordinates": [
          27.612509,
          53.85203
        ]
      },
      "properties": {
        "id": "14475",
        "name": "Малініна",
        "type": "bus"
      }
    },
    {
      "type": "Feature",
      "geometry": {
        "type": "Point",
        "coordinates": [
          27.611244,
          53.855501
        ]
      },
      "properties": {
        "id": "15762",
        "name": "Кінатэатр «Салют»",
        "type": "bus"
      }
    },
    {
      "type": "Feature",
      "geometry": {
        "type": "Point",
        "coordinates": [
          27.611124,
          53.856468
        ]
      },
      "properties": {
        "id": "54306",
        "name": "Кінатэатр «Салют»",
        "type": "bus"
      }
    },
    {
      "type": "Feature",
      "geometry": {
        "type": "Point",
        "coordinates": [
          27.608603,
          53.858789
        ]
      },
      "properties": {
        "id": "15760",
        "name": "Магазін Лазурыт",
        "type": "bus"
      }
    },
    {
      "type": "Feature",
      "geometry": {
        "type": "Point",
        "coordinates": [
          27.608284,
          53.859995
        ]
      },
      "properties": {
        "id": "15759",
        "name": "Магазін Лазурыт",
        "type": "bus"
      }
    },
    {
      "type": "Feature",
      "geometry": {
        "type": "Point",
        "coordinates": [
          27.615826,
          53.85253
        ]
      },
      "properties": {
        "id": "15764",
        "name": "Малініна",
        "type": "bus"
      }
    },
    {
      "type": "Feature",
      "geometry": {
        "type": "Point",
        "coordinates": [
          27.613497,
          53.853547
        ]
      },
      "properties": {
        "id": "54305",
        "name": "Малініна",
        "type": "bus"
      }
    },
    {
      "type": "Feature",
      "geometry": {
        "type": "Point",
        "coordinates": [
          27.473191,
          53.858336
        ]
      },
      "properties": {
        "id": "15572",
        "name": "Парк Паўлава",
        "type": "bus"
      }
    },
    {
      "type": "Feature",
      "geometry": {
        "type": "Point",
        "coordinates": [
          27.586917,
          53.919584
        ]
      },
      "properties": {
        "id": "16211",
        "name": "Дарашэвіча",
        "type": "tram"
      }
    },
    {
      "type": "Feature",
      "geometry": {
        "type": "Point",
        "coordinates": [
          27.530177,
          53.864823
        ]
      },
      "properties": {
        "id": "50998",
        "name": "Брэсцкая",
        "type": "bus"
      }
    },
    {
      "type": "Feature",
      "geometry": {
        "type": "Point",
        "coordinates": [
          27.534966,
          53.861704
        ]
      },
      "properties": {
        "id": "51081",
        "name": "Рыжская",
        "type": "bus"
      }
    },
    {
      "type": "Feature",
      "geometry": {
        "type": "Point",
        "coordinates": [
          27.526663,
          53.867023
        ]
      },
      "properties": {
        "id": "16086151",
        "name": "Казінца",
        "type": "bus"
      }
    },
    {
      "type": "Feature",
      "geometry": {
        "type": "Point",
        "coordinates": [
          27.529206,
          53.865937
        ]
      },
      "properties": {
        "id": "152708",
        "name": "Брэсцкая",
        "type": "bus"
      }
    },
    {
      "type": "Feature",
      "geometry": {
        "type": "Point",
        "coordinates": [
          27.53393,
          53.862817
        ]
      },
      "properties": {
        "id": "51035",
        "name": "Рыжская",
        "type": "bus"
      }
    },
    {
      "type": "Feature",
      "geometry": {
        "type": "Point",
        "coordinates": [
          27.537192,
          53.851978
        ]
      },
      "properties": {
        "id": "15105",
        "name": "Бальніца хуткай дапамогі",
        "type": "bus"
      }
    },
    {
      "type": "Feature",
      "geometry": {
        "type": "Point",
        "coordinates": [
          27.442939,
          53.85214
        ]
      },
      "properties": {
        "id": "14946",
        "name": "Мікрараён",
        "type": "bus"
      }
    },
    {
      "type": "Feature",
      "geometry": {
        "type": "Point",
        "coordinates": [
          27.44594,
          53.853983
        ]
      },
      "properties": {
        "id": "14945",
        "name": "Громава",
        "type": "bus"
      }
    },
    {
      "type": "Feature",
      "geometry": {
        "type": "Point",
        "coordinates": [
          27.477234,
          53.856886
        ]
      },
      "properties": {
        "id": "14911",
        "name": "Студэнцкая вёска",
        "type": "bus"
      }
    },
    {
      "type": "Feature",
      "geometry": {
        "type": "Point",
        "coordinates": [
          27.680783,
          53.952429
        ]
      },
      "properties": {
        "id": "14663",
        "name": "Дзмітрыеў кірмаш",
        "type": "bus"
      }
    },
    {
      "type": "Feature",
      "geometry": {
        "type": "Point",
        "coordinates": [
          27.61116,
          53.880293
        ]
      },
      "properties": {
        "id": "14733",
        "name": "Партызанскі праспект",
        "type": "bus"
      }
    },
    {
      "type": "Feature",
      "geometry": {
        "type": "Point",
        "coordinates": [
          27.626726,
          53.876613
        ]
      },
      "properties": {
        "id": "15809",
        "name": "Станцыя метро «Партызанская»",
        "type": "trolleybus"
      }
    },
    {
      "type": "Feature",
      "geometry": {
        "type": "Point",
        "coordinates": [
          27.490594,
          53.853354
        ]
      },
      "properties": {
        "id": "72458",
        "name": "Некрашэвіча",
        "type": "bus"
      }
    },
    {
      "type": "Feature",
      "geometry": {
        "type": "Point",
        "coordinates": [
          27.486154,
          53.855625
        ]
      },
      "properties": {
        "id": "72435",
        "name": "Каралінскі праезд",
        "type": "bus"
      }
    },
    {
      "type": "Feature",
      "geometry": {
        "type": "Point",
        "coordinates": [
          27.497422,
          53.859823
        ]
      },
      "properties": {
        "id": "15689",
        "name": "МНПЦ хірургіі, транспланталогіі і гематалогіі",
        "type": "bus"
      }
    },
    {
      "type": "Feature",
      "geometry": {
        "type": "Point",
        "coordinates": [
          27.496449,
          53.86448
        ]
      },
      "properties": {
        "id": "15688",
        "name": "Ручай Мышка",
        "type": "bus"
      }
    },
    {
      "type": "Feature",
      "geometry": {
        "type": "Point",
        "coordinates": [
          27.487253,
          53.854287
        ]
      },
      "properties": {
        "id": "72457",
        "name": "Каралінскі праезд",
        "type": "bus"
      }
    },
    {
      "type": "Feature",
      "geometry": {
        "type": "Point",
        "coordinates": [
          27.497686,
          53.86055
        ]
      },
      "properties": {
        "id": "15691",
        "name": "МНПЦ хірургіі, транспланталогіі і гематалогіі",
        "type": "bus"
      }
    },
    {
      "type": "Feature",
      "geometry": {
        "type": "Point",
        "coordinates": [
          27.496155,
          53.865881
        ]
      },
      "properties": {
        "id": "15692",
        "name": "Ручай Мышка",
        "type": "bus"
      }
    },
    {
      "type": "Feature",
      "geometry": {
        "type": "Point",
        "coordinates": [
          27.705033,
          53.950919
        ]
      },
      "properties": {
        "id": "14435",
        "name": "Палац лёгкай атлетыкі",
        "type": "bus"
      }
    },
    {
      "type": "Feature",
      "geometry": {
        "type": "Point",
        "coordinates": [
          27.706556,
          53.95102
        ]
      },
      "properties": {
        "id": "14434",
        "name": "Палац лёгкай атлетыкі",
        "type": "bus"
      }
    },
    {
      "type": "Feature",
      "geometry": {
        "type": "Point",
        "coordinates": [
          27.713151,
          53.953442
        ]
      },
      "properties": {
        "id": "14436",
        "name": "Спартыўна-стралковы комплекс",
        "type": "bus"
      }
    },
    {
      "type": "Feature",
      "geometry": {
        "type": "Point",
        "coordinates": [
          27.714779,
          53.953591
        ]
      },
      "properties": {
        "id": "14437",
        "name": "Спартыўна-стралковы комплекс",
        "type": "bus"
      }
    },
    {
      "type": "Feature",
      "geometry": {
        "type": "Point",
        "coordinates": [
          27.733656,
          53.961399
        ]
      },
      "properties": {
        "id": "14366",
        "name": "Ваенная акадэмія",
        "type": "bus"
      }
    },
    {
      "type": "Feature",
      "geometry": {
        "type": "Point",
        "coordinates": [
          27.733482,
          53.96178
        ]
      },
      "properties": {
        "id": "14365",
        "name": "Ваенная акадэмія",
        "type": "bus"
      }
    },
    {
      "type": "Feature",
      "geometry": {
        "type": "Point",
        "coordinates": [
          27.605379,
          53.885872
        ]
      },
      "properties": {
        "id": "15478",
        "name": "Шчарбакова",
        "type": "bus"
      }
    },
    {
      "type": "Feature",
      "geometry": {
        "type": "Point",
        "coordinates": [
          27.605093,
          53.885241
        ]
      },
      "properties": {
        "id": "14474",
        "name": "Шчарбакова",
        "type": "bus"
      }
    },
    {
      "type": "Feature",
      "geometry": {
        "type": "Point",
        "coordinates": [
          27.604104,
          53.889724
        ]
      },
      "properties": {
        "id": "15477",
        "name": "Чабатарова",
        "type": "bus"
      }
    },
    {
      "type": "Feature",
      "geometry": {
        "type": "Point",
        "coordinates": [
          27.601245,
          53.881519
        ]
      },
      "properties": {
        "id": "14477",
        "name": "Алега Кашавога",
        "type": "bus"
      }
    },
    {
      "type": "Feature",
      "geometry": {
        "type": "Point",
        "coordinates": [
          27.47798,
          53.841696
        ]
      },
      "properties": {
        "id": "15948",
        "name": "Паварот на філіял БДУ",
        "type": "bus"
      }
    },
    {
      "type": "Feature",
      "geometry": {
        "type": "Point",
        "coordinates": [
          27.496476,
          53.83965
        ]
      },
      "properties": {
        "id": "15947",
        "name": "Ландэра",
        "type": "bus"
      }
    },
    {
      "type": "Feature",
      "geometry": {
        "type": "Point",
        "coordinates": [
          27.49617,
          53.839301
        ]
      },
      "properties": {
        "id": "15950",
        "name": "Ландэра",
        "type": "bus"
      }
    },
    {
      "type": "Feature",
      "geometry": {
        "type": "Point",
        "coordinates": [
          27.469173,
          53.858738
        ]
      },
      "properties": {
        "id": "15593",
        "name": "Паўднёвы Захад-2",
        "type": "bus"
      }
    },
    {
      "type": "Feature",
      "geometry": {
        "type": "Point",
        "coordinates": [
          27.474872,
          53.85844
        ]
      },
      "properties": {
        "id": "15594",
        "name": "Парк Паўлава",
        "type": "bus"
      }
    },
    {
      "type": "Feature",
      "geometry": {
        "type": "Point",
        "coordinates": [
          27.533689,
          53.843158
        ]
      },
      "properties": {
        "id": "15089",
        "name": "Станцыя метро «Слуцкі Гасцінец»",
        "type": "bus"
      }
    },
    {
      "type": "Feature",
      "geometry": {
        "type": "Point",
        "coordinates": [
          27.477774,
          53.861334
        ]
      },
      "properties": {
        "id": "15571",
        "name": "Універсам «Валгаград»",
        "type": "bus"
      }
    },
    {
      "type": "Feature",
      "geometry": {
        "type": "Point",
        "coordinates": [
          27.479314,
          53.86222
        ]
      },
      "properties": {
        "id": "15595",
        "name": "Універсам «Валгаград»",
        "type": "bus"
      }
    },
    {
      "type": "Feature",
      "geometry": {
        "type": "Point",
        "coordinates": [
          27.538407,
          53.887021
        ]
      },
      "properties": {
        "id": "15843",
        "name": "Станцыя метро «Інстытут Культуры»",
        "type": "trolleybus"
      }
    },
    {
      "type": "Feature",
      "geometry": {
        "type": "Point",
        "coordinates": [
          27.553206,
          53.833373
        ]
      },
      "properties": {
        "id": "15985",
        "name": "Паварот на Мінскрыбпрам",
        "type": "bus"
      }
    },
    {
      "type": "Feature",
      "geometry": {
        "type": "Point",
        "coordinates": [
          27.574384,
          53.834835
        ]
      },
      "properties": {
        "id": "58334",
        "name": "Ігуменскі тракт",
        "type": "bus"
      }
    },
    {
      "type": "Feature",
      "geometry": {
        "type": "Point",
        "coordinates": [
          27.574156,
          53.838781
        ]
      },
      "properties": {
        "id": "15456",
        "name": "Янкі Лучыны",
        "type": "bus"
      }
    },
    {
      "type": "Feature",
      "geometry": {
        "type": "Point",
        "coordinates": [
          27.580824,
          53.839607
        ]
      },
      "properties": {
        "id": "15486",
        "name": "Гімназія №40",
        "type": "bus"
      }
    },
    {
      "type": "Feature",
      "geometry": {
        "type": "Point",
        "coordinates": [
          27.58662,
          53.839654
        ]
      },
      "properties": {
        "id": "15485",
        "name": "Лошыца-9",
        "type": "bus"
      }
    },
    {
      "type": "Feature",
      "geometry": {
        "type": "Point",
        "coordinates": [
          27.452951,
          53.881825
        ]
      },
      "properties": {
        "id": "58337",
        "name": "Янкоўскага",
        "type": "trolleybus"
      }
    },
    {
      "type": "Feature",
      "geometry": {
        "type": "Point",
        "coordinates": [
          27.581543,
          53.904125
        ]
      },
      "properties": {
        "id": "15633",
        "name": "Захарава",
        "type": "bus"
      }
    },
    {
      "type": "Feature",
      "geometry": {
        "type": "Point",
        "coordinates": [
          27.582745,
          53.902441
        ]
      },
      "properties": {
        "id": "15605",
        "name": "Захарава",
        "type": "bus"
      }
    },
    {
      "type": "Feature",
      "geometry": {
        "type": "Point",
        "coordinates": [
          27.6558,
          53.926806
        ]
      },
      "properties": {
        "id": "14419",
        "name": "Дом міласэрнасці",
        "type": "bus"
      }
    },
    {
      "type": "Feature",
      "geometry": {
        "type": "Point",
        "coordinates": [
          27.654118,
          53.927202
        ]
      },
      "properties": {
        "id": "14418",
        "name": "Дом міласэрнасці",
        "type": "bus"
      }
    },
    {
      "type": "Feature",
      "geometry": {
        "type": "Point",
        "coordinates": [
          27.655524,
          53.850022
        ]
      },
      "properties": {
        "id": "14584",
        "name": "Аўтобусны парк №6",
        "type": "bus"
      }
    },
    {
      "type": "Feature",
      "geometry": {
        "type": "Point",
        "coordinates": [
          27.654591,
          53.849786
        ]
      },
      "properties": {
        "id": "14586",
        "name": "Аўтобусны парк №6",
        "type": "bus"
      }
    },
    {
      "type": "Feature",
      "geometry": {
        "type": "Point",
        "coordinates": [
          27.653805,
          53.850331
        ]
      },
      "properties": {
        "id": "14624",
        "name": "Аўтобусны парк №6",
        "type": "bus"
      }
    },
    {
      "type": "Feature",
      "geometry": {
        "type": "Point",
        "coordinates": [
          27.607886,
          53.88181
        ]
      },
      "properties": {
        "id": "15941",
        "name": "Будзёнага",
        "type": "bus"
      }
    },
    {
      "type": "Feature",
      "geometry": {
        "type": "Point",
        "coordinates": [
          27.613188,
          53.884095
        ]
      },
      "properties": {
        "id": "15940",
        "name": "Стаханаўская",
        "type": "bus"
      }
    },
    {
      "type": "Feature",
      "geometry": {
        "type": "Point",
        "coordinates": [
          27.563671,
          53.83877
        ]
      },
      "properties": {
        "id": "15489",
        "name": "Уладзіслава Сыракомлі",
        "type": "trolleybus"
      }
    },
    {
      "type": "Feature",
      "geometry": {
        "type": "Point",
        "coordinates": [
          27.564519,
          53.839217
        ]
      },
      "properties": {
        "id": "15457",
        "name": "Уладзіслава Сыракомлі",
        "type": "trolleybus"
      }
    },
    {
      "type": "Feature",
      "geometry": {
        "type": "Point",
        "coordinates": [
          27.562869,
          53.839905
        ]
      },
      "properties": {
        "id": "16125",
        "name": "Уладзіслава Сыракомлі",
        "type": "bus"
      }
    },
    {
      "type": "Feature",
      "geometry": {
        "type": "Point",
        "coordinates": [
          27.56049,
          53.842611
        ]
      },
      "properties": {
        "id": "16124",
        "name": "Лошыца-3",
        "type": "bus"
      }
    },
    {
      "type": "Feature",
      "geometry": {
        "type": "Point",
        "coordinates": [
          27.560981,
          53.841457
        ]
      },
      "properties": {
        "id": "16123",
        "name": "Лошыца-3",
        "type": "bus"
      }
    },
    {
      "type": "Feature",
      "geometry": {
        "type": "Point",
        "coordinates": [
          27.575627,
          53.835442
        ]
      },
      "properties": {
        "id": "15465",
        "name": "Ігуменскі тракт",
        "type": "trolleybus"
      }
    },
    {
      "type": "Feature",
      "geometry": {
        "type": "Point",
        "coordinates": [
          27.567279,
          53.839477
        ]
      },
      "properties": {
        "id": "15488",
        "name": "Школа №130",
        "type": "trolleybus"
      }
    },
    {
      "type": "Feature",
      "geometry": {
        "type": "Point",
        "coordinates": [
          27.568942,
          53.839257
        ]
      },
      "properties": {
        "id": "15458",
        "name": "Школа №130",
        "type": "trolleybus"
      }
    },
    {
      "type": "Feature",
      "geometry": {
        "type": "Point",
        "coordinates": [
          27.573361,
          53.839562
        ]
      },
      "properties": {
        "id": "15487",
        "name": "Янкі Лучыны",
        "type": "trolleybus"
      }
    },
    {
      "type": "Feature",
      "geometry": {
        "type": "Point",
        "coordinates": [
          27.575501,
          53.839313
        ]
      },
      "properties": {
        "id": "15459",
        "name": "Янкі Лучыны",
        "type": "bus"
      }
    },
    {
      "type": "Feature",
      "geometry": {
        "type": "Point",
        "coordinates": [
          27.572929,
          53.84218
        ]
      },
      "properties": {
        "id": "15455",
        "name": "Іосіфа Гашкевіча",
        "type": "trolleybus"
      }
    },
    {
      "type": "Feature",
      "geometry": {
        "type": "Point",
        "coordinates": [
          27.572062,
          53.843087
        ]
      },
      "properties": {
        "id": "15492",
        "name": "Іосіфа Гашкевіча",
        "type": "trolleybus"
      }
    },
    {
      "type": "Feature",
      "geometry": {
        "type": "Point",
        "coordinates": [
          27.558913,
          53.845264
        ]
      },
      "properties": {
        "id": "16126",
        "name": "Паўла Шпілеўскага",
        "type": "bus"
      }
    },
    {
      "type": "Feature",
      "geometry": {
        "type": "Point",
        "coordinates": [
          27.559477,
          53.84947
        ]
      },
      "properties": {
        "id": "72008",
        "name": "Каруся Каганца",
        "type": "bus"
      }
    },
    {
      "type": "Feature",
      "geometry": {
        "type": "Point",
        "coordinates": [
          27.558723,
          53.848988
        ]
      },
      "properties": {
        "id": "16128",
        "name": "Каруся Каганца",
        "type": "bus"
      }
    },
    {
      "type": "Feature",
      "geometry": {
        "type": "Point",
        "coordinates": [
          27.559252,
          53.846676
        ]
      },
      "properties": {
        "id": "16127",
        "name": "Паўла Шпілеўскага",
        "type": "bus"
      }
    },
    {
      "type": "Feature",
      "geometry": {
        "type": "Point",
        "coordinates": [
          27.564669,
          53.845869
        ]
      },
      "properties": {
        "id": "191173",
        "name": "Драздовіча",
        "type": "bus"
      }
    },
    {
      "type": "Feature",
      "geometry": {
        "type": "Point",
        "coordinates": [
          27.569066,
          53.845259
        ]
      },
      "properties": {
        "id": "15454",
        "name": "Завулак Чыжэўскіх",
        "type": "trolleybus"
      }
    },
    {
      "type": "Feature",
      "geometry": {
        "type": "Point",
        "coordinates": [
          27.567922,
          53.846133
        ]
      },
      "properties": {
        "id": "16129",
        "name": "Завулак Чыжэўскіх",
        "type": "bus"
      }
    },
    {
      "type": "Feature",
      "geometry": {
        "type": "Point",
        "coordinates": [
          27.569404,
          53.846737
        ]
      },
      "properties": {
        "id": "15493",
        "name": "Завулак Чыжэўскіх",
        "type": "bus"
      }
    },
    {
      "type": "Feature",
      "geometry": {
        "type": "Point",
        "coordinates": [
          27.570647,
          53.850145
        ]
      },
      "properties": {
        "id": "15452",
        "name": "Чыжэўскіх",
        "type": "bus"
      }
    },
    {
      "type": "Feature",
      "geometry": {
        "type": "Point",
        "coordinates": [
          27.571593,
          53.851218
        ]
      },
      "properties": {
        "id": "15494",
        "name": "Чыжэўскіх",
        "type": "bus"
      }
    },
    {
      "type": "Feature",
      "geometry": {
        "type": "Point",
        "coordinates": [
          27.579489,
          53.834682
        ]
      },
      "properties": {
        "id": "15466",
        "name": "АЗС",
        "type": "trolleybus"
      }
    },
    {
      "type": "Feature",
      "geometry": {
        "type": "Point",
        "coordinates": [
          27.578669,
          53.835206
        ]
      },
      "properties": {
        "id": "15464",
        "name": "АЗС",
        "type": "bus"
      }
    },
    {
      "type": "Feature",
      "geometry": {
        "type": "Point",
        "coordinates": [
          27.587528,
          53.838901
        ]
      },
      "properties": {
        "id": "15461",
        "name": "Лошыца-9",
        "type": "bus"
      }
    },
    {
      "type": "Feature",
      "geometry": {
        "type": "Point",
        "coordinates": [
          27.58863,
          53.839426
        ]
      },
      "properties": {
        "id": "15469",
        "name": "Лошыца-9",
        "type": "bus"
      }
    },
    {
      "type": "Feature",
      "geometry": {
        "type": "Point",
        "coordinates": [
          27.550309,
          53.908754
        ]
      },
      "properties": {
        "id": "15009",
        "name": "Палац Спорту",
        "type": "bus"
      }
    },
    {
      "type": "Feature",
      "geometry": {
        "type": "Point",
        "coordinates": [
          27.54568,
          53.912563
        ]
      },
      "properties": {
        "id": "15010",
        "name": "Гасцініца Юбілейная",
        "type": "bus"
      }
    },
    {
      "type": "Feature",
      "geometry": {
        "type": "Point",
        "coordinates": [
          27.546984,
          53.911336
        ]
      },
      "properties": {
        "id": "15114",
        "name": "Гасцініца Юбілейная",
        "type": "bus"
      }
    },
    {
      "type": "Feature",
      "geometry": {
        "type": "Point",
        "coordinates": [
          27.682805,
          53.92661
        ]
      },
      "properties": {
        "id": "14410",
        "name": "Парк высокіх тэхналогій",
        "type": "bus"
      }
    },
    {
      "type": "Feature",
      "geometry": {
        "type": "Point",
        "coordinates": [
          27.684238,
          53.92687
        ]
      },
      "properties": {
        "id": "14409",
        "name": "Парк высокіх тэхналогій",
        "type": "bus"
      }
    },
    {
      "type": "Feature",
      "geometry": {
        "type": "Point",
        "coordinates": [
          27.699833,
          53.928732
        ]
      },
      "properties": {
        "id": "14633",
        "name": "Францыска Скарыны",
        "type": "bus"
      }
    },
    {
      "type": "Feature",
      "geometry": {
        "type": "Point",
        "coordinates": [
          27.689052,
          53.927587
        ]
      },
      "properties": {
        "id": "14407",
        "name": "Акадэмгарадок",
        "type": "bus"
      }
    },
    {
      "type": "Feature",
      "geometry": {
        "type": "Point",
        "coordinates": [
          27.6987,
          53.941834
        ]
      },
      "properties": {
        "id": "14643",
        "name": "Рынак «Уручча-3»",
        "type": "bus"
      }
    },
    {
      "type": "Feature",
      "geometry": {
        "type": "Point",
        "coordinates": [
          27.690221,
          53.927374
        ]
      },
      "properties": {
        "id": "14408",
        "name": "Акадэмгарадок",
        "type": "bus"
      }
    },
    {
      "type": "Feature",
      "geometry": {
        "type": "Point",
        "coordinates": [
          27.700225,
          53.929803
        ]
      },
      "properties": {
        "id": "14628",
        "name": "Францыска Скарыны",
        "type": "bus"
      }
    },
    {
      "type": "Feature",
      "geometry": {
        "type": "Point",
        "coordinates": [
          27.69533,
          53.924868
        ]
      },
      "properties": {
        "id": "14406",
        "name": "Інстытут хіміі новых матэрыялаў",
        "type": "bus"
      }
    },
    {
      "type": "Feature",
      "geometry": {
        "type": "Point",
        "coordinates": [
          27.499108,
          53.90995
        ]
      },
      "properties": {
        "id": "14590",
        "name": "Берута",
        "type": "bus"
      }
    },
    {
      "type": "Feature",
      "geometry": {
        "type": "Point",
        "coordinates": [
          27.578354,
          53.91015
        ]
      },
      "properties": {
        "id": "15742",
        "name": "Праспект Незалежнасці",
        "type": "bus"
      }
    },
    {
      "type": "Feature",
      "geometry": {
        "type": "Point",
        "coordinates": [
          27.518469,
          53.859887
        ]
      },
      "properties": {
        "id": "15063",
        "name": "Міжнародны ўніверсітэт",
        "type": "bus"
      }
    },
    {
      "type": "Feature",
      "geometry": {
        "type": "Point",
        "coordinates": [
          27.573595,
          53.907718
        ]
      },
      "properties": {
        "id": "15861",
        "name": "Плошча Перамогі",
        "type": "trolleybus"
      }
    },
    {
      "type": "Feature",
      "geometry": {
        "type": "Point",
        "coordinates": [
          27.603494,
          53.967791
        ]
      },
      "properties": {
        "id": "16011",
        "name": "АЗС",
        "type": "bus"
      }
    },
    {
      "type": "Feature",
      "geometry": {
        "type": "Point",
        "coordinates": [
          27.490695,
          53.840556
        ]
      },
      "properties": {
        "id": "15034",
        "name": "Магазін",
        "type": "bus"
      }
    },
    {
      "type": "Feature",
      "geometry": {
        "type": "Point",
        "coordinates": [
          27.693917,
          53.840861
        ]
      },
      "properties": {
        "id": "14751",
        "name": "Ротмістрава",
        "type": "bus"
      }
    },
    {
      "type": "Feature",
      "geometry": {
        "type": "Point",
        "coordinates": [
          27.578741,
          53.911773
        ]
      },
      "properties": {
        "id": "15744",
        "name": "Казлова",
        "type": "trolleybus"
      }
    },
    {
      "type": "Feature",
      "geometry": {
        "type": "Point",
        "coordinates": [
          27.677764,
          53.911744
        ]
      },
      "properties": {
        "id": "15384",
        "name": "Сцяпянка (высадка пасажыраў)",
        "type": "bus"
      }
    },
    {
      "type": "Feature",
      "geometry": {
        "type": "Point",
        "coordinates": [
          27.57528,
          53.899404
        ]
      },
      "properties": {
        "id": "15986",
        "name": "Парк Горкага",
        "type": "bus"
      }
    },
    {
      "type": "Feature",
      "geometry": {
        "type": "Point",
        "coordinates": [
          27.579628,
          53.825013
        ]
      },
      "properties": {
        "id": "15990",
        "name": "Ручай",
        "type": "bus"
      }
    },
    {
      "type": "Feature",
      "geometry": {
        "type": "Point",
        "coordinates": [
          27.496167,
          53.902358
        ]
      },
      "properties": {
        "id": "14704",
        "name": "Адоеўскага",
        "type": "bus"
      }
    },
    {
      "type": "Feature",
      "geometry": {
        "type": "Point",
        "coordinates": [
          27.553841,
          53.917689
        ]
      },
      "properties": {
        "id": "58359",
        "name": "Тэатральны",
        "type": "bus"
      }
    },
    {
      "type": "Feature",
      "geometry": {
        "type": "Point",
        "coordinates": [
          27.627844,
          53.923922
        ]
      },
      "properties": {
        "id": "14425",
        "name": "Белдзяржтэлерадаё",
        "type": "bus"
      }
    },
    {
      "type": "Feature",
      "geometry": {
        "type": "Point",
        "coordinates": [
          27.447914,
          53.937222
        ]
      },
      "properties": {
        "id": "14557",
        "name": "Ратамская",
        "type": "bus"
      }
    },
    {
      "type": "Feature",
      "geometry": {
        "type": "Point",
        "coordinates": [
          27.550688,
          53.923868
        ]
      },
      "properties": {
        "id": "14961",
        "name": "Чарвякова",
        "type": "bus"
      }
    },
    {
      "type": "Feature",
      "geometry": {
        "type": "Point",
        "coordinates": [
          27.494954,
          53.927588
        ]
      },
      "properties": {
        "id": "15237",
        "name": "Міхалянка",
        "type": "bus"
      }
    },
    {
      "type": "Feature",
      "geometry": {
        "type": "Point",
        "coordinates": [
          27.670375,
          53.86631
        ]
      },
      "properties": {
        "id": "15966",
        "name": "Варвашэні, 6",
        "type": "bus"
      }
    },
    {
      "type": "Feature",
      "geometry": {
        "type": "Point",
        "coordinates": [
          27.671606,
          53.87309
        ]
      },
      "properties": {
        "id": "15972",
        "name": "Алтайская",
        "type": "bus"
      }
    },
    {
      "type": "Feature",
      "geometry": {
        "type": "Point",
        "coordinates": [
          27.502946,
          53.923434
        ]
      },
      "properties": {
        "id": "14841",
        "name": "Чыгладзэ",
        "type": "bus"
      }
    },
    {
      "type": "Feature",
      "geometry": {
        "type": "Point",
        "coordinates": [
          27.572922,
          53.907743
        ]
      },
      "properties": {
        "id": "15860",
        "name": "Плошча Перамогі",
        "type": "trolleybus"
      }
    },
    {
      "type": "Feature",
      "geometry": {
        "type": "Point",
        "coordinates": [
          27.438956,
          53.849661
        ]
      },
      "properties": {
        "id": "71193",
        "name": "Малінаўка-6",
        "type": "bus"
      }
    },
    {
      "type": "Feature",
      "geometry": {
        "type": "Point",
        "coordinates": [
          27.474168,
          53.944402
        ]
      },
      "properties": {
        "id": "69234",
        "name": "Веснінка 10",
        "type": "bus"
      }
    },
    {
      "type": "Feature",
      "geometry": {
        "type": "Point",
        "coordinates": [
          27.490593,
          53.929749
        ]
      },
      "properties": {
        "id": "14564",
        "name": "Мікрараён Вяснянка",
        "type": "bus"
      }
    },
    {
      "type": "Feature",
      "geometry": {
        "type": "Point",
        "coordinates": [
          27.501798,
          53.928223
        ]
      },
      "properties": {
        "id": "14565",
        "name": "Лесі Украінкі",
        "type": "bus"
      }
    },
    {
      "type": "Feature",
      "geometry": {
        "type": "Point",
        "coordinates": [
          27.482386,
          53.93732
        ]
      },
      "properties": {
        "id": "54757",
        "name": "Мінск-Арэна",
        "type": "bus"
      }
    },
    {
      "type": "Feature",
      "geometry": {
        "type": "Point",
        "coordinates": [
          27.479295,
          53.91745
        ]
      },
      "properties": {
        "id": "15257",
        "name": "Жудро",
        "type": "bus"
      }
    },
    {
      "type": "Feature",
      "geometry": {
        "type": "Point",
        "coordinates": [
          27.480586,
          53.94148
        ]
      },
      "properties": {
        "id": "58379",
        "name": "Веснінка",
        "type": "bus"
      }
    },
    {
      "type": "Feature",
      "geometry": {
        "type": "Point",
        "coordinates": [
          27.479767,
          53.914341
        ]
      },
      "properties": {
        "id": "15248",
        "name": "Індустрыяльна-педагагічны каледж",
        "type": "bus"
      }
    },
    {
      "type": "Feature",
      "geometry": {
        "type": "Point",
        "coordinates": [
          27.615175,
          53.865445
        ]
      },
      "properties": {
        "id": "15804",
        "name": "Гараўца",
        "type": "bus"
      }
    },
    {
      "type": "Feature",
      "geometry": {
        "type": "Point",
        "coordinates": [
          27.478588,
          53.930126
        ]
      },
      "properties": {
        "id": "14554",
        "name": "2-я Гарадская дзіцячая бальніца",
        "type": "bus"
      }
    },
    {
      "type": "Feature",
      "geometry": {
        "type": "Point",
        "coordinates": [
          27.616149,
          53.889016
        ]
      },
      "properties": {
        "id": "15813",
        "name": "Станцыя метро «Трактарны завод»",
        "type": "bus"
      }
    },
    {
      "type": "Feature",
      "geometry": {
        "type": "Point",
        "coordinates": [
          27.607741,
          53.881332
        ]
      },
      "properties": {
        "id": "15942",
        "name": "Будзёнага",
        "type": "bus"
      }
    },
    {
      "type": "Feature",
      "geometry": {
        "type": "Point",
        "coordinates": [
          27.614249,
          53.88442
        ]
      },
      "properties": {
        "id": "15943",
        "name": "Стаханаўская",
        "type": "bus"
      }
    },
    {
      "type": "Feature",
      "geometry": {
        "type": "Point",
        "coordinates": [
          27.598479,
          53.878211
        ]
      },
      "properties": {
        "id": "15831",
        "name": "Цэнтр тэхнічнай творчасці",
        "type": "bus"
      }
    },
    {
      "type": "Feature",
      "geometry": {
        "type": "Point",
        "coordinates": [
          27.516219,
          53.887003
        ]
      },
      "properties": {
        "id": "15205",
        "name": "Станцыя метро «Грушаўка»",
        "type": "bus"
      }
    },
    {
      "type": "Feature",
      "geometry": {
        "type": "Point",
        "coordinates": [
          27.486436,
          53.880534
        ]
      },
      "properties": {
        "id": "14906",
        "name": "Янкі Брыля",
        "type": "bus"
      }
    },
    {
      "type": "Feature",
      "geometry": {
        "type": "Point",
        "coordinates": [
          27.482453,
          53.937673
        ]
      },
      "properties": {
        "id": "54761",
        "name": "Мінск-Арэна",
        "type": "bus"
      }
    },
    {
      "type": "Feature",
      "geometry": {
        "type": "Point",
        "coordinates": [
          27.50045,
          53.94324
        ]
      },
      "properties": {
        "id": "15951",
        "name": "Дыпгарадок",
        "type": "bus"
      }
    },
    {
      "type": "Feature",
      "geometry": {
        "type": "Point",
        "coordinates": [
          27.615102,
          53.907157
        ]
      },
      "properties": {
        "id": "14742",
        "name": "Мендзялеева",
        "type": "bus"
      }
    },
    {
      "type": "Feature",
      "geometry": {
        "type": "Point",
        "coordinates": [
          27.509686,
          53.928376
        ]
      },
      "properties": {
        "id": "54519",
        "name": "2-е кальцо",
        "type": "bus"
      }
    },
    {
      "type": "Feature",
      "geometry": {
        "type": "Point",
        "coordinates": [
          27.605631,
          53.89754
        ]
      },
      "properties": {
        "id": "15815",
        "name": "Уральская",
        "type": "bus"
      }
    },
    {
      "type": "Feature",
      "geometry": {
        "type": "Point",
        "coordinates": [
          27.614791,
          53.889534
        ]
      },
      "properties": {
        "id": "15814",
        "name": "Станцыя метро «Трактарны завод»",
        "type": "bus"
      }
    },
    {
      "type": "Feature",
      "geometry": {
        "type": "Point",
        "coordinates": [
          27.509299,
          53.928695
        ]
      },
      "properties": {
        "id": "54537",
        "name": "2-е кальцо",
        "type": "trolleybus"
      }
    },
    {
      "type": "Feature",
      "geometry": {
        "type": "Point",
        "coordinates": [
          27.59974,
          53.880238
        ]
      },
      "properties": {
        "id": "15830",
        "name": "Алега Кашавога",
        "type": "bus"
      }
    },
    {
      "type": "Feature",
      "geometry": {
        "type": "Point",
        "coordinates": [
          27.677102,
          53.911215
        ]
      },
      "properties": {
        "id": "15385",
        "name": "Сцяпянка (пасадка пасажыраў)",
        "type": "bus"
      }
    },
    {
      "type": "Feature",
      "geometry": {
        "type": "Point",
        "coordinates": [
          27.616626,
          53.90692
        ]
      },
      "properties": {
        "id": "14771",
        "name": "Мендзялеева",
        "type": "bus"
      }
    },
    {
      "type": "Feature",
      "geometry": {
        "type": "Point",
        "coordinates": [
          27.65115,
          53.8971
        ]
      },
      "properties": {
        "id": "15364",
        "name": "Прафтэхкаледж",
        "type": "bus"
      }
    },
    {
      "type": "Feature",
      "geometry": {
        "type": "Point",
        "coordinates": [
          27.536197,
          53.872646
        ]
      },
      "properties": {
        "id": "56645",
        "name": "Стары Аэрапорт",
        "type": "bus"
      }
    },
    {
      "type": "Feature",
      "geometry": {
        "type": "Point",
        "coordinates": [
          27.614289,
          53.882724
        ]
      },
      "properties": {
        "id": "14780",
        "name": "Стадыён Трактар",
        "type": "bus"
      }
    },
    {
      "type": "Feature",
      "geometry": {
        "type": "Point",
        "coordinates": [
          27.555895,
          53.903188
        ]
      },
      "properties": {
        "id": "16238",
        "name": "Плошча Свабоды",
        "type": "bus"
      }
    },
    {
      "type": "Feature",
      "geometry": {
        "type": "Point",
        "coordinates": [
          27.610106,
          53.879732
        ]
      },
      "properties": {
        "id": "14781",
        "name": "Партызанскі праспект",
        "type": "bus"
      }
    },
    {
      "type": "Feature",
      "geometry": {
        "type": "Point",
        "coordinates": [
          27.50109,
          53.927035
        ]
      },
      "properties": {
        "id": "15236",
        "name": "Міхася Лынькова",
        "type": "bus"
      }
    },
    {
      "type": "Feature",
      "geometry": {
        "type": "Point",
        "coordinates": [
          27.621246,
          53.885252
        ]
      },
      "properties": {
        "id": "14779",
        "name": "Даўгабродская вуліца",
        "type": "bus"
      }
    },
    {
      "type": "Feature",
      "geometry": {
        "type": "Point",
        "coordinates": [
          27.484493,
          53.928558
        ]
      },
      "properties": {
        "id": "15239",
        "name": "Пятра Глебкі",
        "type": "bus"
      }
    },
    {
      "type": "Feature",
      "geometry": {
        "type": "Point",
        "coordinates": [
          27.593648,
          53.876275
        ]
      },
      "properties": {
        "id": "14796",
        "name": "Аўтабаза",
        "type": "bus"
      }
    },
    {
      "type": "Feature",
      "geometry": {
        "type": "Point",
        "coordinates": [
          27.586396,
          53.874789
        ]
      },
      "properties": {
        "id": "14802",
        "name": "Тралейбусны парк",
        "type": "bus"
      }
    },
    {
      "type": "Feature",
      "geometry": {
        "type": "Point",
        "coordinates": [
          27.607354,
          53.877316
        ]
      },
      "properties": {
        "id": "14782",
        "name": "Эканамічны ўніверсітэт",
        "type": "bus"
      }
    },
    {
      "type": "Feature",
      "geometry": {
        "type": "Point",
        "coordinates": [
          27.489268,
          53.927859
        ]
      },
      "properties": {
        "id": "15230",
        "name": "Гаражы",
        "type": "bus"
      }
    },
    {
      "type": "Feature",
      "geometry": {
        "type": "Point",
        "coordinates": [
          27.599569,
          53.87655
        ]
      },
      "properties": {
        "id": "14795",
        "name": "Цэнтр тэхнічнай творчасці",
        "type": "bus"
      }
    },
    {
      "type": "Feature",
      "geometry": {
        "type": "Point",
        "coordinates": [
          27.686175,
          53.881182
        ]
      },
      "properties": {
        "id": "15320",
        "name": "Школа №141",
        "type": "bus"
      }
    },
    {
      "type": "Feature",
      "geometry": {
        "type": "Point",
        "coordinates": [
          27.495833,
          53.927384
        ]
      },
      "properties": {
        "id": "15231",
        "name": "Міхалянка",
        "type": "bus"
      }
    },
    {
      "type": "Feature",
      "geometry": {
        "type": "Point",
        "coordinates": [
          27.691342,
          53.871608
        ]
      },
      "properties": {
        "id": "15322",
        "name": "Кальцавая дарога",
        "type": "bus"
      }
    },
    {
      "type": "Feature",
      "geometry": {
        "type": "Point",
        "coordinates": [
          27.498141,
          53.919518
        ]
      },
      "properties": {
        "id": "14840",
        "name": "Праспект Пушкіна",
        "type": "bus"
      }
    },
    {
      "type": "Feature",
      "geometry": {
        "type": "Point",
        "coordinates": [
          27.579991,
          53.873588
        ]
      },
      "properties": {
        "id": "14803",
        "name": "Сакалянскі завулак",
        "type": "bus"
      }
    },
    {
      "type": "Feature",
      "geometry": {
        "type": "Point",
        "coordinates": [
          27.550697,
          53.90788
        ]
      },
      "properties": {
        "id": "15115",
        "name": "Замчышча",
        "type": "bus"
      }
    },
    {
      "type": "Feature",
      "geometry": {
        "type": "Point",
        "coordinates": [
          27.667745,
          53.86868
        ]
      },
      "properties": {
        "id": "15973",
        "name": "Алтайскі завулак",
        "type": "bus"
      }
    },
    {
      "type": "Feature",
      "geometry": {
        "type": "Point",
        "coordinates": [
          27.670115,
          53.865425
        ]
      },
      "properties": {
        "id": "15965",
        "name": "Варвашэні, 6",
        "type": "bus"
      }
    },
    {
      "type": "Feature",
      "geometry": {
        "type": "Point",
        "coordinates": [
          27.558009,
          53.900245
        ]
      },
      "properties": {
        "id": "15866",
        "name": "Леніна",
        "type": "trolleybus"
      }
    },
    {
      "type": "Feature",
      "geometry": {
        "type": "Point",
        "coordinates": [
          27.6765,
          53.871891
        ]
      },
      "properties": {
        "id": "15963",
        "name": "Ахоцкая",
        "type": "bus"
      }
    },
    {
      "type": "Feature",
      "geometry": {
        "type": "Point",
        "coordinates": [
          27.586225,
          53.87444
        ]
      },
      "properties": {
        "id": "14729",
        "name": "Тралейбусны парк",
        "type": "bus"
      }
    },
    {
      "type": "Feature",
      "geometry": {
        "type": "Point",
        "coordinates": [
          27.58072,
          53.873374
        ]
      },
      "properties": {
        "id": "14728",
        "name": "Сакалянскі завулак",
        "type": "bus"
      }
    },
    {
      "type": "Feature",
      "geometry": {
        "type": "Point",
        "coordinates": [
          27.57339,
          53.87259
        ]
      },
      "properties": {
        "id": "14727",
        "name": "Маякоўскага",
        "type": "bus"
      }
    },
    {
      "type": "Feature",
      "geometry": {
        "type": "Point",
        "coordinates": [
          27.608538,
          53.877551
        ]
      },
      "properties": {
        "id": "14732",
        "name": "Эканамічны ўніверсітэт",
        "type": "bus"
      }
    },
    {
      "type": "Feature",
      "geometry": {
        "type": "Point",
        "coordinates": [
          27.598766,
          53.876076
        ]
      },
      "properties": {
        "id": "14731",
        "name": "Цэнтр тэхнічнай творчасці",
        "type": "bus"
      }
    },
    {
      "type": "Feature",
      "geometry": {
        "type": "Point",
        "coordinates": [
          27.593178,
          53.875845
        ]
      },
      "properties": {
        "id": "14730",
        "name": "Аўтабаза",
        "type": "bus"
      }
    },
    {
      "type": "Feature",
      "geometry": {
        "type": "Point",
        "coordinates": [
          27.586176,
          53.899088
        ]
      },
      "properties": {
        "id": "15632",
        "name": "Саламяная",
        "type": "bus"
      }
    },
    {
      "type": "Feature",
      "geometry": {
        "type": "Point",
        "coordinates": [
          27.586632,
          53.892102
        ]
      },
      "properties": {
        "id": "15630",
        "name": "ДС Усходняя (пасадка пасажыраў)",
        "type": "bus"
      }
    },
    {
      "type": "Feature",
      "geometry": {
        "type": "Point",
        "coordinates": [
          27.563205,
          53.917076
        ]
      },
      "properties": {
        "id": "15741",
        "name": "Праспект Машэрава",
        "type": "bus"
      }
    },
    {
      "type": "Feature",
      "geometry": {
        "type": "Point",
        "coordinates": [
          27.573786,
          53.909768
        ]
      },
      "properties": {
        "id": "15634",
        "name": "Плошча Перамогі",
        "type": "bus"
      }
    },
    {
      "type": "Feature",
      "geometry": {
        "type": "Point",
        "coordinates": [
          27.622322,
          53.945049
        ]
      },
      "properties": {
        "id": "15116",
        "name": "Магазін «Хімрэактывы»",
        "type": "bus"
      }
    },
    {
      "type": "Feature",
      "geometry": {
        "type": "Point",
        "coordinates": [
          27.617602,
          53.940372
        ]
      },
      "properties": {
        "id": "15111",
        "name": "Севастопальскі парк",
        "type": "bus"
      }
    },
    {
      "type": "Feature",
      "geometry": {
        "type": "Point",
        "coordinates": [
          27.677872,
          53.87131
        ]
      },
      "properties": {
        "id": "15969",
        "name": "Ахоцкая",
        "type": "bus"
      }
    },
    {
      "type": "Feature",
      "geometry": {
        "type": "Point",
        "coordinates": [
          27.614197,
          53.936105
        ]
      },
      "properties": {
        "id": "15109",
        "name": "Валгаградская",
        "type": "bus"
      }
    },
    {
      "type": "Feature",
      "geometry": {
        "type": "Point",
        "coordinates": [
          27.670366,
          53.872447
        ]
      },
      "properties": {
        "id": "15968",
        "name": "Алтайская",
        "type": "bus"
      }
    },
    {
      "type": "Feature",
      "geometry": {
        "type": "Point",
        "coordinates": [
          27.611414,
          53.932684
        ]
      },
      "properties": {
        "id": "15121",
        "name": "Бялінскага",
        "type": "bus"
      }
    },
    {
      "type": "Feature",
      "geometry": {
        "type": "Point",
        "coordinates": [
          27.668164,
          53.86927
        ]
      },
      "properties": {
        "id": "15967",
        "name": "Алтайскі завулак",
        "type": "bus"
      }
    },
    {
      "type": "Feature",
      "geometry": {
        "type": "Point",
        "coordinates": [
          27.551286,
          53.896515
        ]
      },
      "properties": {
        "id": "15868",
        "name": "Валадарскага",
        "type": "trolleybus"
      }
    },
    {
      "type": "Feature",
      "geometry": {
        "type": "Point",
        "coordinates": [
          27.613712,
          53.901218
        ]
      },
      "properties": {
        "id": "15435",
        "name": "Фролікава",
        "type": "bus"
      }
    },
    {
      "type": "Feature",
      "geometry": {
        "type": "Point",
        "coordinates": [
          27.607137,
          53.898648
        ]
      },
      "properties": {
        "id": "15473",
        "name": "Уральская",
        "type": "bus"
      }
    },
    {
      "type": "Feature",
      "geometry": {
        "type": "Point",
        "coordinates": [
          27.597531,
          53.903898
        ]
      },
      "properties": {
        "id": "15316",
        "name": "Гіпсавы завод",
        "type": "bus"
      }
    },
    {
      "type": "Feature",
      "geometry": {
        "type": "Point",
        "coordinates": [
          27.566756,
          53.927684
        ]
      },
      "properties": {
        "id": "15721",
        "name": "Кульман",
        "type": "bus"
      }
    },
    {
      "type": "Feature",
      "geometry": {
        "type": "Point",
        "coordinates": [
          27.565767,
          53.938463
        ]
      },
      "properties": {
        "id": "15713",
        "name": "Лілі Карастаянавай",
        "type": "bus"
      }
    },
    {
      "type": "Feature",
      "geometry": {
        "type": "Point",
        "coordinates": [
          27.589516,
          53.894955
        ]
      },
      "properties": {
        "id": "15607",
        "name": "Андрэеўская",
        "type": "bus"
      }
    },
    {
      "type": "Feature",
      "geometry": {
        "type": "Point",
        "coordinates": [
          27.586707,
          53.898055
        ]
      },
      "properties": {
        "id": "15606",
        "name": "Саламяная",
        "type": "bus"
      }
    },
    {
      "type": "Feature",
      "geometry": {
        "type": "Point",
        "coordinates": [
          27.575014,
          53.908038
        ]
      },
      "properties": {
        "id": "15604",
        "name": "Плошча Перамогі",
        "type": "bus"
      }
    },
    {
      "type": "Feature",
      "geometry": {
        "type": "Point",
        "coordinates": [
          27.565054,
          53.916532
        ]
      },
      "properties": {
        "id": "15740",
        "name": "Праспект Машэрава",
        "type": "bus"
      }
    },
    {
      "type": "Feature",
      "geometry": {
        "type": "Point",
        "coordinates": [
          27.549789,
          53.925847
        ]
      },
      "properties": {
        "id": "15007",
        "name": "Асіпенка",
        "type": "bus"
      }
    },
    {
      "type": "Feature",
      "geometry": {
        "type": "Point",
        "coordinates": [
          27.547806,
          53.93082
        ]
      },
      "properties": {
        "id": "15006",
        "name": "Веры Слуцкай",
        "type": "bus"
      }
    },
    {
      "type": "Feature",
      "geometry": {
        "type": "Point",
        "coordinates": [
          27.546395,
          53.934278
        ]
      },
      "properties": {
        "id": "15005",
        "name": "Шчадрына",
        "type": "bus"
      }
    },
    {
      "type": "Feature",
      "geometry": {
        "type": "Point",
        "coordinates": [
          27.544332,
          53.938486
        ]
      },
      "properties": {
        "id": "14965",
        "name": "Прыгарадная",
        "type": "bus"
      }
    },
    {
      "type": "Feature",
      "geometry": {
        "type": "Point",
        "coordinates": [
          27.547735,
          53.931564
        ]
      },
      "properties": {
        "id": "14963",
        "name": "Веры Слуцкай",
        "type": "bus"
      }
    },
    {
      "type": "Feature",
      "geometry": {
        "type": "Point",
        "coordinates": [
          27.545792,
          53.93576
        ]
      },
      "properties": {
        "id": "14964",
        "name": "Шчадрына",
        "type": "bus"
      }
    },
    {
      "type": "Feature",
      "geometry": {
        "type": "Point",
        "coordinates": [
          27.557606,
          53.917837
        ]
      },
      "properties": {
        "id": "15218",
        "name": "Тэатральны",
        "type": "bus"
      }
    },
    {
      "type": "Feature",
      "geometry": {
        "type": "Point",
        "coordinates": [
          27.500009,
          53.929102
        ]
      },
      "properties": {
        "id": "14539",
        "name": "Лесі Украінкі",
        "type": "bus"
      }
    },
    {
      "type": "Feature",
      "geometry": {
        "type": "Point",
        "coordinates": [
          27.549676,
          53.926833
        ]
      },
      "properties": {
        "id": "14962",
        "name": "Асіпенка",
        "type": "bus"
      }
    },
    {
      "type": "Feature",
      "geometry": {
        "type": "Point",
        "coordinates": [
          27.662906,
          53.880904
        ]
      },
      "properties": {
        "id": "15409",
        "name": "Алтайская-2",
        "type": "bus"
      }
    },
    {
      "type": "Feature",
      "geometry": {
        "type": "Point",
        "coordinates": [
          27.56581,
          53.904905
        ]
      },
      "properties": {
        "id": "15179",
        "name": "Дом ветэранаў ВАВ",
        "type": "bus"
      }
    },
    {
      "type": "Feature",
      "geometry": {
        "type": "Point",
        "coordinates": [
          27.655334,
          53.891418
        ]
      },
      "properties": {
        "id": "15405",
        "name": "Тралейбусны парк",
        "type": "bus"
      }
    },
    {
      "type": "Feature",
      "geometry": {
        "type": "Point",
        "coordinates": [
          27.571402,
          53.899918
        ]
      },
      "properties": {
        "id": "15984",
        "name": "Першамайская",
        "type": "bus"
      }
    },
    {
      "type": "Feature",
      "geometry": {
        "type": "Point",
        "coordinates": [
          27.579934,
          53.896936
        ]
      },
      "properties": {
        "id": "15983",
        "name": "Пуліхава",
        "type": "bus"
      }
    },
    {
      "type": "Feature",
      "geometry": {
        "type": "Point",
        "coordinates": [
          27.67469,
          53.86763
        ]
      },
      "properties": {
        "id": "15962",
        "name": "Іркуцкая",
        "type": "bus"
      }
    },
    {
      "type": "Feature",
      "geometry": {
        "type": "Point",
        "coordinates": [
          27.670556,
          53.865351
        ]
      },
      "properties": {
        "id": "15961",
        "name": "Варвашэні, 6",
        "type": "bus"
      }
    },
    {
      "type": "Feature",
      "geometry": {
        "type": "Point",
        "coordinates": [
          27.669671,
          53.880167
        ]
      },
      "properties": {
        "id": "15335",
        "name": "Гастраном «Ахоцкі»",
        "type": "bus"
      }
    },
    {
      "type": "Feature",
      "geometry": {
        "type": "Point",
        "coordinates": [
          27.524753,
          53.895604
        ]
      },
      "properties": {
        "id": "15937",
        "name": "Школа №60",
        "type": "bus"
      }
    },
    {
      "type": "Feature",
      "geometry": {
        "type": "Point",
        "coordinates": [
          27.673723,
          53.876078
        ]
      },
      "properties": {
        "id": "15338",
        "name": "Асенняя",
        "type": "bus"
      }
    },
    {
      "type": "Feature",
      "geometry": {
        "type": "Point",
        "coordinates": [
          27.528685,
          53.894585
        ]
      },
      "properties": {
        "id": "15936",
        "name": "2-і завулак Розы Люксембург",
        "type": "bus"
      }
    },
    {
      "type": "Feature",
      "geometry": {
        "type": "Point",
        "coordinates": [
          27.662398,
          53.881555
        ]
      },
      "properties": {
        "id": "15414",
        "name": "Алтайская-2",
        "type": "bus"
      }
    },
    {
      "type": "Feature",
      "geometry": {
        "type": "Point",
        "coordinates": [
          27.667432,
          53.877744
        ]
      },
      "properties": {
        "id": "15413",
        "name": "Алтайская-1",
        "type": "bus"
      }
    },
    {
      "type": "Feature",
      "geometry": {
        "type": "Point",
        "coordinates": [
          27.609097,
          53.910922
        ]
      },
      "properties": {
        "id": "14754",
        "name": "Батанічная",
        "type": "bus"
      }
    },
    {
      "type": "Feature",
      "geometry": {
        "type": "Point",
        "coordinates": [
          27.655513,
          53.892147
        ]
      },
      "properties": {
        "id": "15406",
        "name": "Тралейбусны парк",
        "type": "bus"
      }
    },
    {
      "type": "Feature",
      "geometry": {
        "type": "Point",
        "coordinates": [
          27.650043,
          53.897509
        ]
      },
      "properties": {
        "id": "15379",
        "name": "Прафтэхкаледж",
        "type": "bus"
      }
    },
    {
      "type": "Feature",
      "geometry": {
        "type": "Point",
        "coordinates": [
          27.602672,
          53.915834
        ]
      },
      "properties": {
        "id": "15514",
        "name": "Акадэмічная",
        "type": "bus"
      }
    },
    {
      "type": "Feature",
      "geometry": {
        "type": "Point",
        "coordinates": [
          27.650731,
          53.895955
        ]
      },
      "properties": {
        "id": "15404",
        "name": "Прафтэхкаледж",
        "type": "bus"
      }
    },
    {
      "type": "Feature",
      "geometry": {
        "type": "Point",
        "coordinates": [
          27.526126,
          53.895718
        ]
      },
      "properties": {
        "id": "15932",
        "name": "Школа №60",
        "type": "bus"
      }
    },
    {
      "type": "Feature",
      "geometry": {
        "type": "Point",
        "coordinates": [
          27.579986,
          53.917164
        ]
      },
      "properties": {
        "id": "15735",
        "name": "Дом мэблі",
        "type": "trolleybus"
      }
    },
    {
      "type": "Feature",
      "geometry": {
        "type": "Point",
        "coordinates": [
          27.575688,
          53.898983
        ]
      },
      "properties": {
        "id": "15987",
        "name": "Парк Горкага",
        "type": "bus"
      }
    },
    {
      "type": "Feature",
      "geometry": {
        "type": "Point",
        "coordinates": [
          27.580385,
          53.896457
        ]
      },
      "properties": {
        "id": "15988",
        "name": "Пуліхава",
        "type": "bus"
      }
    },
    {
      "type": "Feature",
      "geometry": {
        "type": "Point",
        "coordinates": [
          27.564893,
          53.905323
        ]
      },
      "properties": {
        "id": "15150",
        "name": "Дом ветэранаў ВАВ",
        "type": "bus"
      }
    },
    {
      "type": "Feature",
      "geometry": {
        "type": "Point",
        "coordinates": [
          27.571334,
          53.899739
        ]
      },
      "properties": {
        "id": "15182",
        "name": "Першамайская",
        "type": "bus"
      }
    },
    {
      "type": "Feature",
      "geometry": {
        "type": "Point",
        "coordinates": [
          27.618769,
          53.902495
        ]
      },
      "properties": {
        "id": "15436",
        "name": "Мендзялеева",
        "type": "bus"
      }
    },
    {
      "type": "Feature",
      "geometry": {
        "type": "Point",
        "coordinates": [
          27.502059,
          53.887332
        ]
      },
      "properties": {
        "id": "14816",
        "name": "Глаголева",
        "type": "bus"
      }
    },
    {
      "type": "Feature",
      "geometry": {
        "type": "Point",
        "coordinates": [
          27.612349,
          53.90095
        ]
      },
      "properties": {
        "id": "15472",
        "name": "Фролікава",
        "type": "bus"
      }
    },
    {
      "type": "Feature",
      "geometry": {
        "type": "Point",
        "coordinates": [
          27.605302,
          53.898589
        ]
      },
      "properties": {
        "id": "15817",
        "name": "Уральская",
        "type": "bus"
      }
    },
    {
      "type": "Feature",
      "geometry": {
        "type": "Point",
        "coordinates": [
          27.500622,
          53.874435
        ]
      },
      "properties": {
        "id": "16253",
        "name": "Уманская",
        "type": "bus"
      }
    },
    {
      "type": "Feature",
      "geometry": {
        "type": "Point",
        "coordinates": [
          27.49663,
          53.898745
        ]
      },
      "properties": {
        "id": "14714",
        "name": "Паліклініка №20",
        "type": "bus"
      }
    },
    {
      "type": "Feature",
      "geometry": {
        "type": "Point",
        "coordinates": [
          27.496748,
          53.894509
        ]
      },
      "properties": {
        "id": "15129",
        "name": "Праспект Жукава",
        "type": "bus"
      }
    },
    {
      "type": "Feature",
      "geometry": {
        "type": "Point",
        "coordinates": [
          27.495741,
          53.905321
        ]
      },
      "properties": {
        "id": "14703",
        "name": "Дуніна-Марцінкевіча",
        "type": "bus"
      }
    },
    {
      "type": "Feature",
      "geometry": {
        "type": "Point",
        "coordinates": [
          27.485312,
          53.893785
        ]
      },
      "properties": {
        "id": "15131",
        "name": "Гурскага",
        "type": "bus"
      }
    },
    {
      "type": "Feature",
      "geometry": {
        "type": "Point",
        "coordinates": [
          27.473254,
          53.930161
        ]
      },
      "properties": {
        "id": "133181",
        "name": "Гарадок",
        "type": "bus"
      }
    },
    {
      "type": "Feature",
      "geometry": {
        "type": "Point",
        "coordinates": [
          27.482272,
          53.928289
        ]
      },
      "properties": {
        "id": "15240",
        "name": "Пятра Глебкі, 120",
        "type": "bus"
      }
    },
    {
      "type": "Feature",
      "geometry": {
        "type": "Point",
        "coordinates": [
          27.673906,
          53.880376
        ]
      },
      "properties": {
        "id": "15411",
        "name": "2-і Енісейскі завулак",
        "type": "bus"
      }
    },
    {
      "type": "Feature",
      "geometry": {
        "type": "Point",
        "coordinates": [
          27.462919,
          53.930857
        ]
      },
      "properties": {
        "id": "16235",
        "name": "Масюкоўшчына (высадка пасажыраў)",
        "type": "bus"
      }
    },
    {
      "type": "Feature",
      "geometry": {
        "type": "Point",
        "coordinates": [
          27.472076,
          53.913972
        ]
      },
      "properties": {
        "id": "15243",
        "name": "Каледж тэхналогіі і дызайну",
        "type": "bus"
      }
    },
    {
      "type": "Feature",
      "geometry": {
        "type": "Point",
        "coordinates": [
          27.472606,
          53.91024
        ]
      },
      "properties": {
        "id": "15244",
        "name": "Школа №140",
        "type": "bus"
      }
    },
    {
      "type": "Feature",
      "geometry": {
        "type": "Point",
        "coordinates": [
          27.477166,
          53.924851
        ]
      },
      "properties": {
        "id": "15227",
        "name": "ДС Масюкоўшчына",
        "type": "bus"
      }
    },
    {
      "type": "Feature",
      "geometry": {
        "type": "Point",
        "coordinates": [
          27.471577,
          53.918648
        ]
      },
      "properties": {
        "id": "15242",
        "name": "Гаражы",
        "type": "bus"
      }
    },
    {
      "type": "Feature",
      "geometry": {
        "type": "Point",
        "coordinates": [
          27.472048,
          53.91957
        ]
      },
      "properties": {
        "id": "15260",
        "name": "Гаражы",
        "type": "bus"
      }
    },
    {
      "type": "Feature",
      "geometry": {
        "type": "Point",
        "coordinates": [
          27.47233,
          53.915121
        ]
      },
      "properties": {
        "id": "15259",
        "name": "Каледж тэхналогіі і дызайну",
        "type": "bus"
      }
    },
    {
      "type": "Feature",
      "geometry": {
        "type": "Point",
        "coordinates": [
          27.472854,
          53.911059
        ]
      },
      "properties": {
        "id": "15246",
        "name": "Школа №140",
        "type": "bus"
      }
    },
    {
      "type": "Feature",
      "geometry": {
        "type": "Point",
        "coordinates": [
          27.473109,
          53.908838
        ]
      },
      "properties": {
        "id": "15245",
        "name": "Пятра Глебкі",
        "type": "bus"
      }
    },
    {
      "type": "Feature",
      "geometry": {
        "type": "Point",
        "coordinates": [
          27.482412,
          53.92902
        ]
      },
      "properties": {
        "id": "58358",
        "name": "Пятра Глебкі, 120",
        "type": "bus"
      }
    },
    {
      "type": "Feature",
      "geometry": {
        "type": "Point",
        "coordinates": [
          27.474269,
          53.922428
        ]
      },
      "properties": {
        "id": "15261",
        "name": "Школа №132",
        "type": "bus"
      }
    },
    {
      "type": "Feature",
      "geometry": {
        "type": "Point",
        "coordinates": [
          27.485505,
          53.893518
        ]
      },
      "properties": {
        "id": "15165",
        "name": "Гурскага",
        "type": "bus"
      }
    },
    {
      "type": "Feature",
      "geometry": {
        "type": "Point",
        "coordinates": [
          27.484836,
          53.881671
        ]
      },
      "properties": {
        "id": "15214",
        "name": "Янкі Брыля",
        "type": "bus"
      }
    },
    {
      "type": "Feature",
      "geometry": {
        "type": "Point",
        "coordinates": [
          27.473491,
          53.869167
        ]
      },
      "properties": {
        "id": "15655",
        "name": "Паўднёвы Захад-1",
        "type": "bus"
      }
    },
    {
      "type": "Feature",
      "geometry": {
        "type": "Point",
        "coordinates": [
          27.470436,
          53.866377
        ]
      },
      "properties": {
        "id": "15654",
        "name": "Маскоўскі рынак",
        "type": "bus"
      }
    },
    {
      "type": "Feature",
      "geometry": {
        "type": "Point",
        "coordinates": [
          27.496393,
          53.90602
        ]
      },
      "properties": {
        "id": "14819",
        "name": "Дуніна-Марцінкевіча",
        "type": "bus"
      }
    },
    {
      "type": "Feature",
      "geometry": {
        "type": "Point",
        "coordinates": [
          27.496713,
          53.903629
        ]
      },
      "properties": {
        "id": "14818",
        "name": "Адоеўскага",
        "type": "bus"
      }
    },
    {
      "type": "Feature",
      "geometry": {
        "type": "Point",
        "coordinates": [
          27.49719,
          53.899809
        ]
      },
      "properties": {
        "id": "14817",
        "name": "Паліклініка №20",
        "type": "bus"
      }
    },
    {
      "type": "Feature",
      "geometry": {
        "type": "Point",
        "coordinates": [
          27.497828,
          53.895655
        ]
      },
      "properties": {
        "id": "14715",
        "name": "Харкаўская",
        "type": "bus"
      }
    },
    {
      "type": "Feature",
      "geometry": {
        "type": "Point",
        "coordinates": [
          27.65573,
          53.882294
        ]
      },
      "properties": {
        "id": "15288",
        "name": "1-ы Нахілены завулак",
        "type": "bus"
      }
    },
    {
      "type": "Feature",
      "geometry": {
        "type": "Point",
        "coordinates": [
          27.650284,
          53.873337
        ]
      },
      "properties": {
        "id": "15292",
        "name": "Волжская",
        "type": "bus"
      }
    },
    {
      "type": "Feature",
      "geometry": {
        "type": "Point",
        "coordinates": [
          27.621124,
          53.854533
        ]
      },
      "properties": {
        "id": "15766",
        "name": "Чыжоўскае водасховішча",
        "type": "bus"
      }
    },
    {
      "type": "Feature",
      "geometry": {
        "type": "Point",
        "coordinates": [
          27.571037,
          53.915334
        ]
      },
      "properties": {
        "id": "58353",
        "name": "Куйбышава",
        "type": "bus"
      }
    },
    {
      "type": "Feature",
      "geometry": {
        "type": "Point",
        "coordinates": [
          27.657207,
          53.885576
        ]
      },
      "properties": {
        "id": "15415",
        "name": "Халмагорская",
        "type": "bus"
      }
    },
    {
      "type": "Feature",
      "geometry": {
        "type": "Point",
        "coordinates": [
          27.67266,
          53.87995
        ]
      },
      "properties": {
        "id": "15334",
        "name": "2-і Енісейскі завулак",
        "type": "bus"
      }
    },
    {
      "type": "Feature",
      "geometry": {
        "type": "Point",
        "coordinates": [
          27.656374,
          53.88867
        ]
      },
      "properties": {
        "id": "15416",
        "name": "Солтыса",
        "type": "bus"
      }
    },
    {
      "type": "Feature",
      "geometry": {
        "type": "Point",
        "coordinates": [
          27.656144,
          53.888182
        ]
      },
      "properties": {
        "id": "15407",
        "name": "Солтыса",
        "type": "bus"
      }
    },
    {
      "type": "Feature",
      "geometry": {
        "type": "Point",
        "coordinates": [
          27.668639,
          53.877851
        ]
      },
      "properties": {
        "id": "15410",
        "name": "Алтайская-1",
        "type": "bus"
      }
    },
    {
      "type": "Feature",
      "geometry": {
        "type": "Point",
        "coordinates": [
          27.658932,
          53.883409
        ]
      },
      "properties": {
        "id": "15408",
        "name": "Халмагорская",
        "type": "bus"
      }
    },
    {
      "type": "Feature",
      "geometry": {
        "type": "Point",
        "coordinates": [
          27.574847,
          53.914004
        ]
      },
      "properties": {
        "id": "15400",
        "name": "Чырвоная",
        "type": "bus"
      }
    },
    {
      "type": "Feature",
      "geometry": {
        "type": "Point",
        "coordinates": [
          27.583602,
          53.90405
        ]
      },
      "properties": {
        "id": "15481",
        "name": "Захарава",
        "type": "bus"
      }
    },
    {
      "type": "Feature",
      "geometry": {
        "type": "Point",
        "coordinates": [
          27.592123,
          53.858593
        ]
      },
      "properties": {
        "id": "15796",
        "name": "Якубава",
        "type": "bus"
      }
    },
    {
      "type": "Feature",
      "geometry": {
        "type": "Point",
        "coordinates": [
          27.452845,
          53.903865
        ]
      },
      "properties": {
        "id": "14881",
        "name": "Рынак «Заходні»",
        "type": "bus"
      }
    },
    {
      "type": "Feature",
      "geometry": {
        "type": "Point",
        "coordinates": [
          27.592073,
          53.858868
        ]
      },
      "properties": {
        "id": "15797",
        "name": "Якубава",
        "type": "bus"
      }
    },
    {
      "type": "Feature",
      "geometry": {
        "type": "Point",
        "coordinates": [
          27.598816,
          53.860494
        ]
      },
      "properties": {
        "id": "15799",
        "name": "Паліклініка №18",
        "type": "bus"
      }
    },
    {
      "type": "Feature",
      "geometry": {
        "type": "Point",
        "coordinates": [
          27.614397,
          53.865519
        ]
      },
      "properties": {
        "id": "15803",
        "name": "Гараўца",
        "type": "bus"
      }
    },
    {
      "type": "Feature",
      "geometry": {
        "type": "Point",
        "coordinates": [
          27.59751,
          53.860432
        ]
      },
      "properties": {
        "id": "15798",
        "name": "Паліклініка №18",
        "type": "bus"
      }
    },
    {
      "type": "Feature",
      "geometry": {
        "type": "Point",
        "coordinates": [
          27.673633,
          53.867335
        ]
      },
      "properties": {
        "id": "15964",
        "name": "Іркуцкая",
        "type": "bus"
      }
    },
    {
      "type": "Feature",
      "geometry": {
        "type": "Point",
        "coordinates": [
          27.674094,
          53.875066
        ]
      },
      "properties": {
        "id": "15337",
        "name": "Асенняя",
        "type": "bus"
      }
    },
    {
      "type": "Feature",
      "geometry": {
        "type": "Point",
        "coordinates": [
          27.670471,
          53.879375
        ]
      },
      "properties": {
        "id": "15336",
        "name": "Гастраном «Ахоцкі»",
        "type": "bus"
      }
    },
    {
      "type": "Feature",
      "geometry": {
        "type": "Point",
        "coordinates": [
          27.669223,
          53.883653
        ]
      },
      "properties": {
        "id": "58355",
        "name": "Паўночны пасёлак",
        "type": "bus"
      }
    },
    {
      "type": "Feature",
      "geometry": {
        "type": "Point",
        "coordinates": [
          27.670217,
          53.883862
        ]
      },
      "properties": {
        "id": "58356",
        "name": "Паўночны пасёлак",
        "type": "bus"
      }
    },
    {
      "type": "Feature",
      "geometry": {
        "type": "Point",
        "coordinates": [
          27.620762,
          53.867779
        ]
      },
      "properties": {
        "id": "15805",
        "name": "Васняцова",
        "type": "bus"
      }
    },
    {
      "type": "Feature",
      "geometry": {
        "type": "Point",
        "coordinates": [
          27.543131,
          53.848427
        ]
      },
      "properties": {
        "id": "15096",
        "name": "Асаналіева",
        "type": "bus"
      }
    },
    {
      "type": "Feature",
      "geometry": {
        "type": "Point",
        "coordinates": [
          27.501794,
          53.934446
        ]
      },
      "properties": {
        "id": "15853",
        "name": "Крупцы",
        "type": "bus"
      }
    },
    {
      "type": "Feature",
      "geometry": {
        "type": "Point",
        "coordinates": [
          27.507642,
          53.932425
        ]
      },
      "properties": {
        "id": "15855",
        "name": "Футбольны манеж",
        "type": "bus"
      }
    },
    {
      "type": "Feature",
      "geometry": {
        "type": "Point",
        "coordinates": [
          27.468741,
          53.941071
        ]
      },
      "properties": {
        "id": "15077",
        "name": "Веснінка",
        "type": "bus"
      }
    },
    {
      "type": "Feature",
      "geometry": {
        "type": "Point",
        "coordinates": [
          27.479149,
          53.937129
        ]
      },
      "properties": {
        "id": "15847",
        "name": "Паселак Піянерскі",
        "type": "bus"
      }
    },
    {
      "type": "Feature",
      "geometry": {
        "type": "Point",
        "coordinates": [
          27.488846,
          53.937545
        ]
      },
      "properties": {
        "id": "15849",
        "name": "Універсітэт Фізкультуры",
        "type": "bus"
      }
    },
    {
      "type": "Feature",
      "geometry": {
        "type": "Point",
        "coordinates": [
          27.461656,
          53.943883
        ]
      },
      "properties": {
        "id": "15083",
        "name": "Ржавец",
        "type": "bus"
      }
    },
    {
      "type": "Feature",
      "geometry": {
        "type": "Point",
        "coordinates": [
          27.48878,
          53.937165
        ]
      },
      "properties": {
        "id": "15850",
        "name": "Універсітэт Фізкультуры",
        "type": "bus"
      }
    },
    {
      "type": "Feature",
      "geometry": {
        "type": "Point",
        "coordinates": [
          27.497935,
          53.935366
        ]
      },
      "properties": {
        "id": "15852",
        "name": "Вясёлкавая",
        "type": "bus"
      }
    },
    {
      "type": "Feature",
      "geometry": {
        "type": "Point",
        "coordinates": [
          27.469406,
          53.940354
        ]
      },
      "properties": {
        "id": "15921",
        "name": "Веснінка",
        "type": "bus"
      }
    },
    {
      "type": "Feature",
      "geometry": {
        "type": "Point",
        "coordinates": [
          27.534519,
          53.876194
        ]
      },
      "properties": {
        "id": "15840",
        "name": "Чкалава",
        "type": "bus"
      }
    },
    {
      "type": "Feature",
      "geometry": {
        "type": "Point",
        "coordinates": [
          27.503031,
          53.933562
        ]
      },
      "properties": {
        "id": "15854",
        "name": "Крупцы",
        "type": "bus"
      }
    },
    {
      "type": "Feature",
      "geometry": {
        "type": "Point",
        "coordinates": [
          27.5092,
          53.931383
        ]
      },
      "properties": {
        "id": "15856",
        "name": "Футбольны манеж",
        "type": "bus"
      }
    },
    {
      "type": "Feature",
      "geometry": {
        "type": "Point",
        "coordinates": [
          27.534736,
          53.845661
        ]
      },
      "properties": {
        "id": "15091",
        "name": "Станцыя метро «Слуцкі Гасцінец»",
        "type": "bus"
      }
    },
    {
      "type": "Feature",
      "geometry": {
        "type": "Point",
        "coordinates": [
          27.527218,
          53.873273
        ]
      },
      "properties": {
        "id": "?",
        "name": "Брылеўская",
        "type": "bus"
      }
    },
    {
      "type": "Feature",
      "geometry": {
        "type": "Point",
        "coordinates": [
          27.506887,
          53.910564
        ]
      },
      "properties": {
        "id": "15220",
        "name": "Прытыцкага",
        "type": "bus"
      }
    },
    {
      "type": "Feature",
      "geometry": {
        "type": "Point",
        "coordinates": [
          27.538785,
          53.887812
        ]
      },
      "properties": {
        "id": "15845",
        "name": "Акадэмія Кіравання",
        "type": "bus"
      }
    },
    {
      "type": "Feature",
      "geometry": {
        "type": "Point",
        "coordinates": [
          27.502081,
          53.917308
        ]
      },
      "properties": {
        "id": "15222",
        "name": "Транспартны",
        "type": "bus"
      }
    },
    {
      "type": "Feature",
      "geometry": {
        "type": "Point",
        "coordinates": [
          27.50621,
          53.913886
        ]
      },
      "properties": {
        "id": "15221",
        "name": "Бірузова",
        "type": "bus"
      }
    },
    {
      "type": "Feature",
      "geometry": {
        "type": "Point",
        "coordinates": [
          27.493588,
          53.915801
        ]
      },
      "properties": {
        "id": "15252",
        "name": "Матусевіча",
        "type": "bus"
      }
    },
    {
      "type": "Feature",
      "geometry": {
        "type": "Point",
        "coordinates": [
          27.497684,
          53.919874
        ]
      },
      "properties": {
        "id": "14700",
        "name": "Праспект Пушкіна",
        "type": "trolleybus"
      }
    },
    {
      "type": "Feature",
      "geometry": {
        "type": "Point",
        "coordinates": [
          27.478752,
          53.91508
        ]
      },
      "properties": {
        "id": "15258",
        "name": "Індустрыяльна-педагагічны каледж",
        "type": "bus"
      }
    },
    {
      "type": "Feature",
      "geometry": {
        "type": "Point",
        "coordinates": [
          27.487084,
          53.915501
        ]
      },
      "properties": {
        "id": "15253",
        "name": "Парк 60-годдзя Вялікага Кастрычніка",
        "type": "bus"
      }
    },
    {
      "type": "Feature",
      "geometry": {
        "type": "Point",
        "coordinates": [
          27.471608,
          53.9149
        ]
      },
      "properties": {
        "id": "15518",
        "name": "Каледж тэхналогіі і дызайну",
        "type": "bus"
      }
    },
    {
      "type": "Feature",
      "geometry": {
        "type": "Point",
        "coordinates": [
          27.441093,
          53.924875
        ]
      },
      "properties": {
        "id": "71957",
        "name": "Іосіфа Жыновіча",
        "type": "bus"
      }
    },
    {
      "type": "Feature",
      "geometry": {
        "type": "Point",
        "coordinates": [
          27.448947,
          53.920838
        ]
      },
      "properties": {
        "id": "71955",
        "name": "Усевалада Ігнатоўскага",
        "type": "bus"
      }
    },
    {
      "type": "Feature",
      "geometry": {
        "type": "Point",
        "coordinates": [
          27.44415,
          53.922882
        ]
      },
      "properties": {
        "id": "71952",
        "name": "Алеся Гаруна",
        "type": "bus"
      }
    },
    {
      "type": "Feature",
      "geometry": {
        "type": "Point",
        "coordinates": [
          27.443068,
          53.923574
        ]
      },
      "properties": {
        "id": "71953",
        "name": "Алеся Гаруна",
        "type": "bus"
      }
    },
    {
      "type": "Feature",
      "geometry": {
        "type": "Point",
        "coordinates": [
          27.421702,
          53.891585
        ]
      },
      "properties": {
        "id": "58361",
        "name": "Мікрараён Сухарава-4",
        "type": "trolleybus"
      }
    },
    {
      "type": "Feature",
      "geometry": {
        "type": "Point",
        "coordinates": [
          27.61935,
          53.886026
        ]
      },
      "properties": {
        "id": "15812",
        "name": "Будзёнага",
        "type": "bus"
      }
    },
    {
      "type": "Feature",
      "geometry": {
        "type": "Point",
        "coordinates": [
          27.606827,
          53.891742
        ]
      },
      "properties": {
        "id": "15474",
        "name": "Клумава",
        "type": "bus"
      }
    },
    {
      "type": "Feature",
      "geometry": {
        "type": "Point",
        "coordinates": [
          27.555421,
          53.851068
        ]
      },
      "properties": {
        "id": "69176",
        "name": "ДС Сярова",
        "type": "bus"
      }
    },
    {
      "type": "Feature",
      "geometry": {
        "type": "Point",
        "coordinates": [
          27.54792,
          53.85154
        ]
      },
      "properties": {
        "id": "15095",
        "name": "Універсам",
        "type": "bus"
      }
    },
    {
      "type": "Feature",
      "geometry": {
        "type": "Point",
        "coordinates": [
          27.561726,
          53.913852
        ]
      },
      "properties": {
        "id": "15602",
        "name": "Камуністычная",
        "type": "bus"
      }
    },
    {
      "type": "Feature",
      "geometry": {
        "type": "Point",
        "coordinates": [
          27.54728,
          53.888837
        ]
      },
      "properties": {
        "id": "73075",
        "name": "ДС Дружная",
        "type": "bus"
      }
    },
    {
      "type": "Feature",
      "geometry": {
        "type": "Point",
        "coordinates": [
          27.499116,
          53.919456
        ]
      },
      "properties": {
        "id": "15279",
        "name": "Праспект Пушкіна",
        "type": "bus"
      }
    },
    {
      "type": "Feature",
      "geometry": {
        "type": "Point",
        "coordinates": [
          27.488514,
          53.915224
        ]
      },
      "properties": {
        "id": "15251",
        "name": "Парк 60-годдзя Вялікага Кастрычніка",
        "type": "bus"
      }
    },
    {
      "type": "Feature",
      "geometry": {
        "type": "Point",
        "coordinates": [
          27.483249,
          53.914971
        ]
      },
      "properties": {
        "id": "15250",
        "name": "АТС",
        "type": "bus"
      }
    },
    {
      "type": "Feature",
      "geometry": {
        "type": "Point",
        "coordinates": [
          27.473329,
          53.914494
        ]
      },
      "properties": {
        "id": "15247",
        "name": "Каледж тэхналогіі і дызайну",
        "type": "bus"
      }
    },
    {
      "type": "Feature",
      "geometry": {
        "type": "Point",
        "coordinates": [
          27.52174,
          53.863744
        ]
      },
      "properties": {
        "id": "15022",
        "name": "Механіка-тэхналагічны каледж",
        "type": "bus"
      }
    },
    {
      "type": "Feature",
      "geometry": {
        "type": "Point",
        "coordinates": [
          27.51751,
          53.85937
        ]
      },
      "properties": {
        "id": "15023",
        "name": "Міжнародны ўніверсітэт",
        "type": "bus"
      }
    },
    {
      "type": "Feature",
      "geometry": {
        "type": "Point",
        "coordinates": [
          27.529083,
          53.875327
        ]
      },
      "properties": {
        "id": "51154",
        "name": "Караткевіча",
        "type": "bus"
      }
    },
    {
      "type": "Feature",
      "geometry": {
        "type": "Point",
        "coordinates": [
          27.525258,
          53.867176
        ]
      },
      "properties": {
        "id": "51007",
        "name": "Казінца",
        "type": "bus"
      }
    },
    {
      "type": "Feature",
      "geometry": {
        "type": "Point",
        "coordinates": [
          27.549703,
          53.900904
        ]
      },
      "properties": {
        "id": "14690",
        "name": "Гарадскі вал",
        "type": "bus"
      }
    },
    {
      "type": "Feature",
      "geometry": {
        "type": "Point",
        "coordinates": [
          27.502658,
          53.916527
        ]
      },
      "properties": {
        "id": "15280",
        "name": "Транспартны",
        "type": "bus"
      }
    },
    {
      "type": "Feature",
      "geometry": {
        "type": "Point",
        "coordinates": [
          27.52291,
          53.864375
        ]
      },
      "properties": {
        "id": "15064",
        "name": "Механіка-тэхналагічны каледж",
        "type": "bus"
      }
    },
    {
      "type": "Feature",
      "geometry": {
        "type": "Point",
        "coordinates": [
          27.53069,
          53.875488
        ]
      },
      "properties": {
        "id": "9708",
        "name": "Караткевіча",
        "type": "bus"
      }
    },
    {
      "type": "Feature",
      "geometry": {
        "type": "Point",
        "coordinates": [
          27.512176,
          53.853166
        ]
      },
      "properties": {
        "id": "15061",
        "name": "Белая дача",
        "type": "bus"
      }
    },
    {
      "type": "Feature",
      "geometry": {
        "type": "Point",
        "coordinates": [
          27.515149,
          53.856383
        ]
      },
      "properties": {
        "id": "15062",
        "name": "Медкаледж",
        "type": "bus"
      }
    },
    {
      "type": "Feature",
      "geometry": {
        "type": "Point",
        "coordinates": [
          27.508018,
          53.847707
        ]
      },
      "properties": {
        "id": "15026",
        "name": "Каледж лічбавых тэхналогій",
        "type": "bus"
      }
    },
    {
      "type": "Feature",
      "geometry": {
        "type": "Point",
        "coordinates": [
          27.508966,
          53.848378
        ]
      },
      "properties": {
        "id": "15060",
        "name": "Каледж лічбавых тэхналогій",
        "type": "bus"
      }
    },
    {
      "type": "Feature",
      "geometry": {
        "type": "Point",
        "coordinates": [
          27.514309,
          53.856015
        ]
      },
      "properties": {
        "id": "15024",
        "name": "Медкаледж",
        "type": "bus"
      }
    },
    {
      "type": "Feature",
      "geometry": {
        "type": "Point",
        "coordinates": [
          27.51124,
          53.852631
        ]
      },
      "properties": {
        "id": "15025",
        "name": "Белая дача",
        "type": "bus"
      }
    },
    {
      "type": "Feature",
      "geometry": {
        "type": "Point",
        "coordinates": [
          27.479542,
          53.918662
        ]
      },
      "properties": {
        "id": "15255",
        "name": "Жудро",
        "type": "bus"
      }
    },
    {
      "type": "Feature",
      "geometry": {
        "type": "Point",
        "coordinates": [
          27.449833,
          53.914431
        ]
      },
      "properties": {
        "id": "15556",
        "name": "Ляшчынскага",
        "type": "bus"
      }
    },
    {
      "type": "Feature",
      "geometry": {
        "type": "Point",
        "coordinates": [
          27.453094,
          53.908314
        ]
      },
      "properties": {
        "id": "15558",
        "name": "Універсам «Заходні»",
        "type": "bus"
      }
    },
    {
      "type": "Feature",
      "geometry": {
        "type": "Point",
        "coordinates": [
          27.451279,
          53.911057
        ]
      },
      "properties": {
        "id": "15557",
        "name": "НВА «Гранат»",
        "type": "bus"
      }
    },
    {
      "type": "Feature",
      "geometry": {
        "type": "Point",
        "coordinates": [
          27.510379,
          53.924712
        ]
      },
      "properties": {
        "id": "14536",
        "name": "2-е кальцо",
        "type": "bus"
      }
    },
    {
      "type": "Feature",
      "geometry": {
        "type": "Point",
        "coordinates": [
          27.573141,
          53.917259
        ]
      },
      "properties": {
        "id": "15737",
        "name": "Куйбышава",
        "type": "bus"
      }
    },
    {
      "type": "Feature",
      "geometry": {
        "type": "Point",
        "coordinates": [
          27.451266,
          53.912004
        ]
      },
      "properties": {
        "id": "15560",
        "name": "НВА «Гранат»",
        "type": "bus"
      }
    },
    {
      "type": "Feature",
      "geometry": {
        "type": "Point",
        "coordinates": [
          27.454203,
          53.907057
        ]
      },
      "properties": {
        "id": "15561",
        "name": "Станцыя метро «Кунцаўшчына»",
        "type": "bus"
      }
    },
    {
      "type": "Feature",
      "geometry": {
        "type": "Point",
        "coordinates": [
          27.49464,
          53.922287
        ]
      },
      "properties": {
        "id": "15278",
        "name": "Данілы Сердзіча",
        "type": "bus"
      }
    },
    {
      "type": "Feature",
      "geometry": {
        "type": "Point",
        "coordinates": [
          27.490292,
          53.922948
        ]
      },
      "properties": {
        "id": "15277",
        "name": "Паліклініка №12",
        "type": "bus"
      }
    },
    {
      "type": "Feature",
      "geometry": {
        "type": "Point",
        "coordinates": [
          27.509267,
          53.924861
        ]
      },
      "properties": {
        "id": "14566",
        "name": "2-е кальцо",
        "type": "bus"
      }
    },
    {
      "type": "Feature",
      "geometry": {
        "type": "Point",
        "coordinates": [
          27.422799,
          53.901544
        ]
      },
      "properties": {
        "id": "16007",
        "name": "Красны Бор",
        "type": "bus"
      }
    },
    {
      "type": "Feature",
      "geometry": {
        "type": "Point",
        "coordinates": [
          27.450021,
          53.91487
        ]
      },
      "properties": {
        "id": "15559",
        "name": "Ляшчынскага",
        "type": "bus"
      }
    },
    {
      "type": "Feature",
      "geometry": {
        "type": "Point",
        "coordinates": [
          27.448329,
          53.917755
        ]
      },
      "properties": {
        "id": "15520",
        "name": "Гаражы",
        "type": "bus"
      }
    },
    {
      "type": "Feature",
      "geometry": {
        "type": "Point",
        "coordinates": [
          27.483576,
          53.843844
        ]
      },
      "properties": {
        "id": "72680",
        "name": "Напалеона Орды",
        "type": "bus"
      }
    },
    {
      "type": "Feature",
      "geometry": {
        "type": "Point",
        "coordinates": [
          27.486777,
          53.846782
        ]
      },
      "properties": {
        "id": "72679",
        "name": "Яна Чачота",
        "type": "bus"
      }
    },
    {
      "type": "Feature",
      "geometry": {
        "type": "Point",
        "coordinates": [
          27.4818,
          53.848834
        ]
      },
      "properties": {
        "id": "16230",
        "name": "Каралінская",
        "type": "bus"
      }
    },
    {
      "type": "Feature",
      "geometry": {
        "type": "Point",
        "coordinates": [
          27.517933,
          53.878897
        ]
      },
      "properties": {
        "id": "15698",
        "name": "Мініна",
        "type": "bus"
      }
    },
    {
      "type": "Feature",
      "geometry": {
        "type": "Point",
        "coordinates": [
          27.476484,
          53.843072
        ]
      },
      "properties": {
        "id": "71972",
        "name": "Брылевічы",
        "type": "bus"
      }
    },
    {
      "type": "Feature",
      "geometry": {
        "type": "Point",
        "coordinates": [
          27.507952,
          53.958042
        ]
      },
      "properties": {
        "id": "407004",
        "name": "Зацань",
        "type": "bus"
      }
    },
    {
      "type": "Feature",
      "geometry": {
        "type": "Point",
        "coordinates": [
          27.50836,
          53.962962
        ]
      },
      "properties": {
        "id": "16082",
        "name": "Мікалаеўская",
        "type": "bus"
      }
    },
    {
      "type": "Feature",
      "geometry": {
        "type": "Point",
        "coordinates": [
          27.510598,
          53.880366
        ]
      },
      "properties": {
        "id": "14815",
        "name": "Грушаўская",
        "type": "bus"
      }
    },
    {
      "type": "Feature",
      "geometry": {
        "type": "Point",
        "coordinates": [
          27.495246,
          53.903047
        ]
      },
      "properties": {
        "id": "14848",
        "name": "Адоеўскага",
        "type": "bus"
      }
    },
    {
      "type": "Feature",
      "geometry": {
        "type": "Point",
        "coordinates": [
          27.443271,
          53.927524
        ]
      },
      "properties": {
        "id": "71450",
        "name": "Уладзіслава Галубка",
        "type": "bus"
      }
    },
    {
      "type": "Feature",
      "geometry": {
        "type": "Point",
        "coordinates": [
          27.511064,
          53.879729
        ]
      },
      "properties": {
        "id": "14717",
        "name": "Грушаўская",
        "type": "bus"
      }
    },
    {
      "type": "Feature",
      "geometry": {
        "type": "Point",
        "coordinates": [
          27.534718,
          53.884425
        ]
      },
      "properties": {
        "id": "15668",
        "name": "Таварная",
        "type": "trolleybus"
      }
    },
    {
      "type": "Feature",
      "geometry": {
        "type": "Point",
        "coordinates": [
          27.563508,
          53.902602
        ]
      },
      "properties": {
        "id": "15864",
        "name": "Станцыя метро Кастрычніцкая",
        "type": "trolleybus"
      }
    },
    {
      "type": "Feature",
      "geometry": {
        "type": "Point",
        "coordinates": [
          27.558192,
          53.89997
        ]
      },
      "properties": {
        "id": "15867",
        "name": "Леніна",
        "type": "trolleybus"
      }
    },
    {
      "type": "Feature",
      "geometry": {
        "type": "Point",
        "coordinates": [
          27.562823,
          53.90263
        ]
      },
      "properties": {
        "id": "15863",
        "name": "Станцыя метро Кастрычніцкая",
        "type": "trolleybus"
      }
    },
    {
      "type": "Feature",
      "geometry": {
        "type": "Point",
        "coordinates": [
          27.578682,
          53.911181
        ]
      },
      "properties": {
        "id": "15745",
        "name": "Казлова",
        "type": "trolleybus"
      }
    },
    {
      "type": "Feature",
      "geometry": {
        "type": "Point",
        "coordinates": [
          27.604339,
          53.8497
        ]
      },
      "properties": {
        "id": "14476",
        "name": "Серабранка",
        "type": "bus"
      }
    },
    {
      "type": "Feature",
      "geometry": {
        "type": "Point",
        "coordinates": [
          27.564053,
          53.848033
        ]
      },
      "properties": {
        "id": "72007",
        "name": "Драздовіча",
        "type": "bus"
      }
    },
    {
      "type": "Feature",
      "geometry": {
        "type": "Point",
        "coordinates": [
          27.596897,
          53.851209
        ]
      },
      "properties": {
        "id": "14503",
        "name": "Серабранка-3",
        "type": "bus"
      }
    },
    {
      "type": "Feature",
      "geometry": {
        "type": "Point",
        "coordinates": [
          27.606227,
          53.849832
        ]
      },
      "properties": {
        "id": "14504",
        "name": "Парк Грэкавай",
        "type": "bus"
      }
    },
    {
      "type": "Feature",
      "geometry": {
        "type": "Point",
        "coordinates": [
          27.593477,
          53.855307
        ]
      },
      "properties": {
        "id": "15793",
        "name": "Свіслач",
        "type": "bus"
      }
    },
    {
      "type": "Feature",
      "geometry": {
        "type": "Point",
        "coordinates": [
          27.505314,
          53.889844
        ]
      },
      "properties": {
        "id": "15923",
        "name": "Сквер Палянка",
        "type": "bus"
      }
    },
    {
      "type": "Feature",
      "geometry": {
        "type": "Point",
        "coordinates": [
          27.512318,
          53.88938
        ]
      },
      "properties": {
        "id": "58363",
        "name": "Розы Люксембург",
        "type": "bus"
      }
    },
    {
      "type": "Feature",
      "geometry": {
        "type": "Point",
        "coordinates": [
          27.517921,
          53.883963
        ]
      },
      "properties": {
        "id": "15671",
        "name": "Папаніна",
        "type": "trolleybus"
      }
    },
    {
      "type": "Feature",
      "geometry": {
        "type": "Point",
        "coordinates": [
          27.519783,
          53.882284
        ]
      },
      "properties": {
        "id": "15670",
        "name": "Разінская",
        "type": "trolleybus"
      }
    },
    {
      "type": "Feature",
      "geometry": {
        "type": "Point",
        "coordinates": [
          27.51528,
          53.886018
        ]
      },
      "properties": {
        "id": "15673",
        "name": "Станцыя метро «Грушаўка»",
        "type": "trolleybus"
      }
    },
    {
      "type": "Feature",
      "geometry": {
        "type": "Point",
        "coordinates": [
          27.506087,
          53.889641
        ]
      },
      "properties": {
        "id": "15925",
        "name": "Сквер Палянка",
        "type": "bus"
      }
    },
    {
      "type": "Feature",
      "geometry": {
        "type": "Point",
        "coordinates": [
          27.53491,
          53.876528
        ]
      },
      "properties": {
        "id": "15841",
        "name": "Чкалава",
        "type": "bus"
      }
    },
    {
      "type": "Feature",
      "geometry": {
        "type": "Point",
        "coordinates": [
          27.535309,
          53.873368
        ]
      },
      "properties": {
        "id": "9516",
        "name": "Стары Аэрапорт",
        "type": "bus"
      }
    },
    {
      "type": "Feature",
      "geometry": {
        "type": "Point",
        "coordinates": [
          27.565683,
          53.885882
        ]
      },
      "properties": {
        "id": "54334",
        "name": "Аранская",
        "type": "trolleybus"
      }
    },
    {
      "type": "Feature",
      "geometry": {
        "type": "Point",
        "coordinates": [
          27.615113,
          53.852824
        ]
      },
      "properties": {
        "id": "54291",
        "name": "Малініна",
        "type": "bus"
      }
    },
    {
      "type": "Feature",
      "geometry": {
        "type": "Point",
        "coordinates": [
          27.464379,
          53.89954
        ]
      },
      "properties": {
        "id": "15193",
        "name": "Адзінцова",
        "type": "bus"
      }
    },
    {
      "type": "Feature",
      "geometry": {
        "type": "Point",
        "coordinates": [
          27.617172,
          53.949744
        ]
      },
      "properties": {
        "id": "14454",
        "name": "Шырокая",
        "type": "bus"
      }
    },
    {
      "type": "Feature",
      "geometry": {
        "type": "Point",
        "coordinates": [
          27.640706,
          53.860737
        ]
      },
      "properties": {
        "id": "15705",
        "name": "Кабушкіна",
        "type": "bus"
      }
    },
    {
      "type": "Feature",
      "geometry": {
        "type": "Point",
        "coordinates": [
          27.612224,
          53.888072
        ]
      },
      "properties": {
        "id": "14473",
        "name": "Алега Кашавога",
        "type": "bus"
      }
    },
    {
      "type": "Feature",
      "geometry": {
        "type": "Point",
        "coordinates": [
          27.621811,
          53.94858
        ]
      },
      "properties": {
        "id": "14480",
        "name": "Хлебазавод №5",
        "type": "bus"
      }
    },
    {
      "type": "Feature",
      "geometry": {
        "type": "Point",
        "coordinates": [
          27.632916,
          53.909563
        ]
      },
      "properties": {
        "id": "15422",
        "name": "Авангардная",
        "type": "bus"
      }
    },
    {
      "type": "Feature",
      "geometry": {
        "type": "Point",
        "coordinates": [
          27.45276,
          53.894866
        ]
      },
      "properties": {
        "id": "14887",
        "name": "Захад-4",
        "type": "bus"
      }
    },
    {
      "type": "Feature",
      "geometry": {
        "type": "Point",
        "coordinates": [
          27.585009,
          53.812912
        ]
      },
      "properties": {
        "id": "15993",
        "name": "База Белсельбуд",
        "type": "bus"
      }
    },
    {
      "type": "Feature",
      "geometry": {
        "type": "Point",
        "coordinates": [
          27.596276,
          53.925231
        ]
      },
      "properties": {
        "id": "14766",
        "name": "Якуба Коласа",
        "type": "bus"
      }
    },
    {
      "type": "Feature",
      "geometry": {
        "type": "Point",
        "coordinates": [
          27.510847,
          53.872597
        ]
      },
      "properties": {
        "id": "15682",
        "name": "Камбінат сілікатных вырабаў",
        "type": "bus"
      }
    },
    {
      "type": "Feature",
      "geometry": {
        "type": "Point",
        "coordinates": [
          27.61395,
          53.936093
        ]
      },
      "properties": {
        "id": "15120",
        "name": "Валгаградская",
        "type": "bus"
      }
    },
    {
      "type": "Feature",
      "geometry": {
        "type": "Point",
        "coordinates": [
          27.621907,
          53.867982
        ]
      },
      "properties": {
        "id": "15806",
        "name": "Васняцова",
        "type": "bus"
      }
    },
    {
      "type": "Feature",
      "geometry": {
        "type": "Point",
        "coordinates": [
          27.622784,
          53.931197
        ]
      },
      "properties": {
        "id": "14995",
        "name": "Валгаградская",
        "type": "bus"
      }
    },
    {
      "type": "Feature",
      "geometry": {
        "type": "Point",
        "coordinates": [
          27.610309,
          53.834371
        ]
      },
      "properties": {
        "id": "15540",
        "name": "Чыжоўка-6",
        "type": "bus"
      }
    },
    {
      "type": "Feature",
      "geometry": {
        "type": "Point",
        "coordinates": [
          27.672561,
          53.852064
        ]
      },
      "properties": {
        "id": "14743",
        "name": "Завод колавых цягачоў",
        "type": "bus"
      }
    },
    {
      "type": "Feature",
      "geometry": {
        "type": "Point",
        "coordinates": [
          27.571118,
          53.893299
        ]
      },
      "properties": {
        "id": "73595",
        "name": "Станцыя метро «Першамайская»",
        "type": "bus"
      }
    },
    {
      "type": "Feature",
      "geometry": {
        "type": "Point",
        "coordinates": [
          27.534336,
          53.911913
        ]
      },
      "properties": {
        "id": "16188",
        "name": "Заслаўская",
        "type": "bus"
      }
    },
    {
      "type": "Feature",
      "geometry": {
        "type": "Point",
        "coordinates": [
          27.666099,
          53.849671
        ]
      },
      "properties": {
        "id": "14620",
        "name": "Завод «Ліцмаш»",
        "type": "bus"
      }
    },
    {
      "type": "Feature",
      "geometry": {
        "type": "Point",
        "coordinates": [
          27.624334,
          53.871491
        ]
      },
      "properties": {
        "id": "15807",
        "name": "Карыцкага",
        "type": "bus"
      }
    },
    {
      "type": "Feature",
      "geometry": {
        "type": "Point",
        "coordinates": [
          27.65031,
          53.842492
        ]
      },
      "properties": {
        "id": "767183375",
        "name": "Галадзеда",
        "type": "bus"
      }
    },
    {
      "type": "Feature",
      "geometry": {
        "type": "Point",
        "coordinates": [
          27.734241,
          53.941322
        ]
      },
      "properties": {
        "id": "14632",
        "name": "Заснавальнікаў",
        "type": "bus"
      }
    },
    {
      "type": "Feature",
      "geometry": {
        "type": "Point",
        "coordinates": [
          27.491316,
          53.859846
        ]
      },
      "properties": {
        "id": "16251",
        "name": "Дом правасуддзя",
        "type": "bus"
      }
    },
    {
      "type": "Feature",
      "geometry": {
        "type": "Point",
        "coordinates": [
          27.494509,
          53.915108
        ]
      },
      "properties": {
        "id": "14701",
        "name": "Матусевіча",
        "type": "bus"
      }
    },
    {
      "type": "Feature",
      "geometry": {
        "type": "Point",
        "coordinates": [
          27.6335,
          53.850127
        ]
      },
      "properties": {
        "id": "15529",
        "name": "Заапарк",
        "type": "bus"
      }
    },
    {
      "type": "Feature",
      "geometry": {
        "type": "Point",
        "coordinates": [
          27.676631,
          53.924087
        ]
      },
      "properties": {
        "id": "14412",
        "name": "РНПЦ неўралогіі і нейрахірургіі",
        "type": "bus"
      }
    },
    {
      "type": "Feature",
      "geometry": {
        "type": "Point",
        "coordinates": [
          27.632789,
          53.905093
        ]
      },
      "properties": {
        "id": "15439",
        "name": "Запарожская",
        "type": "bus"
      }
    },
    {
      "type": "Feature",
      "geometry": {
        "type": "Point",
        "coordinates": [
          27.613872,
          53.936741
        ]
      },
      "properties": {
        "id": "14398",
        "name": "Кнорына",
        "type": "bus"
      }
    },
    {
      "type": "Feature",
      "geometry": {
        "type": "Point",
        "coordinates": [
          27.574554,
          53.970329
        ]
      },
      "properties": {
        "id": "16079",
        "name": "Цна",
        "type": "bus"
      }
    },
    {
      "type": "Feature",
      "geometry": {
        "type": "Point",
        "coordinates": [
          27.652642,
          53.934677
        ]
      },
      "properties": {
        "id": "14500",
        "name": "Станцыя метро Усход",
        "type": "bus"
      }
    },
    {
      "type": "Feature",
      "geometry": {
        "type": "Point",
        "coordinates": [
          27.627949,
          53.857767
        ]
      },
      "properties": {
        "id": "14547",
        "name": "Шчотаўка",
        "type": "bus"
      }
    },
    {
      "type": "Feature",
      "geometry": {
        "type": "Point",
        "coordinates": [
          27.602014,
          53.96874
        ]
      },
      "properties": {
        "id": "16010",
        "name": "АЗС",
        "type": "bus"
      }
    },
    {
      "type": "Feature",
      "geometry": {
        "type": "Point",
        "coordinates": [
          27.445277,
          53.938199
        ]
      },
      "properties": {
        "id": "14560",
        "name": "ГЦ Ждановічы",
        "type": "bus"
      }
    },
    {
      "type": "Feature",
      "geometry": {
        "type": "Point",
        "coordinates": [
          27.726719,
          53.936776
        ]
      },
      "properties": {
        "id": "16151",
        "name": "Гарбатава, 45",
        "type": "bus"
      }
    },
    {
      "type": "Feature",
      "geometry": {
        "type": "Point",
        "coordinates": [
          27.670121,
          53.848196
        ]
      },
      "properties": {
        "id": "14901",
        "name": "Чырвоная Слабада",
        "type": "bus"
      }
    },
    {
      "type": "Feature",
      "geometry": {
        "type": "Point",
        "coordinates": [
          27.632643,
          53.872202
        ]
      },
      "properties": {
        "id": "14582",
        "name": "5-я бальніца",
        "type": "bus"
      }
    },
    {
      "type": "Feature",
      "geometry": {
        "type": "Point",
        "coordinates": [
          27.566085,
          53.934742
        ]
      },
      "properties": {
        "id": "15716",
        "name": "Арлоўская",
        "type": "bus"
      }
    },
    {
      "type": "Feature",
      "geometry": {
        "type": "Point",
        "coordinates": [
          27.638131,
          53.834313
        ]
      },
      "properties": {
        "id": "15504",
        "name": "Чырвонаслабадская",
        "type": "bus"
      }
    },
    {
      "type": "Feature",
      "geometry": {
        "type": "Point",
        "coordinates": [
          27.634836,
          53.944561
        ]
      },
      "properties": {
        "id": "14485",
        "name": "Інстытут пагранічнай службы",
        "type": "bus"
      }
    },
    {
      "type": "Feature",
      "geometry": {
        "type": "Point",
        "coordinates": [
          27.579421,
          53.825875
        ]
      },
      "properties": {
        "id": "15991",
        "name": "Ручай",
        "type": "bus"
      }
    },
    {
      "type": "Feature",
      "geometry": {
        "type": "Point",
        "coordinates": [
          27.560407,
          53.922588
        ]
      },
      "properties": {
        "id": "15728",
        "name": "Крапоткіна",
        "type": "bus"
      }
    },
    {
      "type": "Feature",
      "geometry": {
        "type": "Point",
        "coordinates": [
          27.632858,
          53.857845
        ]
      },
      "properties": {
        "id": "14707",
        "name": "Шышкіна",
        "type": "bus"
      }
    },
    {
      "type": "Feature",
      "geometry": {
        "type": "Point",
        "coordinates": [
          27.588235,
          53.80782
        ]
      },
      "properties": {
        "id": "15995",
        "name": "Аўтакамбінат №5",
        "type": "bus"
      }
    },
    {
      "type": "Feature",
      "geometry": {
        "type": "Point",
        "coordinates": [
          27.652865,
          53.838223
        ]
      },
      "properties": {
        "id": "15523",
        "name": "10-я бальніца",
        "type": "bus"
      }
    },
    {
      "type": "Feature",
      "geometry": {
        "type": "Point",
        "coordinates": [
          27.535805,
          53.957909
        ]
      },
      "properties": {
        "id": "15001",
        "name": "Навінкі",
        "type": "bus"
      }
    },
    {
      "type": "Feature",
      "geometry": {
        "type": "Point",
        "coordinates": [
          27.603149,
          53.9289
        ]
      },
      "properties": {
        "id": "14524",
        "name": "Школа №73",
        "type": "bus"
      }
    },
    {
      "type": "Feature",
      "geometry": {
        "type": "Point",
        "coordinates": [
          27.579761,
          53.885765
        ]
      },
      "properties": {
        "id": "14799",
        "name": "Фабрыка «Камунарка»",
        "type": "bus"
      }
    },
    {
      "type": "Feature",
      "geometry": {
        "type": "Point",
        "coordinates": [
          27.606484,
          53.922936
        ]
      },
      "properties": {
        "id": "15859",
        "name": "Плошча Калініна",
        "type": "bus"
      }
    },
    {
      "type": "Feature",
      "geometry": {
        "type": "Point",
        "coordinates": [
          27.761429,
          53.825578
        ]
      },
      "properties": {
        "id": "16050",
        "name": "Паварот на Гарадок",
        "type": "bus"
      }
    },
    {
      "type": "Feature",
      "geometry": {
        "type": "Point",
        "coordinates": [
          27.465065,
          53.867142
        ]
      },
      "properties": {
        "id": "15661",
        "name": "Гімназія №10",
        "type": "bus"
      }
    },
    {
      "type": "Feature",
      "geometry": {
        "type": "Point",
        "coordinates": [
          27.5117,
          53.907621
        ]
      },
      "properties": {
        "id": "15123",
        "name": "Гусоўскага",
        "type": "bus"
      }
    },
    {
      "type": "Feature",
      "geometry": {
        "type": "Point",
        "coordinates": [
          27.651916,
          53.934476
        ]
      },
      "properties": {
        "id": "14499",
        "name": "Станцыя метро Усход",
        "type": "bus"
      }
    },
    {
      "type": "Feature",
      "geometry": {
        "type": "Point",
        "coordinates": [
          27.44534,
          53.906669
        ]
      },
      "properties": {
        "id": "14598",
        "name": "Бараноўшчына",
        "type": "bus"
      }
    },
    {
      "type": "Feature",
      "geometry": {
        "type": "Point",
        "coordinates": [
          27.659935,
          53.910193
        ]
      },
      "properties": {
        "id": "69253",
        "name": "Геалагічны завулак",
        "type": "bus"
      }
    },
    {
      "type": "Feature",
      "geometry": {
        "type": "Point",
        "coordinates": [
          27.597656,
          53.92506
        ]
      },
      "properties": {
        "id": "14761",
        "name": "Кузьмы Чорнага",
        "type": "trolleybus"
      }
    },
    {
      "type": "Feature",
      "geometry": {
        "type": "Point",
        "coordinates": [
          27.66251,
          53.925596
        ]
      },
      "properties": {
        "id": "14417",
        "name": "Інстытут псіхалогіі БДПУ",
        "type": "bus"
      }
    },
    {
      "type": "Feature",
      "geometry": {
        "type": "Point",
        "coordinates": [
          27.50561,
          53.897429
        ]
      },
      "properties": {
        "id": "15168",
        "name": "Бетонны праезд",
        "type": "bus"
      }
    },
    {
      "type": "Feature",
      "geometry": {
        "type": "Point",
        "coordinates": [
          27.475605,
          53.839806
        ]
      },
      "properties": {
        "id": "16118",
        "name": "Факультэт радыёфізікі",
        "type": "bus"
      }
    },
    {
      "type": "Feature",
      "geometry": {
        "type": "Point",
        "coordinates": [
          27.628186,
          53.856915
        ]
      },
      "properties": {
        "id": "15768",
        "name": "Крупскай",
        "type": "bus"
      }
    },
    {
      "type": "Feature",
      "geometry": {
        "type": "Point",
        "coordinates": [
          27.569836,
          53.863946
        ]
      },
      "properties": {
        "id": "16186",
        "name": "Сонечная",
        "type": "bus"
      }
    },
    {
      "type": "Feature",
      "geometry": {
        "type": "Point",
        "coordinates": [
          27.6064,
          53.9275
        ]
      },
      "properties": {
        "id": "14992",
        "name": "Калініна",
        "type": "bus"
      }
    },
    {
      "type": "Feature",
      "geometry": {
        "type": "Point",
        "coordinates": [
          27.561364,
          53.93229
        ]
      },
      "properties": {
        "id": "14693",
        "name": "Гая",
        "type": "bus"
      }
    },
    {
      "type": "Feature",
      "geometry": {
        "type": "Point",
        "coordinates": [
          27.632329,
          53.866678
        ]
      },
      "properties": {
        "id": "14550",
        "name": "вуліца Тухачэўскага",
        "type": "bus"
      }
    },
    {
      "type": "Feature",
      "geometry": {
        "type": "Point",
        "coordinates": [
          27.647406,
          53.852222
        ]
      },
      "properties": {
        "id": "14705",
        "name": "Рамаўтадар",
        "type": "bus"
      }
    },
    {
      "type": "Feature",
      "geometry": {
        "type": "Point",
        "coordinates": [
          27.630352,
          53.839027
        ]
      },
      "properties": {
        "id": "15533",
        "name": "Ташкенцкая",
        "type": "bus"
      }
    },
    {
      "type": "Feature",
      "geometry": {
        "type": "Point",
        "coordinates": [
          27.560078,
          53.923254
        ]
      },
      "properties": {
        "id": "15719",
        "name": "Крапоткіна",
        "type": "bus"
      }
    },
    {
      "type": "Feature",
      "geometry": {
        "type": "Point",
        "coordinates": [
          27.598529,
          53.919319
        ]
      },
      "properties": {
        "id": "15952",
        "name": "Станцыя метро Акадэмія навук",
        "type": "bus"
      }
    },
    {
      "type": "Feature",
      "geometry": {
        "type": "Point",
        "coordinates": [
          27.644793,
          53.904174
        ]
      },
      "properties": {
        "id": "15401",
        "name": "Дражня",
        "type": "bus"
      }
    },
    {
      "type": "Feature",
      "geometry": {
        "type": "Point",
        "coordinates": [
          27.615162,
          53.963669
        ]
      },
      "properties": {
        "id": "16009",
        "name": "Курапаты",
        "type": "bus"
      }
    },
    {
      "type": "Feature",
      "geometry": {
        "type": "Point",
        "coordinates": [
          27.688384,
          53.945162
        ]
      },
      "properties": {
        "id": "14652",
        "name": "Станцыя метро «Уручча»",
        "type": "bus"
      }
    },
    {
      "type": "Feature",
      "geometry": {
        "type": "Point",
        "coordinates": [
          27.635299,
          53.879689
        ]
      },
      "properties": {
        "id": "58374",
        "name": "Падшыпнікавы завод",
        "type": "bus"
      }
    },
    {
      "type": "Feature",
      "geometry": {
        "type": "Point",
        "coordinates": [
          27.484216,
          53.89297
        ]
      },
      "properties": {
        "id": "14903",
        "name": "Гурскага",
        "type": "bus"
      }
    },
    {
      "type": "Feature",
      "geometry": {
        "type": "Point",
        "coordinates": [
          27.557189,
          53.93463
        ]
      },
      "properties": {
        "id": "15149",
        "name": "Паліклініка №16",
        "type": "bus"
      }
    },
    {
      "type": "Feature",
      "geometry": {
        "type": "Point",
        "coordinates": [
          27.655686,
          53.899392
        ]
      },
      "properties": {
        "id": "15368",
        "name": "Школа-інтэрнат",
        "type": "bus"
      }
    },
    {
      "type": "Feature",
      "geometry": {
        "type": "Point",
        "coordinates": [
          27.512607,
          53.869687
        ]
      },
      "properties": {
        "id": "15677",
        "name": "Папова",
        "type": "bus"
      }
    },
    {
      "type": "Feature",
      "geometry": {
        "type": "Point",
        "coordinates": [
          27.695694,
          53.843411
        ]
      },
      "properties": {
        "id": "14744",
        "name": "ДС Шабаны",
        "type": "bus"
      }
    },
    {
      "type": "Feature",
      "geometry": {
        "type": "Point",
        "coordinates": [
          27.641912,
          53.862304
        ]
      },
      "properties": {
        "id": "15706",
        "name": "Кабушкіна",
        "type": "bus"
      }
    },
    {
      "type": "Feature",
      "geometry": {
        "type": "Point",
        "coordinates": [
          27.629367,
          53.928206
        ]
      },
      "properties": {
        "id": "14346",
        "name": "Станцыя метро Маскоўская",
        "type": "bus"
      }
    },
    {
      "type": "Feature",
      "geometry": {
        "type": "Point",
        "coordinates": [
          27.629267,
          53.888373
        ]
      },
      "properties": {
        "id": "14778",
        "name": "Ваўпшасава",
        "type": "bus"
      }
    },
    {
      "type": "Feature",
      "geometry": {
        "type": "Point",
        "coordinates": [
          27.490468,
          53.902507
        ]
      },
      "properties": {
        "id": "15195",
        "name": "Янкі Маўра",
        "type": "bus"
      }
    },
    {
      "type": "Feature",
      "geometry": {
        "type": "Point",
        "coordinates": [
          27.43916,
          53.906998
        ]
      },
      "properties": {
        "id": "14599",
        "name": "Мікрараён Кунцаўшчына",
        "type": "bus"
      }
    },
    {
      "type": "Feature",
      "geometry": {
        "type": "Point",
        "coordinates": [
          27.625359,
          53.918635
        ]
      },
      "properties": {
        "id": "14428",
        "name": "Макаёнка",
        "type": "bus"
      }
    },
    {
      "type": "Feature",
      "geometry": {
        "type": "Point",
        "coordinates": [
          27.648277,
          53.851593
        ]
      },
      "properties": {
        "id": "14585",
        "name": "Рамаўтадар",
        "type": "bus"
      }
    },
    {
      "type": "Feature",
      "geometry": {
        "type": "Point",
        "coordinates": [
          27.563665,
          53.931996
        ]
      },
      "properties": {
        "id": "14847",
        "name": "Гая",
        "type": "bus"
      }
    },
    {
      "type": "Feature",
      "geometry": {
        "type": "Point",
        "coordinates": [
          27.633672,
          53.849148
        ]
      },
      "properties": {
        "id": "15510",
        "name": "Заапарк",
        "type": "bus"
      }
    },
    {
      "type": "Feature",
      "geometry": {
        "type": "Point",
        "coordinates": [
          27.546896,
          53.835893
        ]
      },
      "properties": {
        "id": "15086",
        "name": "Сцебянёва",
        "type": "bus"
      }
    },
    {
      "type": "Feature",
      "geometry": {
        "type": "Point",
        "coordinates": [
          27.678033,
          53.924066
        ]
      },
      "properties": {
        "id": "14411",
        "name": "РНПЦ неўралогіі і нейрахірургіі",
        "type": "bus"
      }
    },
    {
      "type": "Feature",
      "geometry": {
        "type": "Point",
        "coordinates": [
          27.561925,
          53.934301
        ]
      },
      "properties": {
        "id": "767183513",
        "name": "Шчадрына",
        "type": "bus"
      }
    },
    {
      "type": "Feature",
      "geometry": {
        "type": "Point",
        "coordinates": [
          27.4614,
          53.852128
        ]
      },
      "properties": {
        "id": "14924",
        "name": "Касманаўтаў, 17",
        "type": "bus"
      }
    },
    {
      "type": "Feature",
      "geometry": {
        "type": "Point",
        "coordinates": [
          27.58249,
          53.839363
        ]
      },
      "properties": {
        "id": "15460",
        "name": "Гімназія №40",
        "type": "bus"
      }
    },
    {
      "type": "Feature",
      "geometry": {
        "type": "Point",
        "coordinates": [
          27.607791,
          53.941721
        ]
      },
      "properties": {
        "id": "14395",
        "name": "Севастопальская",
        "type": "bus"
      }
    },
    {
      "type": "Feature",
      "geometry": {
        "type": "Point",
        "coordinates": [
          27.714996,
          53.843825
        ]
      },
      "properties": {
        "id": "16074",
        "name": "Малы Трасцянец",
        "type": "bus"
      }
    },
    {
      "type": "Feature",
      "geometry": {
        "type": "Point",
        "coordinates": [
          27.64522,
          53.903072
        ]
      },
      "properties": {
        "id": "15402",
        "name": "Дражня",
        "type": "bus"
      }
    },
    {
      "type": "Feature",
      "geometry": {
        "type": "Point",
        "coordinates": [
          27.657495,
          53.899821
        ]
      },
      "properties": {
        "id": "15365",
        "name": "Школа-інтэрнат",
        "type": "bus"
      }
    },
    {
      "type": "Feature",
      "geometry": {
        "type": "Point",
        "coordinates": [
          27.514777,
          53.890925
        ]
      },
      "properties": {
        "id": "15928",
        "name": "Розы Люксембург",
        "type": "trolleybus"
      }
    },
    {
      "type": "Feature",
      "geometry": {
        "type": "Point",
        "coordinates": [
          27.726705,
          53.93668
        ]
      },
      "properties": {
        "id": "16152",
        "name": "Гарбатава, 44",
        "type": "bus"
      }
    },
    {
      "type": "Feature",
      "geometry": {
        "type": "Point",
        "coordinates": [
          27.581834,
          53.817934
        ]
      },
      "properties": {
        "id": "15992",
        "name": "Бабушкіна",
        "type": "bus"
      }
    },
    {
      "type": "Feature",
      "geometry": {
        "type": "Point",
        "coordinates": [
          27.513223,
          53.870531
        ]
      },
      "properties": {
        "id": "15681",
        "name": "Папова",
        "type": "bus"
      }
    },
    {
      "type": "Feature",
      "geometry": {
        "type": "Point",
        "coordinates": [
          27.631165,
          53.933655
        ]
      },
      "properties": {
        "id": "14347",
        "name": "Вялікая Слепня",
        "type": "bus"
      }
    },
    {
      "type": "Feature",
      "geometry": {
        "type": "Point",
        "coordinates": [
          27.466569,
          53.89361
        ]
      },
      "properties": {
        "id": "15162",
        "name": "Мядзвежына",
        "type": "bus"
      }
    },
    {
      "type": "Feature",
      "geometry": {
        "type": "Point",
        "coordinates": [
          27.478975,
          53.931061
        ]
      },
      "properties": {
        "id": "204094",
        "name": "ДС Вяснянка (высадка пассажиров)",
        "type": "bus"
      }
    },
    {
      "type": "Feature",
      "geometry": {
        "type": "Point",
        "coordinates": [
          27.616382,
          53.834413
        ]
      },
      "properties": {
        "id": "15539",
        "name": "Чыжоўка-2",
        "type": "bus"
      }
    },
    {
      "type": "Feature",
      "geometry": {
        "type": "Point",
        "coordinates": [
          27.505791,
          53.897669
        ]
      },
      "properties": {
        "id": "15128",
        "name": "Бетонны праезд",
        "type": "bus"
      }
    },
    {
      "type": "Feature",
      "geometry": {
        "type": "Point",
        "coordinates": [
          27.612108,
          53.834127
        ]
      },
      "properties": {
        "id": "15501",
        "name": "Чыжоўка-6",
        "type": "bus"
      }
    },
    {
      "type": "Feature",
      "geometry": {
        "type": "Point",
        "coordinates": [
          27.584722,
          53.879936
        ]
      },
      "properties": {
        "id": "14801",
        "name": "Веласіпедны завулак",
        "type": "bus"
      }
    },
    {
      "type": "Feature",
      "geometry": {
        "type": "Point",
        "coordinates": [
          27.687787,
          53.831854
        ]
      },
      "properties": {
        "id": "14511",
        "name": "Станцыя аэрацыі",
        "type": "bus"
      }
    },
    {
      "type": "Feature",
      "geometry": {
        "type": "Point",
        "coordinates": [
          27.587941,
          53.808919
        ]
      },
      "properties": {
        "id": "15996",
        "name": "Аўтакамбінат №5",
        "type": "bus"
      }
    },
    {
      "type": "Feature",
      "geometry": {
        "type": "Point",
        "coordinates": [
          27.653985,
          53.920979
        ]
      },
      "properties": {
        "id": "15426",
        "name": "Дачны праезд",
        "type": "bus"
      }
    },
    {
      "type": "Feature",
      "geometry": {
        "type": "Point",
        "coordinates": [
          27.660055,
          53.849862
        ]
      },
      "properties": {
        "id": "14619",
        "name": "Універсітэт грамадзянскай абароны",
        "type": "bus"
      }
    },
    {
      "type": "Feature",
      "geometry": {
        "type": "Point",
        "coordinates": [
          27.490979,
          53.844484
        ]
      },
      "properties": {
        "id": "15028",
        "name": "Курасоўшчына",
        "type": "bus"
      }
    },
    {
      "type": "Feature",
      "geometry": {
        "type": "Point",
        "coordinates": [
          27.622792,
          53.907163
        ]
      },
      "properties": {
        "id": "14741",
        "name": "Сталетава",
        "type": "bus"
      }
    },
    {
      "type": "Feature",
      "geometry": {
        "type": "Point",
        "coordinates": [
          27.679872,
          53.923638
        ]
      },
      "properties": {
        "id": "16018",
        "name": "РНПЦ неўралогіі і нейрахірургіі",
        "type": "bus"
      }
    },
    {
      "type": "Feature",
      "geometry": {
        "type": "Point",
        "coordinates": [
          27.673999,
          53.90919
        ]
      },
      "properties": {
        "id": "15386",
        "name": "Карвата",
        "type": "bus"
      }
    },
    {
      "type": "Feature",
      "geometry": {
        "type": "Point",
        "coordinates": [
          27.64021,
          53.847943
        ]
      },
      "properties": {
        "id": "15509",
        "name": "Фізкультурна-спартыўны цэнтр",
        "type": "bus"
      }
    },
    {
      "type": "Feature",
      "geometry": {
        "type": "Point",
        "coordinates": [
          27.626081,
          53.864026
        ]
      },
      "properties": {
        "id": "14543",
        "name": "Заходні пасёлак",
        "type": "bus"
      }
    },
    {
      "type": "Feature",
      "geometry": {
        "type": "Point",
        "coordinates": [
          27.661305,
          53.926123
        ]
      },
      "properties": {
        "id": "14631",
        "name": "Інстытут псіхалогіі БДПУ",
        "type": "bus"
      }
    },
    {
      "type": "Feature",
      "geometry": {
        "type": "Point",
        "coordinates": [
          27.441758,
          53.926545
        ]
      },
      "properties": {
        "id": "151196",
        "name": "Уладзіслава Галубка",
        "type": "trolleybus"
      }
    },
    {
      "type": "Feature",
      "geometry": {
        "type": "Point",
        "coordinates": [
          27.561763,
          53.925137
        ]
      },
      "properties": {
        "id": "15720",
        "name": "Трыкатажная фабрыка",
        "type": "bus"
      }
    },
    {
      "type": "Feature",
      "geometry": {
        "type": "Point",
        "coordinates": [
          27.628124,
          53.904035
        ]
      },
      "properties": {
        "id": "15438",
        "name": "Анаева",
        "type": "bus"
      }
    },
    {
      "type": "Feature",
      "geometry": {
        "type": "Point",
        "coordinates": [
          27.617984,
          53.935533
        ]
      },
      "properties": {
        "id": "14400",
        "name": "Караленкі",
        "type": "bus"
      }
    },
    {
      "type": "Feature",
      "geometry": {
        "type": "Point",
        "coordinates": [
          27.616249,
          53.929675
        ]
      },
      "properties": {
        "id": "15016",
        "name": "Натуралістаў",
        "type": "bus"
      }
    },
    {
      "type": "Feature",
      "geometry": {
        "type": "Point",
        "coordinates": [
          27.634152,
          53.949113
        ]
      },
      "properties": {
        "id": "14455",
        "name": "Зялёны Луг-1",
        "type": "bus"
      }
    },
    {
      "type": "Feature",
      "geometry": {
        "type": "Point",
        "coordinates": [
          27.491577,
          53.878061
        ]
      },
      "properties": {
        "id": "14907",
        "name": "Каледж прамысловасці будматэрыялаў",
        "type": "bus"
      }
    },
    {
      "type": "Feature",
      "geometry": {
        "type": "Point",
        "coordinates": [
          27.641704,
          53.883333
        ]
      },
      "properties": {
        "id": "14507",
        "name": "Жылуновіча",
        "type": "bus"
      }
    },
    {
      "type": "Feature",
      "geometry": {
        "type": "Point",
        "coordinates": [
          27.44269,
          53.939895
        ]
      },
      "properties": {
        "id": "14558",
        "name": "ГЦ Ждановічы",
        "type": "bus"
      }
    },
    {
      "type": "Feature",
      "geometry": {
        "type": "Point",
        "coordinates": [
          27.6259,
          53.947392
        ]
      },
      "properties": {
        "id": "14483",
        "name": "Палац барацьбы",
        "type": "bus"
      }
    },
    {
      "type": "Feature",
      "geometry": {
        "type": "Point",
        "coordinates": [
          27.553313,
          53.835034
        ]
      },
      "properties": {
        "id": "571121",
        "name": "Мінскрыбпрам",
        "type": "bus"
      }
    },
    {
      "type": "Feature",
      "geometry": {
        "type": "Point",
        "coordinates": [
          27.628738,
          53.835023
        ]
      },
      "properties": {
        "id": "767183583",
        "name": "ДС Чыжоўка",
        "type": "bus"
      }
    },
    {
      "type": "Feature",
      "geometry": {
        "type": "Point",
        "coordinates": [
          27.489119,
          53.893696
        ]
      },
      "properties": {
        "id": "15130",
        "name": "Янкі Маўра",
        "type": "bus"
      }
    },
    {
      "type": "Feature",
      "geometry": {
        "type": "Point",
        "coordinates": [
          27.600104,
          53.923468
        ]
      },
      "properties": {
        "id": "14757",
        "name": "Дом Друку",
        "type": "trolleybus"
      }
    },
    {
      "type": "Feature",
      "geometry": {
        "type": "Point",
        "coordinates": [
          27.520374,
          53.881257
        ]
      },
      "properties": {
        "id": "15674",
        "name": "Разінская",
        "type": "trolleybus"
      }
    },
    {
      "type": "Feature",
      "geometry": {
        "type": "Point",
        "coordinates": [
          27.651182,
          53.842255
        ]
      },
      "properties": {
        "id": "15513",
        "name": "Галадзеда",
        "type": "bus"
      }
    },
    {
      "type": "Feature",
      "geometry": {
        "type": "Point",
        "coordinates": [
          27.543653,
          53.938852
        ]
      },
      "properties": {
        "id": "15004",
        "name": "Прыгарадная",
        "type": "bus"
      }
    },
    {
      "type": "Feature",
      "geometry": {
        "type": "Point",
        "coordinates": [
          27.615323,
          53.93796
        ]
      },
      "properties": {
        "id": "15119",
        "name": "Чайкоўскага",
        "type": "bus"
      }
    },
    {
      "type": "Feature",
      "geometry": {
        "type": "Point",
        "coordinates": [
          27.617546,
          53.929857
        ]
      },
      "properties": {
        "id": "14994",
        "name": "Натуралістаў",
        "type": "trolleybus"
      }
    },
    {
      "type": "Feature",
      "geometry": {
        "type": "Point",
        "coordinates": [
          27.41919,
          53.871543
        ]
      },
      "properties": {
        "id": "71978",
        "name": "Гандлёвы цэнтр",
        "type": "bus"
      }
    },
    {
      "type": "Feature",
      "geometry": {
        "type": "Point",
        "coordinates": [
          27.583415,
          53.880598
        ]
      },
      "properties": {
        "id": "14798",
        "name": "Веласіпедны завулак",
        "type": "bus"
      }
    },
    {
      "type": "Feature",
      "geometry": {
        "type": "Point",
        "coordinates": [
          27.611577,
          53.92385
        ]
      },
      "properties": {
        "id": "14492",
        "name": "Станцыя метро Парк Чалюскінцаў",
        "type": "bus"
      }
    },
    {
      "type": "Feature",
      "geometry": {
        "type": "Point",
        "coordinates": [
          27.62733,
          53.869923
        ]
      },
      "properties": {
        "id": "14509",
        "name": "Кінатэатр Камсамолец",
        "type": "bus"
      }
    },
    {
      "type": "Feature",
      "geometry": {
        "type": "Point",
        "coordinates": [
          27.556891,
          53.928946
        ]
      },
      "properties": {
        "id": "15725",
        "name": "Кінатэатар «Кіеў»",
        "type": "bus"
      }
    },
    {
      "type": "Feature",
      "geometry": {
        "type": "Point",
        "coordinates": [
          27.674899,
          53.909143
        ]
      },
      "properties": {
        "id": "15383",
        "name": "Карвата",
        "type": "bus"
      }
    },
    {
      "type": "Feature",
      "geometry": {
        "type": "Point",
        "coordinates": [
          27.647101,
          53.867929
        ]
      },
      "properties": {
        "id": "15832",
        "name": "Станцыя метро Аўтазаводская",
        "type": "bus"
      }
    },
    {
      "type": "Feature",
      "geometry": {
        "type": "Point",
        "coordinates": [
          27.649414,
          53.927606
        ]
      },
      "properties": {
        "id": "14420",
        "name": "Язмінавая",
        "type": "bus"
      }
    },
    {
      "type": "Feature",
      "geometry": {
        "type": "Point",
        "coordinates": [
          27.53819,
          53.914152
        ]
      },
      "properties": {
        "id": "15217",
        "name": "Музей гісторыі Вялікай Айчыннай вайны",
        "type": "bus"
      }
    },
    {
      "type": "Feature",
      "geometry": {
        "type": "Point",
        "coordinates": [
          27.629238,
          53.834541
        ]
      },
      "properties": {
        "id": "767183615",
        "name": "ДС Чыжоўка (высадка)",
        "type": "bus"
      }
    },
    {
      "type": "Feature",
      "geometry": {
        "type": "Point",
        "coordinates": [
          27.656298,
          53.917572
        ]
      },
      "properties": {
        "id": "15424",
        "name": "Парніковая",
        "type": "bus"
      }
    },
    {
      "type": "Feature",
      "geometry": {
        "type": "Point",
        "coordinates": [
          27.481122,
          53.886073
        ]
      },
      "properties": {
        "id": "15215",
        "name": "Глаголева",
        "type": "bus"
      }
    },
    {
      "type": "Feature",
      "geometry": {
        "type": "Point",
        "coordinates": [
          27.605106,
          53.927183
        ]
      },
      "properties": {
        "id": "15107",
        "name": "Калініна",
        "type": "bus"
      }
    },
    {
      "type": "Feature",
      "geometry": {
        "type": "Point",
        "coordinates": [
          27.49986,
          53.895367
        ]
      },
      "properties": {
        "id": "15167",
        "name": "Праспект Жукава",
        "type": "bus"
      }
    },
    {
      "type": "Feature",
      "geometry": {
        "type": "Point",
        "coordinates": [
          27.634603,
          53.855754
        ]
      },
      "properties": {
        "id": "15769",
        "name": "Машынабудаўнікоў",
        "type": "bus"
      }
    },
    {
      "type": "Feature",
      "geometry": {
        "type": "Point",
        "coordinates": [
          27.764772,
          53.824671
        ]
      },
      "properties": {
        "id": "16057",
        "name": "Акадэміка Красіна",
        "type": "bus"
      }
    },
    {
      "type": "Feature",
      "geometry": {
        "type": "Point",
        "coordinates": [
          27.623117,
          53.861571
        ]
      },
      "properties": {
        "id": "14546",
        "name": "2-і Юнацкі завулак",
        "type": "bus"
      }
    },
    {
      "type": "Feature",
      "geometry": {
        "type": "Point",
        "coordinates": [
          27.625868,
          53.839578
        ]
      },
      "properties": {
        "id": "15710",
        "name": "Ташкенцкі праезд",
        "type": "bus"
      }
    },
    {
      "type": "Feature",
      "geometry": {
        "type": "Point",
        "coordinates": [
          27.587439,
          53.970693
        ]
      },
      "properties": {
        "id": "16078",
        "name": "Хмарынская",
        "type": "bus"
      }
    },
    {
      "type": "Feature",
      "geometry": {
        "type": "Point",
        "coordinates": [
          27.627346,
          53.867708
        ]
      },
      "properties": {
        "id": "14541",
        "name": "Грэкава",
        "type": "bus"
      }
    },
    {
      "type": "Feature",
      "geometry": {
        "type": "Point",
        "coordinates": [
          27.633509,
          53.87133
        ]
      },
      "properties": {
        "id": "58375",
        "name": "5-я бальніца",
        "type": "bus"
      }
    },
    {
      "type": "Feature",
      "geometry": {
        "type": "Point",
        "coordinates": [
          27.641253,
          53.883814
        ]
      },
      "properties": {
        "id": "14506",
        "name": "Жылуновіча",
        "type": "bus"
      }
    },
    {
      "type": "Feature",
      "geometry": {
        "type": "Point",
        "coordinates": [
          27.482028,
          53.89358
        ]
      },
      "properties": {
        "id": "15164",
        "name": "Бельскага",
        "type": "bus"
      }
    },
    {
      "type": "Feature",
      "geometry": {
        "type": "Point",
        "coordinates": [
          27.53818,
          53.968137
        ]
      },
      "properties": {
        "id": "14999",
        "name": "Даўгінаўскі тракт",
        "type": "bus"
      }
    },
    {
      "type": "Feature",
      "geometry": {
        "type": "Point",
        "coordinates": [
          27.661056,
          53.901583
        ]
      },
      "properties": {
        "id": "15367",
        "name": "Ваўпшасава, 33",
        "type": "bus"
      }
    },
    {
      "type": "Feature",
      "geometry": {
        "type": "Point",
        "coordinates": [
          27.732271,
          53.937739
        ]
      },
      "properties": {
        "id": "16149",
        "name": "Гарбатава, 73",
        "type": "bus"
      }
    },
    {
      "type": "Feature",
      "geometry": {
        "type": "Point",
        "coordinates": [
          27.678038,
          53.85644
        ]
      },
      "properties": {
        "id": "15954",
        "name": "Харчовы камбінат",
        "type": "bus"
      }
    },
    {
      "type": "Feature",
      "geometry": {
        "type": "Point",
        "coordinates": [
          27.631386,
          53.870006
        ]
      },
      "properties": {
        "id": "14580",
        "name": "Паліклініка №21",
        "type": "bus"
      }
    },
    {
      "type": "Feature",
      "geometry": {
        "type": "Point",
        "coordinates": [
          27.628151,
          53.92333
        ]
      },
      "properties": {
        "id": "14424",
        "name": "Белдзяржтэлерадаё",
        "type": "bus"
      }
    },
    {
      "type": "Feature",
      "geometry": {
        "type": "Point",
        "coordinates": [
          27.625789,
          53.920103
        ]
      },
      "properties": {
        "id": "14427",
        "name": "Каледж мастацтваў",
        "type": "bus"
      }
    },
    {
      "type": "Feature",
      "geometry": {
        "type": "Point",
        "coordinates": [
          27.628377,
          53.946497
        ]
      },
      "properties": {
        "id": "14482",
        "name": "Палац барацьбы",
        "type": "bus"
      }
    },
    {
      "type": "Feature",
      "geometry": {
        "type": "Point",
        "coordinates": [
          27.582509,
          53.817534
        ]
      },
      "properties": {
        "id": "16001",
        "name": "Бабушкіна",
        "type": "bus"
      }
    },
    {
      "type": "Feature",
      "geometry": {
        "type": "Point",
        "coordinates": [
          27.628622,
          53.835016
        ]
      },
      "properties": {
        "id": "767183658",
        "name": "ДС Чыжоўка",
        "type": "bus"
      }
    },
    {
      "type": "Feature",
      "geometry": {
        "type": "Point",
        "coordinates": [
          27.705726,
          53.945247
        ]
      },
      "properties": {
        "id": "14375",
        "name": "Вадалажскага",
        "type": "bus"
      }
    },
    {
      "type": "Feature",
      "geometry": {
        "type": "Point",
        "coordinates": [
          27.649535,
          53.896815
        ]
      },
      "properties": {
        "id": "15417",
        "name": "Прафтэхкаледж",
        "type": "bus"
      }
    },
    {
      "type": "Feature",
      "geometry": {
        "type": "Point",
        "coordinates": [
          27.634691,
          53.854903
        ]
      },
      "properties": {
        "id": "15530",
        "name": "Машынабудаўнікоў",
        "type": "bus"
      }
    },
    {
      "type": "Feature",
      "geometry": {
        "type": "Point",
        "coordinates": [
          27.552865,
          53.835317
        ]
      },
      "properties": {
        "id": "15085",
        "name": "Мінскрыбпрам",
        "type": "bus"
      }
    },
    {
      "type": "Feature",
      "geometry": {
        "type": "Point",
        "coordinates": [
          27.60884,
          53.9237
        ]
      },
      "properties": {
        "id": "14493",
        "name": "Плошча Калініна",
        "type": "bus"
      }
    },
    {
      "type": "Feature",
      "geometry": {
        "type": "Point",
        "coordinates": [
          27.73416,
          53.834504
        ]
      },
      "properties": {
        "id": "16045",
        "name": "Смілавіцкі тракт",
        "type": "bus"
      }
    },
    {
      "type": "Feature",
      "geometry": {
        "type": "Point",
        "coordinates": [
          27.720948,
          53.935699
        ]
      },
      "properties": {
        "id": "16154",
        "name": "Славянская",
        "type": "bus"
      }
    },
    {
      "type": "Feature",
      "geometry": {
        "type": "Point",
        "coordinates": [
          27.645705,
          53.932761
        ]
      },
      "properties": {
        "id": "14678",
        "name": "Нацыянальная бібліятэка",
        "type": "bus"
      }
    },
    {
      "type": "Feature",
      "geometry": {
        "type": "Point",
        "coordinates": [
          27.44389,
          53.852486
        ]
      },
      "properties": {
        "id": "14931",
        "name": "Мікрараён",
        "type": "bus"
      }
    },
    {
      "type": "Feature",
      "geometry": {
        "type": "Point",
        "coordinates": [
          27.592116,
          53.919641
        ]
      },
      "properties": {
        "id": "15889",
        "name": "Петруся Броўкі",
        "type": "bus"
      }
    },
    {
      "type": "Feature",
      "geometry": {
        "type": "Point",
        "coordinates": [
          27.636577,
          53.870452
        ]
      },
      "properties": {
        "id": "58366",
        "name": "Куляшова",
        "type": "bus"
      }
    },
    {
      "type": "Feature",
      "geometry": {
        "type": "Point",
        "coordinates": [
          27.606556,
          53.83406
        ]
      },
      "properties": {
        "id": "15500",
        "name": "Убарэвіча",
        "type": "bus"
      }
    },
    {
      "type": "Feature",
      "geometry": {
        "type": "Point",
        "coordinates": [
          27.52391,
          53.924265
        ]
      },
      "properties": {
        "id": "15112",
        "name": "Рэспубліканскі цэнтр тэніса",
        "type": "bus"
      }
    },
    {
      "type": "Feature",
      "geometry": {
        "type": "Point",
        "coordinates": [
          27.680047,
          53.835463
        ]
      },
      "properties": {
        "id": "14833",
        "name": "Тэхналагічны",
        "type": "bus"
      }
    },
    {
      "type": "Feature",
      "geometry": {
        "type": "Point",
        "coordinates": [
          27.637466,
          53.833803
        ]
      },
      "properties": {
        "id": "767183693",
        "name": "Паварот на Чыжоўку",
        "type": "bus"
      }
    },
    {
      "type": "Feature",
      "geometry": {
        "type": "Point",
        "coordinates": [
          27.648132,
          53.899906
        ]
      },
      "properties": {
        "id": "15380",
        "name": "завулак Солтыса",
        "type": "bus"
      }
    },
    {
      "type": "Feature",
      "geometry": {
        "type": "Point",
        "coordinates": [
          27.611176,
          53.932037
        ]
      },
      "properties": {
        "id": "15108",
        "name": "Бялінскага",
        "type": "bus"
      }
    },
    {
      "type": "Feature",
      "geometry": {
        "type": "Point",
        "coordinates": [
          27.714407,
          53.935939
        ]
      },
      "properties": {
        "id": "14640",
        "name": "Чыгуначная станцыя «Азярышча»",
        "type": "bus"
      }
    },
    {
      "type": "Feature",
      "geometry": {
        "type": "Point",
        "coordinates": [
          27.528961,
          53.8731
        ]
      },
      "properties": {
        "id": "56722",
        "name": "Брылеўская",
        "type": "bus"
      }
    },
    {
      "type": "Feature",
      "geometry": {
        "type": "Point",
        "coordinates": [
          27.71932,
          53.944162
        ]
      },
      "properties": {
        "id": "14372",
        "name": "Вялікі Лес",
        "type": "bus"
      }
    },
    {
      "type": "Feature",
      "geometry": {
        "type": "Point",
        "coordinates": [
          27.51065,
          53.871937
        ]
      },
      "properties": {
        "id": "15676",
        "name": "Камбінат сілікатных вырабаў",
        "type": "bus"
      }
    },
    {
      "type": "Feature",
      "geometry": {
        "type": "Point",
        "coordinates": [
          27.616997,
          53.95131
        ]
      },
      "properties": {
        "id": "14388",
        "name": "Лагойскі тракт",
        "type": "bus"
      }
    },
    {
      "type": "Feature",
      "geometry": {
        "type": "Point",
        "coordinates": [
          27.64039,
          53.857699
        ]
      },
      "properties": {
        "id": "15708",
        "name": "Пасёлак Маладзёжны",
        "type": "bus"
      }
    },
    {
      "type": "Feature",
      "geometry": {
        "type": "Point",
        "coordinates": [
          27.411458,
          53.871648
        ]
      },
      "properties": {
        "id": "71979",
        "name": "Мантажнікаў",
        "type": "bus"
      }
    },
    {
      "type": "Feature",
      "geometry": {
        "type": "Point",
        "coordinates": [
          27.651763,
          53.934723
        ]
      },
      "properties": {
        "id": "?",
        "name": "Станцыя метро «Усход»",
        "type": "bus"
      }
    },
    {
      "type": "Feature",
      "geometry": {
        "type": "Point",
        "coordinates": [
          27.665649,
          53.925189
        ]
      },
      "properties": {
        "id": "14416",
        "name": "Акадэмія сувязі",
        "type": "bus"
      }
    },
    {
      "type": "Feature",
      "geometry": {
        "type": "Point",
        "coordinates": [
          27.608917,
          53.942435
        ]
      },
      "properties": {
        "id": "14394",
        "name": "Севастопальская",
        "type": "bus"
      }
    },
    {
      "type": "Feature",
      "geometry": {
        "type": "Point",
        "coordinates": [
          27.622373,
          53.931331
        ]
      },
      "properties": {
        "id": "15015",
        "name": "Валгаградская",
        "type": "bus"
      }
    },
    {
      "type": "Feature",
      "geometry": {
        "type": "Point",
        "coordinates": [
          27.642967,
          53.853128
        ]
      },
      "properties": {
        "id": "14583",
        "name": "Пажарнае дэпо",
        "type": "bus"
      }
    },
    {
      "type": "Feature",
      "geometry": {
        "type": "Point",
        "coordinates": [
          27.456869,
          53.933282
        ]
      },
      "properties": {
        "id": "14562",
        "name": "Будаўніча-выставачны комплекс",
        "type": "bus"
      }
    },
    {
      "type": "Feature",
      "geometry": {
        "type": "Point",
        "coordinates": [
          27.694427,
          53.925598
        ]
      },
      "properties": {
        "id": "14629",
        "name": "Інстытут хіміі новых матэрыялаў",
        "type": "bus"
      }
    },
    {
      "type": "Feature",
      "geometry": {
        "type": "Point",
        "coordinates": [
          27.556603,
          53.934523
        ]
      },
      "properties": {
        "id": "15146",
        "name": "Паліклініка №16",
        "type": "bus"
      }
    },
    {
      "type": "Feature",
      "geometry": {
        "type": "Point",
        "coordinates": [
          27.683082,
          53.838828
        ]
      },
      "properties": {
        "id": "14832",
        "name": "Гандлёвы центр «ОМА»",
        "type": "bus"
      }
    },
    {
      "type": "Feature",
      "geometry": {
        "type": "Point",
        "coordinates": [
          27.465901,
          53.853006
        ]
      },
      "properties": {
        "id": "14923",
        "name": "Дворышча",
        "type": "bus"
      }
    },
    {
      "type": "Feature",
      "geometry": {
        "type": "Point",
        "coordinates": [
          27.636353,
          53.879932
        ]
      },
      "properties": {
        "id": "14710",
        "name": "Падшыпнікавы завод",
        "type": "bus"
      }
    },
    {
      "type": "Feature",
      "geometry": {
        "type": "Point",
        "coordinates": [
          27.633453,
          53.945211
        ]
      },
      "properties": {
        "id": "14484",
        "name": "Інстытут пагранічнай службы",
        "type": "bus"
      }
    },
    {
      "type": "Feature",
      "geometry": {
        "type": "Point",
        "coordinates": [
          27.547694,
          53.835686
        ]
      },
      "properties": {
        "id": "15073",
        "name": "Сцебянёва",
        "type": "bus"
      }
    },
    {
      "type": "Feature",
      "geometry": {
        "type": "Point",
        "coordinates": [
          27.615427,
          53.92455
        ]
      },
      "properties": {
        "id": "14495",
        "name": "Станцыя метро «Парк Чалюскінцаў»",
        "type": "bus"
      }
    },
    {
      "type": "Feature",
      "geometry": {
        "type": "Point",
        "coordinates": [
          27.555681,
          53.832832
        ]
      },
      "properties": {
        "id": "15960",
        "name": "Паварот на Мінскрыбпрам",
        "type": "bus"
      }
    },
    {
      "type": "Feature",
      "geometry": {
        "type": "Point",
        "coordinates": [
          27.63179,
          53.86554
        ]
      },
      "properties": {
        "id": "14549",
        "name": "Сурыкава",
        "type": "bus"
      }
    },
    {
      "type": "Feature",
      "geometry": {
        "type": "Point",
        "coordinates": [
          27.63237,
          53.84856
        ]
      },
      "properties": {
        "id": "15531",
        "name": "Заапарк",
        "type": "bus"
      }
    },
    {
      "type": "Feature",
      "geometry": {
        "type": "Point",
        "coordinates": [
          27.615861,
          53.938316
        ]
      },
      "properties": {
        "id": "15110",
        "name": "Чайкоўскага",
        "type": "bus"
      }
    },
    {
      "type": "Feature",
      "geometry": {
        "type": "Point",
        "coordinates": [
          27.636415,
          53.834565
        ]
      },
      "properties": {
        "id": "15525",
        "name": "Чырвонаслабадская",
        "type": "bus"
      }
    },
    {
      "type": "Feature",
      "geometry": {
        "type": "Point",
        "coordinates": [
          27.61695,
          53.940173
        ]
      },
      "properties": {
        "id": "15118",
        "name": "Севастопальскі парк",
        "type": "bus"
      }
    },
    {
      "type": "Feature",
      "geometry": {
        "type": "Point",
        "coordinates": [
          27.612935,
          53.928642
        ]
      },
      "properties": {
        "id": "14993",
        "name": "Талбухіна",
        "type": "bus"
      }
    },
    {
      "type": "Feature",
      "geometry": {
        "type": "Point",
        "coordinates": [
          27.572641,
          53.893073
        ]
      },
      "properties": {
        "id": "15609",
        "name": "вуліца Леніна",
        "type": "bus"
      }
    },
    {
      "type": "Feature",
      "geometry": {
        "type": "Point",
        "coordinates": [
          27.624649,
          53.872517
        ]
      },
      "properties": {
        "id": "15808",
        "name": "Народная",
        "type": "bus"
      }
    },
    {
      "type": "Feature",
      "geometry": {
        "type": "Point",
        "coordinates": [
          27.632431,
          53.933766
        ]
      },
      "properties": {
        "id": "14348",
        "name": "Вялікая Слепня",
        "type": "bus"
      }
    },
    {
      "type": "Feature",
      "geometry": {
        "type": "Point",
        "coordinates": [
          27.515199,
          53.901168
        ]
      },
      "properties": {
        "id": "15125",
        "name": "Завод «Белпласт»",
        "type": "bus"
      }
    },
    {
      "type": "Feature",
      "geometry": {
        "type": "Point",
        "coordinates": [
          27.698366,
          53.932936
        ]
      },
      "properties": {
        "id": "571105",
        "name": "Сасновы Бор",
        "type": "bus"
      }
    },
    {
      "type": "Feature",
      "geometry": {
        "type": "Point",
        "coordinates": [
          27.523789,
          53.913772
        ]
      },
      "properties": {
        "id": "14529",
        "name": "Панфілава",
        "type": "bus"
      }
    },
    {
      "type": "Feature",
      "geometry": {
        "type": "Point",
        "coordinates": [
          27.65671,
          53.917622
        ]
      },
      "properties": {
        "id": "15425",
        "name": "Парніковая",
        "type": "bus"
      }
    },
    {
      "type": "Feature",
      "geometry": {
        "type": "Point",
        "coordinates": [
          27.591129,
          53.803808
        ]
      },
      "properties": {
        "id": "16000",
        "name": "БелаўтаГАЗ",
        "type": "bus"
      }
    },
    {
      "type": "Feature",
      "geometry": {
        "type": "Point",
        "coordinates": [
          27.497443,
          53.84662
        ]
      },
      "properties": {
        "id": "69101",
        "name": "11-я бальніца",
        "type": "bus"
      }
    },
    {
      "type": "Feature",
      "geometry": {
        "type": "Point",
        "coordinates": [
          27.563958,
          53.895237
        ]
      },
      "properties": {
        "id": "16246",
        "name": "Стадыён «Дынама»",
        "type": "bus"
      }
    },
    {
      "type": "Feature",
      "geometry": {
        "type": "Point",
        "coordinates": [
          27.672733,
          53.92351
        ]
      },
      "properties": {
        "id": "14414",
        "name": "Абласны раддом",
        "type": "bus"
      }
    },
    {
      "type": "Feature",
      "geometry": {
        "type": "Point",
        "coordinates": [
          27.513334,
          53.904889
        ]
      },
      "properties": {
        "id": "15126",
        "name": "3 Верасня",
        "type": "bus"
      }
    },
    {
      "type": "Feature",
      "geometry": {
        "type": "Point",
        "coordinates": [
          27.618065,
          53.839948
        ]
      },
      "properties": {
        "id": "15711",
        "name": "Чыжоўка-6",
        "type": "bus"
      }
    },
    {
      "type": "Feature",
      "geometry": {
        "type": "Point",
        "coordinates": [
          27.646241,
          53.845085
        ]
      },
      "properties": {
        "id": "15508",
        "name": "Дзіцячая бібліятэка",
        "type": "bus"
      }
    },
    {
      "type": "Feature",
      "geometry": {
        "type": "Point",
        "coordinates": [
          27.538701,
          53.969081
        ]
      },
      "properties": {
        "id": "14970",
        "name": "Даўгінаўскі тракт",
        "type": "bus"
      }
    },
    {
      "type": "Feature",
      "geometry": {
        "type": "Point",
        "coordinates": [
          27.632805,
          53.858037
        ]
      },
      "properties": {
        "id": "14588",
        "name": "Шышкіна",
        "type": "bus"
      }
    },
    {
      "type": "Feature",
      "geometry": {
        "type": "Point",
        "coordinates": [
          27.627134,
          53.858616
        ]
      },
      "properties": {
        "id": "15770",
        "name": "Шчотаўка",
        "type": "bus"
      }
    },
    {
      "type": "Feature",
      "geometry": {
        "type": "Point",
        "coordinates": [
          27.624228,
          53.902607
        ]
      },
      "properties": {
        "id": "15437",
        "name": "Бумажкова",
        "type": "bus"
      }
    },
    {
      "type": "Feature",
      "geometry": {
        "type": "Point",
        "coordinates": [
          27.623239,
          53.93182
        ]
      },
      "properties": {
        "id": "14402",
        "name": "Кедышкі",
        "type": "bus"
      }
    },
    {
      "type": "Feature",
      "geometry": {
        "type": "Point",
        "coordinates": [
          27.446214,
          53.904539
        ]
      },
      "properties": {
        "id": "14880",
        "name": "Бурдзейнага, 35",
        "type": "bus"
      }
    },
    {
      "type": "Feature",
      "geometry": {
        "type": "Point",
        "coordinates": [
          27.626156,
          53.863537
        ]
      },
      "properties": {
        "id": "14544",
        "name": "Заходні пасёлак",
        "type": "bus"
      }
    },
    {
      "type": "Feature",
      "geometry": {
        "type": "Point",
        "coordinates": [
          27.546326,
          53.932215
        ]
      },
      "properties": {
        "id": "14695",
        "name": "Чарвякова",
        "type": "bus"
      }
    },
    {
      "type": "Feature",
      "geometry": {
        "type": "Point",
        "coordinates": [
          27.481122,
          53.884642
        ]
      },
      "properties": {
        "id": "14905",
        "name": "Глаголева",
        "type": "bus"
      }
    },
    {
      "type": "Feature",
      "geometry": {
        "type": "Point",
        "coordinates": [
          27.555199,
          53.932031
        ]
      },
      "properties": {
        "id": "14846",
        "name": "Кіеўскі сквер",
        "type": "bus"
      }
    },
    {
      "type": "Feature",
      "geometry": {
        "type": "Point",
        "coordinates": [
          27.628738,
          53.834986
        ]
      },
      "properties": {
        "id": "15534",
        "name": "ДС Чыжоўка",
        "type": "bus"
      }
    },
    {
      "type": "Feature",
      "geometry": {
        "type": "Point",
        "coordinates": [
          27.628791,
          53.855856
        ]
      },
      "properties": {
        "id": "15767",
        "name": "Шышкіна",
        "type": "bus"
      }
    },
    {
      "type": "Feature",
      "geometry": {
        "type": "Point",
        "coordinates": [
          27.504126,
          53.8642
        ]
      },
      "properties": {
        "id": "15679",
        "name": "Завулак Софʼі Кавалеўскай",
        "type": "bus"
      }
    },
    {
      "type": "Feature",
      "geometry": {
        "type": "Point",
        "coordinates": [
          27.908384,
          53.874859
        ]
      },
      "properties": {
        "id": "16063",
        "name": "Сокал",
        "type": "bus"
      }
    },
    {
      "type": "Feature",
      "geometry": {
        "type": "Point",
        "coordinates": [
          27.627237,
          53.863822
        ]
      },
      "properties": {
        "id": "14548",
        "name": "Заходні пасёлак",
        "type": "bus"
      }
    },
    {
      "type": "Feature",
      "geometry": {
        "type": "Point",
        "coordinates": [
          27.407222,
          53.877694
        ]
      },
      "properties": {
        "id": "71983",
        "name": "Водаачышчальная станцыя",
        "type": "bus"
      }
    },
    {
      "type": "Feature",
      "geometry": {
        "type": "Point",
        "coordinates": [
          27.4558,
          53.934003
        ]
      },
      "properties": {
        "id": "14556",
        "name": "Будаўніча-выставачны комплекс",
        "type": "bus"
      }
    },
    {
      "type": "Feature",
      "geometry": {
        "type": "Point",
        "coordinates": [
          27.426158,
          53.880226
        ]
      },
      "properties": {
        "id": "73321",
        "name": "Акадэміка Фёдарава",
        "type": "bus"
      }
    },
    {
      "type": "Feature",
      "geometry": {
        "type": "Point",
        "coordinates": [
          27.622805,
          53.948123
        ]
      },
      "properties": {
        "id": "14481",
        "name": "Хлебазавод №5",
        "type": "bus"
      }
    },
    {
      "type": "Feature",
      "geometry": {
        "type": "Point",
        "coordinates": [
          27.504445,
          53.884534
        ]
      },
      "properties": {
        "id": "58354",
        "name": "Беліта-Вітэкс",
        "type": "bus"
      }
    },
    {
      "type": "Feature",
      "geometry": {
        "type": "Point",
        "coordinates": [
          27.555798,
          53.928563
        ]
      },
      "properties": {
        "id": "15726",
        "name": "Кінатэатар «Кіеў»",
        "type": "bus"
      }
    },
    {
      "type": "Feature",
      "geometry": {
        "type": "Point",
        "coordinates": [
          27.761917,
          53.825189
        ]
      },
      "properties": {
        "id": "16051",
        "name": "Паварот на Гарадок",
        "type": "bus"
      }
    },
    {
      "type": "Feature",
      "geometry": {
        "type": "Point",
        "coordinates": [
          27.478754,
          53.858044
        ]
      },
      "properties": {
        "id": "15196",
        "name": "Студэнцкая вёска",
        "type": "bus"
      }
    },
    {
      "type": "Feature",
      "geometry": {
        "type": "Point",
        "coordinates": [
          27.538818,
          53.930916
        ]
      },
      "properties": {
        "id": "14696",
        "name": "Нававіленская",
        "type": "bus"
      }
    },
    {
      "type": "Feature",
      "geometry": {
        "type": "Point",
        "coordinates": [
          27.646882,
          53.844493
        ]
      },
      "properties": {
        "id": "15512",
        "name": "Дзіцячая бібліятэка",
        "type": "bus"
      }
    },
    {
      "type": "Feature",
      "geometry": {
        "type": "Point",
        "coordinates": [
          27.541589,
          53.931092
        ]
      },
      "properties": {
        "id": "14844",
        "name": "Нававіленская",
        "type": "bus"
      }
    },
    {
      "type": "Feature",
      "geometry": {
        "type": "Point",
        "coordinates": [
          27.676379,
          53.839438
        ]
      },
      "properties": {
        "id": "16254",
        "name": "Сэрвісны цэнтр",
        "type": "bus"
      }
    },
    {
      "type": "Feature",
      "geometry": {
        "type": "Point",
        "coordinates": [
          27.410957,
          53.87153
        ]
      },
      "properties": {
        "id": "71980",
        "name": "Мантажнікаў",
        "type": "bus"
      }
    },
    {
      "type": "Feature",
      "geometry": {
        "type": "Point",
        "coordinates": [
          27.595199,
          53.877546
        ]
      },
      "properties": {
        "id": "14797",
        "name": "Трасцянецкая вуліца",
        "type": "bus"
      }
    },
    {
      "type": "Feature",
      "geometry": {
        "type": "Point",
        "coordinates": [
          27.60663,
          53.95123
        ]
      },
      "properties": {
        "id": "15977",
        "name": "Гандлёвы каледж",
        "type": "bus"
      }
    },
    {
      "type": "Feature",
      "geometry": {
        "type": "Point",
        "coordinates": [
          27.623424,
          53.930932
        ]
      },
      "properties": {
        "id": "14403",
        "name": "Кедышкі",
        "type": "bus"
      }
    },
    {
      "type": "Feature",
      "geometry": {
        "type": "Point",
        "coordinates": [
          27.629338,
          53.873553
        ]
      },
      "properties": {
        "id": "14508",
        "name": "Станцыя метро «Партызанская»",
        "type": "bus"
      }
    },
    {
      "type": "Feature",
      "geometry": {
        "type": "Point",
        "coordinates": [
          27.556196,
          53.923955
        ]
      },
      "properties": {
        "id": "15751",
        "name": "бульвар Шаўчэнкі",
        "type": "bus"
      }
    },
    {
      "type": "Feature",
      "geometry": {
        "type": "Point",
        "coordinates": [
          27.486382,
          53.842621
        ]
      },
      "properties": {
        "id": "15036",
        "name": "Пуцяпровад",
        "type": "bus"
      }
    },
    {
      "type": "Feature",
      "geometry": {
        "type": "Point",
        "coordinates": [
          27.622324,
          53.902115
        ]
      },
      "properties": {
        "id": "15470",
        "name": "Бумажкова",
        "type": "bus"
      }
    },
    {
      "type": "Feature",
      "geometry": {
        "type": "Point",
        "coordinates": [
          27.604187,
          53.928237
        ]
      },
      "properties": {
        "id": "14523",
        "name": "Школа №73",
        "type": "bus"
      }
    },
    {
      "type": "Feature",
      "geometry": {
        "type": "Point",
        "coordinates": [
          27.637097,
          53.91932
        ]
      },
      "properties": {
        "id": "15423",
        "name": "Парнікова-цяплічны камбінат",
        "type": "bus"
      }
    },
    {
      "type": "Feature",
      "geometry": {
        "type": "Point",
        "coordinates": [
          27.44723,
          53.906143
        ]
      },
      "properties": {
        "id": "14614",
        "name": "Бараноўшчына",
        "type": "bus"
      }
    },
    {
      "type": "Feature",
      "geometry": {
        "type": "Point",
        "coordinates": [
          27.67931,
          53.856716
        ]
      },
      "properties": {
        "id": "14829",
        "name": "Харчовы камбінат",
        "type": "bus"
      }
    },
    {
      "type": "Feature",
      "geometry": {
        "type": "Point",
        "coordinates": [
          27.628059,
          53.870739
        ]
      },
      "properties": {
        "id": "14510",
        "name": "Кінатэатр Камсамолец",
        "type": "bus"
      }
    },
    {
      "type": "Feature",
      "geometry": {
        "type": "Point",
        "coordinates": [
          27.653849,
          53.920576
        ]
      },
      "properties": {
        "id": "15428",
        "name": "Дачны праезд",
        "type": "bus"
      }
    },
    {
      "type": "Feature",
      "geometry": {
        "type": "Point",
        "coordinates": [
          27.632824,
          53.929103
        ]
      },
      "properties": {
        "id": "14342",
        "name": "Абсерваторыя",
        "type": "bus"
      }
    },
    {
      "type": "Feature",
      "geometry": {
        "type": "Point",
        "coordinates": [
          27.491743,
          53.893641
        ]
      },
      "properties": {
        "id": "15166",
        "name": "Янкі Маўра",
        "type": "bus"
      }
    },
    {
      "type": "Feature",
      "geometry": {
        "type": "Point",
        "coordinates": [
          27.673935,
          53.95029
        ]
      },
      "properties": {
        "id": "14665",
        "name": "Паліклініка №28",
        "type": "bus"
      }
    },
    {
      "type": "Feature",
      "geometry": {
        "type": "Point",
        "coordinates": [
          27.606447,
          53.834274
        ]
      },
      "properties": {
        "id": "15541",
        "name": "Убарэвіча",
        "type": "bus"
      }
    },
    {
      "type": "Feature",
      "geometry": {
        "type": "Point",
        "coordinates": [
          27.618016,
          53.834165
        ]
      },
      "properties": {
        "id": "15502",
        "name": "Чыжоўка-2",
        "type": "bus"
      }
    },
    {
      "type": "Feature",
      "geometry": {
        "type": "Point",
        "coordinates": [
          27.664679,
          53.849933
        ]
      },
      "properties": {
        "id": "14623",
        "name": "Завод «Ліцмаш»",
        "type": "bus"
      }
    },
    {
      "type": "Feature",
      "geometry": {
        "type": "Point",
        "coordinates": [
          27.617883,
          53.839599
        ]
      },
      "properties": {
        "id": "14616",
        "name": "праезд Галадзеда",
        "type": "bus"
      }
    },
    {
      "type": "Feature",
      "geometry": {
        "type": "Point",
        "coordinates": [
          27.618405,
          53.88641
        ]
      },
      "properties": {
        "id": "54329",
        "name": "Даўгабродская",
        "type": "bus"
      }
    },
    {
      "type": "Feature",
      "geometry": {
        "type": "Point",
        "coordinates": [
          27.673685,
          53.853023
        ]
      },
      "properties": {
        "id": "16180",
        "name": "Завод колавых цягачоў",
        "type": "bus"
      }
    },
    {
      "type": "Feature",
      "geometry": {
        "type": "Point",
        "coordinates": [
          27.62763,
          53.877299
        ]
      },
      "properties": {
        "id": "15810",
        "name": "Станцыя метро «Партызанская»",
        "type": "trolleybus"
      }
    },
    {
      "type": "Feature",
      "geometry": {
        "type": "Point",
        "coordinates": [
          27.56255,
          53.934417
        ]
      },
      "properties": {
        "id": "15148",
        "name": "Шчадрына",
        "type": "bus"
      }
    },
    {
      "type": "Feature",
      "geometry": {
        "type": "Point",
        "coordinates": [
          27.611895,
          53.929134
        ]
      },
      "properties": {
        "id": "15017",
        "name": "Дом моладзі",
        "type": "bus"
      }
    },
    {
      "type": "Feature",
      "geometry": {
        "type": "Point",
        "coordinates": [
          27.651681,
          53.843
        ]
      },
      "properties": {
        "id": "14617",
        "name": "Галадзеда",
        "type": "bus"
      }
    },
    {
      "type": "Feature",
      "geometry": {
        "type": "Point",
        "coordinates": [
          27.656926,
          53.83703
        ]
      },
      "properties": {
        "id": "16182",
        "name": "10-я бальніца",
        "type": "bus"
      }
    },
    {
      "type": "Feature",
      "geometry": {
        "type": "Point",
        "coordinates": [
          27.659551,
          53.909591
        ]
      },
      "properties": {
        "id": "15370",
        "name": "завулак Геалагічны",
        "type": "bus"
      }
    },
    {
      "type": "Feature",
      "geometry": {
        "type": "Point",
        "coordinates": [
          27.497092,
          53.85807
        ]
      },
      "properties": {
        "id": "16245",
        "name": "Сямашкі",
        "type": "bus"
      }
    },
    {
      "type": "Feature",
      "geometry": {
        "type": "Point",
        "coordinates": [
          27.498045,
          53.894065
        ]
      },
      "properties": {
        "id": "14716",
        "name": "Харкаўская",
        "type": "bus"
      }
    },
    {
      "type": "Feature",
      "geometry": {
        "type": "Point",
        "coordinates": [
          27.637195,
          53.855922
        ]
      },
      "properties": {
        "id": "15709",
        "name": "Машынабудаўнікоў",
        "type": "bus"
      }
    },
    {
      "type": "Feature",
      "geometry": {
        "type": "Point",
        "coordinates": [
          27.419038,
          53.871688
        ]
      },
      "properties": {
        "id": "71977",
        "name": "Гандлёвы цэнтр",
        "type": "bus"
      }
    },
    {
      "type": "Feature",
      "geometry": {
        "type": "Point",
        "coordinates": [
          27.626515,
          53.920514
        ]
      },
      "properties": {
        "id": "14426",
        "name": "Каледж мастацтваў",
        "type": "bus"
      }
    },
    {
      "type": "Feature",
      "geometry": {
        "type": "Point",
        "coordinates": [
          27.636861,
          53.906892
        ]
      },
      "properties": {
        "id": "15440",
        "name": "Сляпянка",
        "type": "bus"
      }
    },
    {
      "type": "Feature",
      "geometry": {
        "type": "Point",
        "coordinates": [
          27.606406,
          53.939528
        ]
      },
      "properties": {
        "id": "14396",
        "name": "Якуба Коласа",
        "type": "bus"
      }
    },
    {
      "type": "Feature",
      "geometry": {
        "type": "Point",
        "coordinates": [
          27.62659,
          53.927013
        ]
      },
      "properties": {
        "id": "14423",
        "name": "Станцыя метро Маскоўская",
        "type": "bus"
      }
    },
    {
      "type": "Feature",
      "geometry": {
        "type": "Point",
        "coordinates": [
          27.636677,
          53.854941
        ]
      },
      "properties": {
        "id": "14479",
        "name": "Машынабудаўнікоў",
        "type": "bus"
      }
    },
    {
      "type": "Feature",
      "geometry": {
        "type": "Point",
        "coordinates": [
          27.676211,
          53.858098
        ]
      },
      "properties": {
        "id": "14711",
        "name": "Аўтастанцыя «Аўтазаводская»",
        "type": "bus"
      }
    },
    {
      "type": "Feature",
      "geometry": {
        "type": "Point",
        "coordinates": [
          27.44226,
          53.939868
        ]
      },
      "properties": {
        "id": "14559",
        "name": "Харчовы рынак",
        "type": "bus"
      }
    },
    {
      "type": "Feature",
      "geometry": {
        "type": "Point",
        "coordinates": [
          27.638761,
          53.857256
        ]
      },
      "properties": {
        "id": "15707",
        "name": "Пасёлак Маладзёжны",
        "type": "bus"
      }
    },
    {
      "type": "Feature",
      "geometry": {
        "type": "Point",
        "coordinates": [
          27.642269,
          53.942634
        ]
      },
      "properties": {
        "id": "54322",
        "name": "Каліноўскага",
        "type": "bus"
      }
    },
    {
      "type": "Feature",
      "geometry": {
        "type": "Point",
        "coordinates": [
          27.54697,
          53.934604
        ]
      },
      "properties": {
        "id": "15145",
        "name": "Шчадрына",
        "type": "bus"
      }
    },
    {
      "type": "Feature",
      "geometry": {
        "type": "Point",
        "coordinates": [
          27.566119,
          53.937259
        ]
      },
      "properties": {
        "id": "15715",
        "name": "Лілі Карастаянавай",
        "type": "bus"
      }
    },
    {
      "type": "Feature",
      "geometry": {
        "type": "Point",
        "coordinates": [
          27.615276,
          53.949371
        ]
      },
      "properties": {
        "id": "14390",
        "name": "Шырокая",
        "type": "bus"
      }
    },
    {
      "type": "Feature",
      "geometry": {
        "type": "Point",
        "coordinates": [
          27.64473,
          53.834729
        ]
      },
      "properties": {
        "id": "15505",
        "name": "Клецкая",
        "type": "bus"
      }
    },
    {
      "type": "Feature",
      "geometry": {
        "type": "Point",
        "coordinates": [
          27.624769,
          53.906969
        ]
      },
      "properties": {
        "id": "14772",
        "name": "Сталетава",
        "type": "bus"
      }
    },
    {
      "type": "Feature",
      "geometry": {
        "type": "Point",
        "coordinates": [
          27.61016,
          53.923172
        ]
      },
      "properties": {
        "id": "14494",
        "name": "Плошча Калініна",
        "type": "bus"
      }
    },
    {
      "type": "Feature",
      "geometry": {
        "type": "Point",
        "coordinates": [
          27.63202,
          53.844721
        ]
      },
      "properties": {
        "id": "15528",
        "name": "Чыжоўка-Арэна",
        "type": "trolleybus"
      }
    },
    {
      "type": "Feature",
      "geometry": {
        "type": "Point",
        "coordinates": [
          27.578727,
          53.88971
        ]
      },
      "properties": {
        "id": "15608",
        "name": "вул. Смаленская",
        "type": "bus"
      }
    },
    {
      "type": "Feature",
      "geometry": {
        "type": "Point",
        "coordinates": [
          27.587673,
          53.834167
        ]
      },
      "properties": {
        "id": "68810",
        "name": "ДС Лошыца-2",
        "type": "trolleybus"
      }
    },
    {
      "type": "Feature",
      "geometry": {
        "type": "Point",
        "coordinates": [
          27.753845,
          53.830859
        ]
      },
      "properties": {
        "id": "16060",
        "name": "Паўлоўскага",
        "type": "bus"
      }
    },
    {
      "type": "Feature",
      "geometry": {
        "type": "Point",
        "coordinates": [
          27.512861,
          53.90511
        ]
      },
      "properties": {
        "id": "15124",
        "name": "3 Верасня",
        "type": "bus"
      }
    },
    {
      "type": "Feature",
      "geometry": {
        "type": "Point",
        "coordinates": [
          27.618849,
          53.925718
        ]
      },
      "properties": {
        "id": "14491",
        "name": "Дзіцячая чыгунка",
        "type": "bus"
      }
    },
    {
      "type": "Feature",
      "geometry": {
        "type": "Point",
        "coordinates": [
          27.598974,
          53.836421
        ]
      },
      "properties": {
        "id": "15499",
        "name": "Карзюкі",
        "type": "bus"
      }
    },
    {
      "type": "Feature",
      "geometry": {
        "type": "Point",
        "coordinates": [
          27.573766,
          53.892055
        ]
      },
      "properties": {
        "id": "15611",
        "name": "вуліца Леніна",
        "type": "bus"
      }
    },
    {
      "type": "Feature",
      "geometry": {
        "type": "Point",
        "coordinates": [
          27.593121,
          53.800502
        ]
      },
      "properties": {
        "id": "73901",
        "name": "БелМагістральАўтаТранс",
        "type": "bus"
      }
    },
    {
      "type": "Feature",
      "geometry": {
        "type": "Point",
        "coordinates": [
          27.655805,
          53.836956
        ]
      },
      "properties": {
        "id": "16014",
        "name": "10-я бальніца",
        "type": "bus"
      }
    },
    {
      "type": "Feature",
      "geometry": {
        "type": "Point",
        "coordinates": [
          27.642354,
          53.83995
        ]
      },
      "properties": {
        "id": "15772",
        "name": "ДС Чыжоўка-1",
        "type": "trolleybus"
      }
    },
    {
      "type": "Feature",
      "geometry": {
        "type": "Point",
        "coordinates": [
          27.569288,
          53.894239
        ]
      },
      "properties": {
        "id": "15610",
        "name": "Станцыя метро «Першамайская»",
        "type": "bus"
      }
    },
    {
      "type": "Feature",
      "geometry": {
        "type": "Point",
        "coordinates": [
          27.667074,
          53.924593
        ]
      },
      "properties": {
        "id": "14415",
        "name": "Акадэмія сувязі",
        "type": "bus"
      }
    },
    {
      "type": "Feature",
      "geometry": {
        "type": "Point",
        "coordinates": [
          27.515603,
          53.901133
        ]
      },
      "properties": {
        "id": "15127",
        "name": "Завод «Белпласт»",
        "type": "bus"
      }
    },
    {
      "type": "Feature",
      "geometry": {
        "type": "Point",
        "coordinates": [
          27.472117,
          53.837566
        ]
      },
      "properties": {
        "id": "16119",
        "name": "Акадэміка Курчатава",
        "type": "bus"
      }
    },
    {
      "type": "Feature",
      "geometry": {
        "type": "Point",
        "coordinates": [
          27.61265,
          53.965036
        ]
      },
      "properties": {
        "id": "16008",
        "name": "Курапаты",
        "type": "bus"
      }
    },
    {
      "type": "Feature",
      "geometry": {
        "type": "Point",
        "coordinates": [
          27.62709,
          53.839801
        ]
      },
      "properties": {
        "id": "15712",
        "name": "Ташкенцкі праезд",
        "type": "trolleybus"
      }
    },
    {
      "type": "Feature",
      "geometry": {
        "type": "Point",
        "coordinates": [
          27.535192,
          53.953369
        ]
      },
      "properties": {
        "id": "14967",
        "name": "Цэнтр псіхічнага здароўя",
        "type": "bus"
      }
    },
    {
      "type": "Feature",
      "geometry": {
        "type": "Point",
        "coordinates": [
          27.650234,
          53.843154
        ]
      },
      "properties": {
        "id": "15507",
        "name": "Галадзеда",
        "type": "bus"
      }
    },
    {
      "type": "Feature",
      "geometry": {
        "type": "Point",
        "coordinates": [
          27.55362,
          53.932353
        ]
      },
      "properties": {
        "id": "14694",
        "name": "Кіеўскі сквер",
        "type": "bus"
      }
    },
    {
      "type": "Feature",
      "geometry": {
        "type": "Point",
        "coordinates": [
          27.670822,
          53.924042
        ]
      },
      "properties": {
        "id": "14413",
        "name": "Абласны раддом",
        "type": "bus"
      }
    },
    {
      "type": "Feature",
      "geometry": {
        "type": "Point",
        "coordinates": [
          27.480713,
          53.88917
        ]
      },
      "properties": {
        "id": "15216",
        "name": "Газанапаўняльная станцыя",
        "type": "bus"
      }
    },
    {
      "type": "Feature",
      "geometry": {
        "type": "Point",
        "coordinates": [
          27.480281,
          53.888451
        ]
      },
      "properties": {
        "id": "14904",
        "name": "Газанапаўняльная станцыя",
        "type": "bus"
      }
    },
    {
      "type": "Feature",
      "geometry": {
        "type": "Point",
        "coordinates": [
          27.54844,
          53.93207
        ]
      },
      "properties": {
        "id": "14845",
        "name": "Чарвякова",
        "type": "bus"
      }
    },
    {
      "type": "Feature",
      "geometry": {
        "type": "Point",
        "coordinates": [
          27.450981,
          53.935654
        ]
      },
      "properties": {
        "id": "14561",
        "name": "Ратамская",
        "type": "bus"
      }
    },
    {
      "type": "Feature",
      "geometry": {
        "type": "Point",
        "coordinates": [
          27.720204,
          53.936256
        ]
      },
      "properties": {
        "id": "16153",
        "name": "Славянская",
        "type": "bus"
      }
    },
    {
      "type": "Feature",
      "geometry": {
        "type": "Point",
        "coordinates": [
          27.623416,
          53.8547
        ]
      },
      "properties": {
        "id": "15765",
        "name": "Чыжоўскае водасховішча",
        "type": "bus"
      }
    },
    {
      "type": "Feature",
      "geometry": {
        "type": "Point",
        "coordinates": [
          27.67819,
          53.839397
        ]
      },
      "properties": {
        "id": "14831",
        "name": "Сэрвісны цэнтр",
        "type": "bus"
      }
    },
    {
      "type": "Feature",
      "geometry": {
        "type": "Point",
        "coordinates": [
          27.630994,
          53.875846
        ]
      },
      "properties": {
        "id": "14709",
        "name": "Станцыя метро «Партызанская»",
        "type": "bus"
      }
    },
    {
      "type": "Feature",
      "geometry": {
        "type": "Point",
        "coordinates": [
          27.461049,
          53.932389
        ]
      },
      "properties": {
        "id": "14555",
        "name": "Камайская",
        "type": "bus"
      }
    },
    {
      "type": "Feature",
      "geometry": {
        "type": "Point",
        "coordinates": [
          27.543373,
          53.836694
        ]
      },
      "properties": {
        "id": "15072",
        "name": "Завод Прамбурвод",
        "type": "bus"
      }
    },
    {
      "type": "Feature",
      "geometry": {
        "type": "Point",
        "coordinates": [
          27.696435,
          53.842666
        ]
      },
      "properties": {
        "id": "14752",
        "name": "ДС Шабаны",
        "type": "bus"
      }
    },
    {
      "type": "Feature",
      "geometry": {
        "type": "Point",
        "coordinates": [
          27.643321,
          53.943275
        ]
      },
      "properties": {
        "id": "14354",
        "name": "ДС Каліноўскага",
        "type": "bus"
      }
    },
    {
      "type": "Feature",
      "geometry": {
        "type": "Point",
        "coordinates": [
          27.587982,
          53.970519
        ]
      },
      "properties": {
        "id": "16077",
        "name": "Хмарынская",
        "type": "bus"
      }
    },
    {
      "type": "Feature",
      "geometry": {
        "type": "Point",
        "coordinates": [
          27.563791,
          53.92899
        ]
      },
      "properties": {
        "id": "15724",
        "name": "Кахоўская",
        "type": "bus"
      }
    },
    {
      "type": "Feature",
      "geometry": {
        "type": "Point",
        "coordinates": [
          27.638498,
          53.965766
        ]
      },
      "properties": {
        "id": "73668",
        "name": "вуліца Маневіча",
        "type": "bus"
      }
    },
    {
      "type": "Feature",
      "geometry": {
        "type": "Point",
        "coordinates": [
          27.75632,
          53.83644
        ]
      },
      "properties": {
        "id": "767184106",
        "name": "СП ТАА Трайпл",
        "type": "bus"
      }
    },
    {
      "type": "Feature",
      "geometry": {
        "type": "Point",
        "coordinates": [
          27.633867,
          53.862226
        ]
      },
      "properties": {
        "id": "14708",
        "name": "Дзіцячая бальніца № 4",
        "type": "bus"
      }
    },
    {
      "type": "Feature",
      "geometry": {
        "type": "Point",
        "coordinates": [
          27.641351,
          53.847124
        ]
      },
      "properties": {
        "id": "15511",
        "name": "Фізкультурна-спартыўны цэнтр",
        "type": "bus"
      }
    },
    {
      "type": "Feature",
      "geometry": {
        "type": "Point",
        "coordinates": [
          27.543667,
          53.837121
        ]
      },
      "properties": {
        "id": "15087",
        "name": "Завод Прамбурвод",
        "type": "bus"
      }
    },
    {
      "type": "Feature",
      "geometry": {
        "type": "Point",
        "coordinates": [
          27.534519,
          53.952495
        ]
      },
      "properties": {
        "id": "15002",
        "name": "Цэнтр псіхічнага здароўя",
        "type": "bus"
      }
    },
    {
      "type": "Feature",
      "geometry": {
        "type": "Point",
        "coordinates": [
          27.679333,
          53.83646
        ]
      },
      "properties": {
        "id": "14899",
        "name": "Тэхналагічны",
        "type": "bus"
      }
    },
    {
      "type": "Feature",
      "geometry": {
        "type": "Point",
        "coordinates": [
          27.597711,
          53.930322
        ]
      },
      "properties": {
        "id": "14521",
        "name": "Якуба Коласа",
        "type": "bus"
      }
    },
    {
      "type": "Feature",
      "geometry": {
        "type": "Point",
        "coordinates": [
          27.593338,
          53.855805
        ]
      },
      "properties": {
        "id": "15794",
        "name": "Свіслач",
        "type": "bus"
      }
    },
    {
      "type": "Feature",
      "geometry": {
        "type": "Point",
        "coordinates": [
          27.614835,
          53.936322
        ]
      },
      "properties": {
        "id": "14399",
        "name": "Кнорына",
        "type": "bus"
      }
    },
    {
      "type": "Feature",
      "geometry": {
        "type": "Point",
        "coordinates": [
          27.558706,
          53.923052
        ]
      },
      "properties": {
        "id": "15729",
        "name": "Крапоткіна",
        "type": "bus"
      }
    },
    {
      "type": "Feature",
      "geometry": {
        "type": "Point",
        "coordinates": [
          27.648305,
          53.899214
        ]
      },
      "properties": {
        "id": "15403",
        "name": "завулак Солтыса",
        "type": "bus"
      }
    },
    {
      "type": "Feature",
      "geometry": {
        "type": "Point",
        "coordinates": [
          27.626916,
          53.903758
        ]
      },
      "properties": {
        "id": "15441",
        "name": "Анаева",
        "type": "bus"
      }
    },
    {
      "type": "Feature",
      "geometry": {
        "type": "Point",
        "coordinates": [
          27.731799,
          53.937549
        ]
      },
      "properties": {
        "id": "16150",
        "name": "Гарбатава, 74",
        "type": "bus"
      }
    },
    {
      "type": "Feature",
      "geometry": {
        "type": "Point",
        "coordinates": [
          27.599016,
          53.930233
        ]
      },
      "properties": {
        "id": "69238",
        "name": "Якуба Коласа",
        "type": "bus"
      }
    },
    {
      "type": "Feature",
      "geometry": {
        "type": "Point",
        "coordinates": [
          27.714597,
          53.843521
        ]
      },
      "properties": {
        "id": "16043",
        "name": "Малы Трасцянец",
        "type": "bus"
      }
    },
    {
      "type": "Feature",
      "geometry": {
        "type": "Point",
        "coordinates": [
          27.689766,
          53.933556
        ]
      },
      "properties": {
        "id": "14385",
        "name": "Музей валуноў",
        "type": "bus"
      }
    },
    {
      "type": "Feature",
      "geometry": {
        "type": "Point",
        "coordinates": [
          27.477375,
          53.925336
        ]
      },
      "properties": {
        "id": "15228",
        "name": "ДС Масюкоўшчына",
        "type": "bus"
      }
    },
    {
      "type": "Feature",
      "geometry": {
        "type": "Point",
        "coordinates": [
          27.671735,
          53.849092
        ]
      },
      "properties": {
        "id": "14621",
        "name": "Чырвоная Слабада",
        "type": "bus"
      }
    },
    {
      "type": "Feature",
      "geometry": {
        "type": "Point",
        "coordinates": [
          27.492996,
          53.840171
        ]
      },
      "properties": {
        "id": "69069",
        "name": "Магазін",
        "type": "bus"
      }
    },
    {
      "type": "Feature",
      "geometry": {
        "type": "Point",
        "coordinates": [
          27.621595,
          53.834389
        ]
      },
      "properties": {
        "id": "15537",
        "name": "Школа № 124",
        "type": "bus"
      }
    },
    {
      "type": "Feature",
      "geometry": {
        "type": "Point",
        "coordinates": [
          27.500119,
          53.891731
        ]
      },
      "properties": {
        "id": "14762",
        "name": "Індустрыяльны",
        "type": "trolleybus"
      }
    },
    {
      "type": "Feature",
      "geometry": {
        "type": "Point",
        "coordinates": [
          27.654794,
          53.92636
        ]
      },
      "properties": {
        "id": "15427",
        "name": "Дом міласэрнасці",
        "type": "bus"
      }
    },
    {
      "type": "Feature",
      "geometry": {
        "type": "Point",
        "coordinates": [
          27.541558,
          53.910511
        ]
      },
      "properties": {
        "id": "16189",
        "name": "Белпраект",
        "type": "bus"
      }
    },
    {
      "type": "Feature",
      "geometry": {
        "type": "Point",
        "coordinates": [
          27.491594,
          53.859028
        ]
      },
      "properties": {
        "id": "16250",
        "name": "Дом правасуддзя",
        "type": "bus"
      }
    },
    {
      "type": "Feature",
      "geometry": {
        "type": "Point",
        "coordinates": [
          27.524265,
          53.912971
        ]
      },
      "properties": {
        "id": "14568",
        "name": "Панфілава",
        "type": "bus"
      }
    },
    {
      "type": "Feature",
      "geometry": {
        "type": "Point",
        "coordinates": [
          27.634466,
          53.86099
        ]
      },
      "properties": {
        "id": "14579",
        "name": "Дзіцячая бальніца № 4",
        "type": "bus"
      }
    },
    {
      "type": "Feature",
      "geometry": {
        "type": "Point",
        "coordinates": [
          27.641817,
          53.853742
        ]
      },
      "properties": {
        "id": "14706",
        "name": "Пажарнае дэпо",
        "type": "bus"
      }
    },
    {
      "type": "Feature",
      "geometry": {
        "type": "Point",
        "coordinates": [
          27.617221,
          53.836275
        ]
      },
      "properties": {
        "id": "15538",
        "name": "Чыжоўка-2",
        "type": "bus"
      }
    },
    {
      "type": "Feature",
      "geometry": {
        "type": "Point",
        "coordinates": [
          27.563323,
          53.926095
        ]
      },
      "properties": {
        "id": "15718",
        "name": "Трыкатажная фабрыка",
        "type": "bus"
      }
    },
    {
      "type": "Feature",
      "geometry": {
        "type": "Point",
        "coordinates": [
          27.620352,
          53.925814
        ]
      },
      "properties": {
        "id": "14496",
        "name": "Дзіцячая чыгунка",
        "type": "bus"
      }
    },
    {
      "type": "Feature",
      "geometry": {
        "type": "Point",
        "coordinates": [
          27.720081,
          53.945259
        ]
      },
      "properties": {
        "id": "14370",
        "name": "Рагачоўская",
        "type": "bus"
      }
    },
    {
      "type": "Feature",
      "geometry": {
        "type": "Point",
        "coordinates": [
          27.695633,
          53.946344
        ]
      },
      "properties": {
        "id": "14378",
        "name": "Астрашыцкая",
        "type": "bus"
      }
    },
    {
      "type": "Feature",
      "geometry": {
        "type": "Point",
        "coordinates": [
          27.640234,
          53.833486
        ]
      },
      "properties": {
        "id": "15953",
        "name": "Паварот на Чыжоўку",
        "type": "bus"
      }
    },
    {
      "type": "Feature",
      "geometry": {
        "type": "Point",
        "coordinates": [
          27.528253,
          53.963076
        ]
      },
      "properties": {
        "id": "15957",
        "name": "Бальніца (Навінкі)",
        "type": "bus"
      }
    },
    {
      "type": "Feature",
      "geometry": {
        "type": "Point",
        "coordinates": [
          27.507935,
          53.867004
        ]
      },
      "properties": {
        "id": "15678",
        "name": "Прахадная",
        "type": "bus"
      }
    },
    {
      "type": "Feature",
      "geometry": {
        "type": "Point",
        "coordinates": [
          27.62699,
          53.866644
        ]
      },
      "properties": {
        "id": "14542",
        "name": "Грэкава",
        "type": "bus"
      }
    },
    {
      "type": "Feature",
      "geometry": {
        "type": "Point",
        "coordinates": [
          27.570927,
          53.926689
        ]
      },
      "properties": {
        "id": "15722",
        "name": "Парк Дружбы народаў",
        "type": "bus"
      }
    },
    {
      "type": "Feature",
      "geometry": {
        "type": "Point",
        "coordinates": [
          27.61999,
          53.953919
        ]
      },
      "properties": {
        "id": "16192",
        "name": "Сядых",
        "type": "tram"
      }
    },
    {
      "type": "Feature",
      "geometry": {
        "type": "Point",
        "coordinates": [
          27.619815,
          53.953783
        ]
      },
      "properties": {
        "id": "16193",
        "name": "Сядых",
        "type": "tram"
      }
    },
    {
      "type": "Feature",
      "geometry": {
        "type": "Point",
        "coordinates": [
          27.608868,
          53.942316
        ]
      },
      "properties": {
        "id": "16199",
        "name": "Севастопальская",
        "type": "tram"
      }
    },
    {
      "type": "Feature",
      "geometry": {
        "type": "Point",
        "coordinates": [
          27.616717,
          53.950441
        ]
      },
      "properties": {
        "id": "14389",
        "name": "Каліноўскага",
        "type": "bus"
      }
    },
    {
      "type": "Feature",
      "geometry": {
        "type": "Point",
        "coordinates": [
          27.569315,
          53.835414
        ]
      },
      "properties": {
        "id": "73771",
        "name": "Прушынскіх 62",
        "type": "trolleybus"
      }
    },
    {
      "type": "Feature",
      "geometry": {
        "type": "Point",
        "coordinates": [
          27.434304,
          53.907254
        ]
      },
      "properties": {
        "id": "14608",
        "name": "Станцыя метро «Каменная Горка» (прыгарад)",
        "type": "bus"
      }
    },
    {
      "type": "Feature",
      "geometry": {
        "type": "Point",
        "coordinates": [
          27.491987,
          53.939055
        ]
      },
      "properties": {
        "id": "15042",
        "name": "Пакроўская",
        "type": "bus"
      }
    },
    {
      "type": "Feature",
      "geometry": {
        "type": "Point",
        "coordinates": [
          27.68995,
          53.81064
        ]
      },
      "properties": {
        "id": "14793",
        "name": "Завод жалезабетонных вырабаў",
        "type": "bus"
      }
    },
    {
      "type": "Feature",
      "geometry": {
        "type": "Point",
        "coordinates": [
          27.483455,
          53.848073
        ]
      },
      "properties": {
        "id": "16231",
        "name": "Каралінская",
        "type": "bus"
      }
    },
    {
      "type": "Feature",
      "geometry": {
        "type": "Point",
        "coordinates": [
          27.904724,
          53.875816
        ]
      },
      "properties": {
        "id": "16065",
        "name": "Барамзіной",
        "type": "bus"
      }
    },
    {
      "type": "Feature",
      "geometry": {
        "type": "Point",
        "coordinates": [
          27.620898,
          53.883983
        ]
      },
      "properties": {
        "id": "400323",
        "name": "Парк 50 год Кастрычніка",
        "type": "bus"
      }
    },
    {
      "type": "Feature",
      "geometry": {
        "type": "Point",
        "coordinates": [
          27.553702,
          53.91764
        ]
      },
      "properties": {
        "id": "15233",
        "name": "Тэатральны",
        "type": "tram"
      }
    },
    {
      "type": "Feature",
      "geometry": {
        "type": "Point",
        "coordinates": [
          27.564798,
          53.916525
        ]
      },
      "properties": {
        "id": "15432",
        "name": "Максіма Багдановіча",
        "type": "tram"
      }
    },
    {
      "type": "Feature",
      "geometry": {
        "type": "Point",
        "coordinates": [
          27.444318,
          53.904891
        ]
      },
      "properties": {
        "id": "14866",
        "name": "Бурдзейнага, 35",
        "type": "bus"
      }
    },
    {
      "type": "Feature",
      "geometry": {
        "type": "Point",
        "coordinates": [
          27.549237,
          53.902016
        ]
      },
      "properties": {
        "id": "15599",
        "name": "Раманаўская Слабада",
        "type": "bus"
      }
    },
    {
      "type": "Feature",
      "geometry": {
        "type": "Point",
        "coordinates": [
          27.658647,
          53.944447
        ]
      },
      "properties": {
        "id": "14432",
        "name": "Усіхсвяцкая",
        "type": "bus"
      }
    },
    {
      "type": "Feature",
      "geometry": {
        "type": "Point",
        "coordinates": [
          27.65695,
          53.94453
        ]
      },
      "properties": {
        "id": "14433",
        "name": "Усіхсвяцкая",
        "type": "bus"
      }
    },
    {
      "type": "Feature",
      "geometry": {
        "type": "Point",
        "coordinates": [
          27.513015,
          53.88867
        ]
      },
      "properties": {
        "id": "15927",
        "name": "Розы Люксембург",
        "type": "trolleybus"
      }
    },
    {
      "type": "Feature",
      "geometry": {
        "type": "Point",
        "coordinates": [
          27.632021,
          53.839612
        ]
      },
      "properties": {
        "id": "15771",
        "name": "Ташкенцкая",
        "type": "trolleybus"
      }
    },
    {
      "type": "Feature",
      "geometry": {
        "type": "Point",
        "coordinates": [
          27.561053,
          53.869633
        ]
      },
      "properties": {
        "id": "25642",
        "name": "Германаўская",
        "type": "bus"
      }
    },
    {
      "type": "Feature",
      "geometry": {
        "type": "Point",
        "coordinates": [
          27.560256,
          53.868762
        ]
      },
      "properties": {
        "id": "25741",
        "name": "Германаўская",
        "type": "bus"
      }
    },
    {
      "type": "Feature",
      "geometry": {
        "type": "Point",
        "coordinates": [
          27.741458,
          53.940714
        ]
      },
      "properties": {
        "id": "14634",
        "name": "Сухарукія",
        "type": "bus"
      }
    },
    {
      "type": "Feature",
      "geometry": {
        "type": "Point",
        "coordinates": [
          27.653147,
          53.839009
        ]
      },
      "properties": {
        "id": "15506",
        "name": "10-я бальніца",
        "type": "bus"
      }
    },
    {
      "type": "Feature",
      "geometry": {
        "type": "Point",
        "coordinates": [
          27.502072,
          53.88585
        ]
      },
      "properties": {
        "id": "14763",
        "name": "Глаголева",
        "type": "bus"
      }
    },
    {
      "type": "Feature",
      "geometry": {
        "type": "Point",
        "coordinates": [
          27.504729,
          53.875892
        ]
      },
      "properties": {
        "id": "15684",
        "name": "Аўтасіла",
        "type": "bus"
      }
    },
    {
      "type": "Feature",
      "geometry": {
        "type": "Point",
        "coordinates": [
          27.658737,
          53.909562
        ]
      },
      "properties": {
        "id": "15378",
        "name": "Геалагічны завулак",
        "type": "bus"
      }
    },
    {
      "type": "Feature",
      "geometry": {
        "type": "Point",
        "coordinates": [
          27.455235,
          53.923994
        ]
      },
      "properties": {
        "id": "188139",
        "name": "Дамброўка-6",
        "type": "bus"
      }
    },
    {
      "type": "Feature",
      "geometry": {
        "type": "Point",
        "coordinates": [
          28.03438,
          53.88985
        ]
      },
      "properties": {
        "id": "133375",
        "name": "Нацыянальны аэрапорт «Мінск»",
        "type": "bus"
      }
    },
    {
      "type": "Feature",
      "geometry": {
        "type": "Point",
        "coordinates": [
          27.672206,
          53.910505
        ]
      },
      "properties": {
        "id": "15382",
        "name": "Сувязістаў",
        "type": "bus"
      }
    },
    {
      "type": "Feature",
      "geometry": {
        "type": "Point",
        "coordinates": [
          27.605958,
          53.890207
        ]
      },
      "properties": {
        "id": "15476",
        "name": "Чабатарова",
        "type": "bus"
      }
    },
    {
      "type": "Feature",
      "geometry": {
        "type": "Point",
        "coordinates": [
          27.668406,
          53.913999
        ]
      },
      "properties": {
        "id": "15381",
        "name": "Школа №183",
        "type": "bus"
      }
    },
    {
      "type": "Feature",
      "geometry": {
        "type": "Point",
        "coordinates": [
          27.666887,
          53.91456
        ]
      },
      "properties": {
        "id": "15377",
        "name": "Школа №183",
        "type": "bus"
      }
    },
    {
      "type": "Feature",
      "geometry": {
        "type": "Point",
        "coordinates": [
          27.621006,
          53.955072
        ]
      },
      "properties": {
        "id": "14364",
        "name": "ДС Карбышава",
        "type": "bus"
      }
    },
    {
      "type": "Feature",
      "geometry": {
        "type": "Point",
        "coordinates": [
          27.520285,
          53.888939
        ]
      },
      "properties": {
        "id": "15206",
        "name": "Хмялеўскага",
        "type": "bus"
      }
    },
    {
      "type": "Feature",
      "geometry": {
        "type": "Point",
        "coordinates": [
          27.683383,
          53.91516
        ]
      },
      "properties": {
        "id": "16002",
        "name": "Паўднёвая",
        "type": "bus"
      }
    },
    {
      "type": "Feature",
      "geometry": {
        "type": "Point",
        "coordinates": [
          27.650694,
          53.88689
        ]
      },
      "properties": {
        "id": "15286",
        "name": "Пераходная",
        "type": "bus"
      }
    },
    {
      "type": "Feature",
      "geometry": {
        "type": "Point",
        "coordinates": [
          27.596418,
          53.852251
        ]
      },
      "properties": {
        "id": "54486",
        "name": "Серабранка-3",
        "type": "bus"
      }
    },
    {
      "type": "Feature",
      "geometry": {
        "type": "Point",
        "coordinates": [
          27.68545,
          53.911807
        ]
      },
      "properties": {
        "id": "54766",
        "name": "ГБК «Віраж»",
        "type": "bus"
      }
    },
    {
      "type": "Feature",
      "geometry": {
        "type": "Point",
        "coordinates": [
          27.68396,
          53.915305
        ]
      },
      "properties": {
        "id": "16017",
        "name": "Паўднёвая",
        "type": "bus"
      }
    },
    {
      "type": "Feature",
      "geometry": {
        "type": "Point",
        "coordinates": [
          27.580115,
          53.889085
        ]
      },
      "properties": {
        "id": "73564",
        "name": "Смаленская",
        "type": "bus"
      }
    },
    {
      "type": "Feature",
      "geometry": {
        "type": "Point",
        "coordinates": [
          27.493892,
          53.938609
        ]
      },
      "properties": {
        "id": "15044",
        "name": "Пакроўская",
        "type": "bus"
      }
    },
    {
      "type": "Feature",
      "geometry": {
        "type": "Point",
        "coordinates": [
          27.58101,
          53.93624
        ]
      },
      "properties": {
        "id": "73932",
        "name": "Някрасава",
        "type": "bus"
      }
    },
    {
      "type": "Feature",
      "geometry": {
        "type": "Point",
        "coordinates": [
          27.681766,
          53.902227
        ]
      },
      "properties": {
        "id": "404199",
        "name": "Карвата, 87",
        "type": "bus"
      }
    },
    {
      "type": "Feature",
      "geometry": {
        "type": "Point",
        "coordinates": [
          27.693618,
          53.873495
        ]
      },
      "properties": {
        "id": "1834291459",
        "name": "Вялікае Сціклева",
        "type": "bus"
      }
    },
    {
      "type": "Feature",
      "geometry": {
        "type": "Point",
        "coordinates": [
          27.597725,
          53.849861
        ]
      },
      "properties": {
        "id": "15360",
        "name": "ДС Серабранка",
        "type": "tram"
      }
    },
    {
      "type": "Feature",
      "geometry": {
        "type": "Point",
        "coordinates": [
          27.585409,
          53.904289
        ]
      },
      "properties": {
        "id": "15313",
        "name": "Чапаева",
        "type": "tram"
      }
    },
    {
      "type": "Feature",
      "geometry": {
        "type": "Point",
        "coordinates": [
          27.585485,
          53.904305
        ]
      },
      "properties": {
        "id": "16227",
        "name": "Чапаева",
        "type": "tram"
      }
    },
    {
      "type": "Feature",
      "geometry": {
        "type": "Point",
        "coordinates": [
          27.599196,
          53.930859
        ]
      },
      "properties": {
        "id": "16205",
        "name": "Ламаносава",
        "type": "tram"
      }
    },
    {
      "type": "Feature",
      "geometry": {
        "type": "Point",
        "coordinates": [
          27.597008,
          53.928785
        ]
      },
      "properties": {
        "id": "16207",
        "name": "Чарнышэўскага",
        "type": "tram"
      }
    },
    {
      "type": "Feature",
      "geometry": {
        "type": "Point",
        "coordinates": [
          27.59644,
          53.928317
        ]
      },
      "properties": {
        "id": "16208",
        "name": "Чарнышэўскага",
        "type": "tram"
      }
    },
    {
      "type": "Feature",
      "geometry": {
        "type": "Point",
        "coordinates": [
          27.416898,
          53.918011
        ]
      },
      "properties": {
        "id": "187016",
        "name": "Каменная Горка-5",
        "type": "bus"
      }
    },
    {
      "type": "Feature",
      "geometry": {
        "type": "Point",
        "coordinates": [
          27.58326,
          53.907977
        ]
      },
      "properties": {
        "id": "243283",
        "name": "РК Змітрака Бядулі (пасадкі-высадкі няма)",
        "type": "tram"
      }
    },
    {
      "type": "Feature",
      "geometry": {
        "type": "Point",
        "coordinates": [
          27.542665,
          53.892589
        ]
      },
      "properties": {
        "id": "294497",
        "name": "Плошча Мяснікова",
        "type": "tram"
      }
    },
    {
      "type": "Feature",
      "geometry": {
        "type": "Point",
        "coordinates": [
          27.566607,
          53.872056
        ]
      },
      "properties": {
        "id": "14726",
        "name": "Козыраўская",
        "type": "bus"
      }
    },
    {
      "type": "Feature",
      "geometry": {
        "type": "Point",
        "coordinates": [
          27.565266,
          53.872414
        ]
      },
      "properties": {
        "id": "14805",
        "name": "Козыраўская",
        "type": "bus"
      }
    },
    {
      "type": "Feature",
      "geometry": {
        "type": "Point",
        "coordinates": [
          27.486522,
          53.845896
        ]
      },
      "properties": {
        "id": "71916",
        "name": "Яна Чачота",
        "type": "bus"
      }
    },
    {
      "type": "Feature",
      "geometry": {
        "type": "Point",
        "coordinates": [
          27.484265,
          53.863522
        ]
      },
      "properties": {
        "id": "212056",
        "name": "Станцыя метро «Пятроўшчына»",
        "type": "bus"
      }
    },
    {
      "type": "Feature",
      "geometry": {
        "type": "Point",
        "coordinates": [
          27.486673,
          53.864805
        ]
      },
      "properties": {
        "id": "15197",
        "name": "Станцыя метро «Пятроўшчына»",
        "type": "bus"
      }
    },
    {
      "type": "Feature",
      "geometry": {
        "type": "Point",
        "coordinates": [
          27.488633,
          53.867119
        ]
      },
      "properties": {
        "id": "14909",
        "name": "Праспект Дзяржынскага",
        "type": "bus"
      }
    },
    {
      "type": "Feature",
      "geometry": {
        "type": "Point",
        "coordinates": [
          27.570393,
          53.939372
        ]
      },
      "properties": {
        "id": "73818",
        "name": "Лілі Карастаянавай",
        "type": "bus"
      }
    },
    {
      "type": "Feature",
      "geometry": {
        "type": "Point",
        "coordinates": [
          27.574569,
          53.939043
        ]
      },
      "properties": {
        "id": "73819",
        "name": "Магазін Аўтазапчастка",
        "type": "bus"
      }
    },
    {
      "type": "Feature",
      "geometry": {
        "type": "Point",
        "coordinates": [
          27.57447,
          53.939336
        ]
      },
      "properties": {
        "id": "73820",
        "name": "Магазін Аўтазапчастка",
        "type": "bus"
      }
    },
    {
      "type": "Feature",
      "geometry": {
        "type": "Point",
        "coordinates": [
          27.483543,
          53.848989
        ]
      },
      "properties": {
        "id": "73882",
        "name": "Каралінская",
        "type": "bus"
      }
    },
    {
      "type": "Feature",
      "geometry": {
        "type": "Point",
        "coordinates": [
          27.463002,
          53.920695
        ]
      },
      "properties": {
        "id": "188141",
        "name": "Чычурына",
        "type": "bus"
      }
    },
    {
      "type": "Feature",
      "geometry": {
        "type": "Point",
        "coordinates": [
          27.463689,
          53.91666
        ]
      },
      "properties": {
        "id": "188142",
        "name": "Тонкасуконны камбінат",
        "type": "bus"
      }
    },
    {
      "type": "Feature",
      "geometry": {
        "type": "Point",
        "coordinates": [
          27.426412,
          53.916734
        ]
      },
      "properties": {
        "id": "147005",
        "name": "Казіміраўская",
        "type": "bus"
      }
    },
    {
      "type": "Feature",
      "geometry": {
        "type": "Point",
        "coordinates": [
          27.497739,
          53.876152
        ]
      },
      "properties": {
        "id": "16249",
        "name": "Станцыя метро «Міхалова»",
        "type": "bus"
      }
    },
    {
      "type": "Feature",
      "geometry": {
        "type": "Point",
        "coordinates": [
          27.490022,
          53.879148
        ]
      },
      "properties": {
        "id": "15213",
        "name": "Каледж прамысловасці будматэрыялаў",
        "type": "trolleybus"
      }
    },
    {
      "type": "Feature",
      "geometry": {
        "type": "Point",
        "coordinates": [
          27.495801,
          53.876956
        ]
      },
      "properties": {
        "id": "15212",
        "name": "Станцыя метро «Міхалова»",
        "type": "trolleybus"
      }
    },
    {
      "type": "Feature",
      "geometry": {
        "type": "Point",
        "coordinates": [
          27.490734,
          53.884457
        ]
      },
      "properties": {
        "id": "2420241596",
        "name": "2-і Прылуцкі завулак",
        "type": "bus"
      }
    },
    {
      "type": "Feature",
      "geometry": {
        "type": "Point",
        "coordinates": [
          27.668097,
          53.915084
        ]
      },
      "properties": {
        "id": "15371",
        "name": "Школа №183",
        "type": "bus"
      }
    },
    {
      "type": "Feature",
      "geometry": {
        "type": "Point",
        "coordinates": [
          27.622879,
          53.861477
        ]
      },
      "properties": {
        "id": "14545",
        "name": "2-і Юнацкі завулак",
        "type": "bus"
      }
    },
    {
      "type": "Feature",
      "geometry": {
        "type": "Point",
        "coordinates": [
          27.908486,
          53.874256
        ]
      },
      "properties": {
        "id": "16062",
        "name": "Сокал",
        "type": "bus"
      }
    },
    {
      "type": "Feature",
      "geometry": {
        "type": "Point",
        "coordinates": [
          27.595271,
          53.938796
        ]
      },
      "properties": {
        "id": "133351",
        "name": "Тыражная",
        "type": "bus"
      }
    },
    {
      "type": "Feature",
      "geometry": {
        "type": "Point",
        "coordinates": [
          27.645797,
          53.868089
        ]
      },
      "properties": {
        "id": "14505",
        "name": "Станцыя метро Аўтазаводская",
        "type": "bus"
      }
    },
    {
      "type": "Feature",
      "geometry": {
        "type": "Point",
        "coordinates": [
          27.631115,
          53.840601
        ]
      },
      "properties": {
        "id": "15527",
        "name": "Ташкенцкая",
        "type": "trolleybus"
      }
    },
    {
      "type": "Feature",
      "geometry": {
        "type": "Point",
        "coordinates": [
          27.431189,
          53.935207
        ]
      },
      "properties": {
        "id": "133387",
        "name": "Люцынская",
        "type": "trolleybus"
      }
    },
    {
      "type": "Feature",
      "geometry": {
        "type": "Point",
        "coordinates": [
          27.507505,
          53.88359
        ]
      },
      "properties": {
        "id": "15202",
        "name": "Беліта-Вітэкс",
        "type": "bus"
      }
    },
    {
      "type": "Feature",
      "geometry": {
        "type": "Point",
        "coordinates": [
          27.675961,
          53.860828
        ]
      },
      "properties": {
        "id": "197285",
        "name": "Станцыя метро «Магілёўская»",
        "type": "bus"
      }
    },
    {
      "type": "Feature",
      "geometry": {
        "type": "Point",
        "coordinates": [
          27.67142,
          53.918413
        ]
      },
      "properties": {
        "id": "15375",
        "name": "Геалагічная",
        "type": "bus"
      }
    },
    {
      "type": "Feature",
      "geometry": {
        "type": "Point",
        "coordinates": [
          27.672912,
          53.918693
        ]
      },
      "properties": {
        "id": "15373",
        "name": "Геалагічная",
        "type": "bus"
      }
    },
    {
      "type": "Feature",
      "geometry": {
        "type": "Point",
        "coordinates": [
          27.632348,
          53.939706
        ]
      },
      "properties": {
        "id": "15014",
        "name": "ДС Славінскага",
        "type": "bus"
      }
    },
    {
      "type": "Feature",
      "geometry": {
        "type": "Point",
        "coordinates": [
          27.632123,
          53.93986
        ]
      },
      "properties": {
        "id": "15014",
        "name": "ДС Славінскага",
        "type": "bus"
      }
    },
    {
      "type": "Feature",
      "geometry": {
        "type": "Point",
        "coordinates": [
          27.415025,
          53.917186
        ]
      },
      "properties": {
        "id": "147018",
        "name": "ДС Каменная Горка-5",
        "type": "bus"
      }
    },
    {
      "type": "Feature",
      "geometry": {
        "type": "Point",
        "coordinates": [
          27.601813,
          53.901419
        ]
      },
      "properties": {
        "id": "16113",
        "name": "завулак Казлова",
        "type": "tram"
      }
    },
    {
      "type": "Feature",
      "geometry": {
        "type": "Point",
        "coordinates": [
          27.591058,
          53.905723
        ]
      },
      "properties": {
        "id": "16226",
        "name": "Платонава",
        "type": "tram"
      }
    },
    {
      "type": "Feature",
      "geometry": {
        "type": "Point",
        "coordinates": [
          27.546292,
          53.892093
        ]
      },
      "properties": {
        "id": "15275",
        "name": "Ленінградская",
        "type": "tram"
      }
    },
    {
      "type": "Feature",
      "geometry": {
        "type": "Point",
        "coordinates": [
          27.480873,
          53.860594
        ]
      },
      "properties": {
        "id": "14910",
        "name": "Медуніверсітэт",
        "type": "bus"
      }
    },
    {
      "type": "Feature",
      "geometry": {
        "type": "Point",
        "coordinates": [
          27.708814,
          53.847755
        ]
      },
      "properties": {
        "id": "58378",
        "name": "Паварот на Шабаны",
        "type": "bus"
      }
    },
    {
      "type": "Feature",
      "geometry": {
        "type": "Point",
        "coordinates": [
          27.56111,
          53.863378
        ]
      },
      "properties": {
        "id": "?",
        "name": "Чыгуначная станцыя «Мінск-Паўднёвы»",
        "type": "bus"
      }
    },
    {
      "type": "Feature",
      "geometry": {
        "type": "Point",
        "coordinates": [
          27.566742,
          53.863706
        ]
      },
      "properties": {
        "id": "195083",
        "name": "Козыраўская",
        "type": "bus"
      }
    },
    {
      "type": "Feature",
      "geometry": {
        "type": "Point",
        "coordinates": [
          27.601295,
          53.901837
        ]
      },
      "properties": {
        "id": "15317",
        "name": "завулак Казлова",
        "type": "tram"
      }
    },
    {
      "type": "Feature",
      "geometry": {
        "type": "Point",
        "coordinates": [
          27.537708,
          53.963322
        ]
      },
      "properties": {
        "id": "14969",
        "name": "Ірынаўская",
        "type": "bus"
      }
    },
    {
      "type": "Feature",
      "geometry": {
        "type": "Point",
        "coordinates": [
          27.536516,
          53.962492
        ]
      },
      "properties": {
        "id": "15000",
        "name": "Ірынаўская",
        "type": "bus"
      }
    },
    {
      "type": "Feature",
      "geometry": {
        "type": "Point",
        "coordinates": [
          27.5187,
          53.843361
        ]
      },
      "properties": {
        "id": "15836",
        "name": "ДС Курасоўшчына",
        "type": "bus"
      }
    },
    {
      "type": "Feature",
      "geometry": {
        "type": "Point",
        "coordinates": [
          27.505057,
          53.844043
        ]
      },
      "properties": {
        "id": "15031",
        "name": "Плошча Казінца",
        "type": "bus"
      }
    },
    {
      "type": "Feature",
      "geometry": {
        "type": "Point",
        "coordinates": [
          27.497826,
          53.857079
        ]
      },
      "properties": {
        "id": "73039",
        "name": "Сямашкі",
        "type": "bus"
      }
    },
    {
      "type": "Feature",
      "geometry": {
        "type": "Point",
        "coordinates": [
          27.581941,
          53.915522
        ]
      },
      "properties": {
        "id": "16213",
        "name": "Плошча Якуба Коласа",
        "type": "tram"
      }
    },
    {
      "type": "Feature",
      "geometry": {
        "type": "Point",
        "coordinates": [
          27.582639,
          53.916111
        ]
      },
      "properties": {
        "id": "16212",
        "name": "Плошча Якуба Коласа",
        "type": "tram"
      }
    },
    {
      "type": "Feature",
      "geometry": {
        "type": "Point",
        "coordinates": [
          27.581153,
          53.916283
        ]
      },
      "properties": {
        "id": "15734",
        "name": "Станцыя метро «Плошча Якуба Коласа»",
        "type": "trolleybus"
      }
    },
    {
      "type": "Feature",
      "geometry": {
        "type": "Point",
        "coordinates": [
          27.610115,
          53.90961
        ]
      },
      "properties": {
        "id": "14770",
        "name": "Батанічная",
        "type": "bus"
      }
    },
    {
      "type": "Feature",
      "geometry": {
        "type": "Point",
        "coordinates": [
          27.599669,
          53.913002
        ]
      },
      "properties": {
        "id": "15515",
        "name": "Петруся Броўкі",
        "type": "bus"
      }
    },
    {
      "type": "Feature",
      "geometry": {
        "type": "Point",
        "coordinates": [
          27.594845,
          53.910398
        ]
      },
      "properties": {
        "id": "15516",
        "name": "Гікалы",
        "type": "bus"
      }
    },
    {
      "type": "Feature",
      "geometry": {
        "type": "Point",
        "coordinates": [
          27.590042,
          53.90503
        ]
      },
      "properties": {
        "id": "15480",
        "name": "Платонава",
        "type": "bus"
      }
    },
    {
      "type": "Feature",
      "geometry": {
        "type": "Point",
        "coordinates": [
          27.591927,
          53.906632
        ]
      },
      "properties": {
        "id": "15479",
        "name": "Платонава",
        "type": "bus"
      }
    },
    {
      "type": "Feature",
      "geometry": {
        "type": "Point",
        "coordinates": [
          27.598805,
          53.903767
        ]
      },
      "properties": {
        "id": "15820",
        "name": "Гіпсавы завод",
        "type": "bus"
      }
    },
    {
      "type": "Feature",
      "geometry": {
        "type": "Point",
        "coordinates": [
          27.439534,
          53.923855
        ]
      },
      "properties": {
        "id": "71456",
        "name": "Іосіфа Жыновіча",
        "type": "trolleybus"
      }
    },
    {
      "type": "Feature",
      "geometry": {
        "type": "Point",
        "coordinates": [
          27.437483,
          53.920338
        ]
      },
      "properties": {
        "id": "14605",
        "name": "Дамброўка-3",
        "type": "trolleybus"
      }
    },
    {
      "type": "Feature",
      "geometry": {
        "type": "Point",
        "coordinates": [
          27.438575,
          53.921323
        ]
      },
      "properties": {
        "id": "14603",
        "name": "Дамброўка-3",
        "type": "trolleybus"
      }
    },
    {
      "type": "Feature",
      "geometry": {
        "type": "Point",
        "coordinates": [
          27.447745,
          53.922028
        ]
      },
      "properties": {
        "id": "71954",
        "name": "Усевалада Ігнатоўскага",
        "type": "bus"
      }
    },
    {
      "type": "Feature",
      "geometry": {
        "type": "Point",
        "coordinates": [
          27.47217,
          53.908104
        ]
      },
      "properties": {
        "id": "14594",
        "name": "Пятра Глебкі",
        "type": "bus"
      }
    },
    {
      "type": "Feature",
      "geometry": {
        "type": "Point",
        "coordinates": [
          27.474346,
          53.90789
        ]
      },
      "properties": {
        "id": "14681",
        "name": "Пятра Глебкі",
        "type": "bus"
      }
    },
    {
      "type": "Feature",
      "geometry": {
        "type": "Point",
        "coordinates": [
          27.453729,
          53.905643
        ]
      },
      "properties": {
        "id": "14865",
        "name": "Станцыя метро «Кунцаўшчына»",
        "type": "bus"
      }
    },
    {
      "type": "Feature",
      "geometry": {
        "type": "Point",
        "coordinates": [
          27.461135,
          53.907087
        ]
      },
      "properties": {
        "id": "14596",
        "name": "Цімашэнкі",
        "type": "bus"
      }
    },
    {
      "type": "Feature",
      "geometry": {
        "type": "Point",
        "coordinates": [
          27.469239,
          53.907486
        ]
      },
      "properties": {
        "id": "14680",
        "name": "Парк Космас",
        "type": "bus"
      }
    },
    {
      "type": "Feature",
      "geometry": {
        "type": "Point",
        "coordinates": [
          27.467222,
          53.907735
        ]
      },
      "properties": {
        "id": "14595",
        "name": "Парк Космас",
        "type": "bus"
      }
    },
    {
      "type": "Feature",
      "geometry": {
        "type": "Point",
        "coordinates": [
          27.455382,
          53.904107
        ]
      },
      "properties": {
        "id": "14861",
        "name": "Рынак «Заходні»",
        "type": "bus"
      }
    },
    {
      "type": "Feature",
      "geometry": {
        "type": "Point",
        "coordinates": [
          27.463167,
          53.904336
        ]
      },
      "properties": {
        "id": "14856",
        "name": "Захад-2",
        "type": "bus"
      }
    },
    {
      "type": "Feature",
      "geometry": {
        "type": "Point",
        "coordinates": [
          27.490084,
          53.908979
        ]
      },
      "properties": {
        "id": "14683",
        "name": "Данілы Сердзіча",
        "type": "bus"
      }
    },
    {
      "type": "Feature",
      "geometry": {
        "type": "Point",
        "coordinates": [
          27.48669,
          53.909166
        ]
      },
      "properties": {
        "id": "14592",
        "name": "Данілы Сердзіча",
        "type": "bus"
      }
    },
    {
      "type": "Feature",
      "geometry": {
        "type": "Point",
        "coordinates": [
          27.492984,
          53.909543
        ]
      },
      "properties": {
        "id": "14591",
        "name": "Станцыя метро «Пушкінская»",
        "type": "bus"
      }
    },
    {
      "type": "Feature",
      "geometry": {
        "type": "Point",
        "coordinates": [
          27.495313,
          53.916134
        ]
      },
      "properties": {
        "id": "14839",
        "name": "Матусевіча",
        "type": "bus"
      }
    },
    {
      "type": "Feature",
      "geometry": {
        "type": "Point",
        "coordinates": [
          27.473239,
          53.84926
        ]
      },
      "properties": {
        "id": "230009",
        "name": "Станцыя метро «Малінаўка»",
        "type": "bus"
      }
    },
    {
      "type": "Feature",
      "geometry": {
        "type": "Point",
        "coordinates": [
          27.473748,
          53.848395
        ]
      },
      "properties": {
        "id": "16255",
        "name": "Станцыя метро «Малінаўка»",
        "type": "bus"
      }
    },
    {
      "type": "Feature",
      "geometry": {
        "type": "Point",
        "coordinates": [
          27.475708,
          53.849002
        ]
      },
      "properties": {
        "id": "16229",
        "name": "Станцыя метро «Малінаўка»",
        "type": "bus"
      }
    },
    {
      "type": "Feature",
      "geometry": {
        "type": "Point",
        "coordinates": [
          27.47516,
          53.849982
        ]
      },
      "properties": {
        "id": "14991",
        "name": "Станцыя метро «Малінаўка»",
        "type": "bus"
      }
    },
    {
      "type": "Feature",
      "geometry": {
        "type": "Point",
        "coordinates": [
          27.567095,
          53.896399
        ]
      },
      "properties": {
        "id": "15310",
        "name": "Ліцэй БДУ",
        "type": "tram"
      }
    },
    {
      "type": "Feature",
      "geometry": {
        "type": "Point",
        "coordinates": [
          27.474831,
          53.842923
        ]
      },
      "properties": {
        "id": "211138",
        "name": "РК «Брылевічы»",
        "type": "bus"
      }
    },
    {
      "type": "Feature",
      "geometry": {
        "type": "Point",
        "coordinates": [
          27.604496,
          53.914272
        ]
      },
      "properties": {
        "id": "14769",
        "name": "Акадэмічная",
        "type": "bus"
      }
    },
    {
      "type": "Feature",
      "geometry": {
        "type": "Point",
        "coordinates": [
          27.562804,
          53.916701
        ]
      },
      "properties": {
        "id": "15234",
        "name": "Максіма Багдановіча",
        "type": "tram"
      }
    },
    {
      "type": "Feature",
      "geometry": {
        "type": "Point",
        "coordinates": [
          27.631688,
          53.941095
        ]
      },
      "properties": {
        "id": "14998",
        "name": "Інстытут кіравання і прадпрымальніцтва",
        "type": "bus"
      }
    },
    {
      "type": "Feature",
      "geometry": {
        "type": "Point",
        "coordinates": [
          27.493387,
          53.853602
        ]
      },
      "properties": {
        "id": "211130",
        "name": "Некрашэвіча",
        "type": "bus"
      }
    },
    {
      "type": "Feature",
      "geometry": {
        "type": "Point",
        "coordinates": [
          27.567151,
          53.90444
        ]
      },
      "properties": {
        "id": "15865",
        "name": "Янкі Купалы",
        "type": "trolleybus"
      }
    },
    {
      "type": "Feature",
      "geometry": {
        "type": "Point",
        "coordinates": [
          27.692611,
          53.839374
        ]
      },
      "properties": {
        "id": "14748",
        "name": "Ротмістрава",
        "type": "bus"
      }
    },
    {
      "type": "Feature",
      "geometry": {
        "type": "Point",
        "coordinates": [
          27.631262,
          53.86442
        ]
      },
      "properties": {
        "id": "149028",
        "name": "Сурыкава",
        "type": "bus"
      }
    },
    {
      "type": "Feature",
      "geometry": {
        "type": "Point",
        "coordinates": [
          27.495989,
          53.875793
        ]
      },
      "properties": {
        "id": "14908",
        "name": "Станцыя метро «Міхалова»",
        "type": "bus"
      }
    },
    {
      "type": "Feature",
      "geometry": {
        "type": "Point",
        "coordinates": [
          27.48495,
          53.872227
        ]
      },
      "properties": {
        "id": "133408",
        "name": "Праспект Газеты Праўда",
        "type": "bus"
      }
    },
    {
      "type": "Feature",
      "geometry": {
        "type": "Point",
        "coordinates": [
          27.487264,
          53.872073
        ]
      },
      "properties": {
        "id": "133415",
        "name": "Праспект Газеты Праўда",
        "type": "bus"
      }
    },
    {
      "type": "Feature",
      "geometry": {
        "type": "Point",
        "coordinates": [
          27.689674,
          53.840728
        ]
      },
      "properties": {
        "id": "73908",
        "name": "Інжынерная, 12",
        "type": "bus"
      }
    },
    {
      "type": "Feature",
      "geometry": {
        "type": "Point",
        "coordinates": [
          27.643014,
          53.94379
        ]
      },
      "properties": {
        "id": "58345",
        "name": "ДС Каліноўскага",
        "type": "bus"
      }
    },
    {
      "type": "Feature",
      "geometry": {
        "type": "Point",
        "coordinates": [
          27.49387,
          53.870636
        ]
      },
      "properties": {
        "id": "212073",
        "name": "Чыгуначная",
        "type": "bus"
      }
    },
    {
      "type": "Feature",
      "geometry": {
        "type": "Point",
        "coordinates": [
          27.483377,
          53.864825
        ]
      },
      "properties": {
        "id": "15664",
        "name": "ГЦ «Кірмаш»",
        "type": "bus"
      }
    },
    {
      "type": "Feature",
      "geometry": {
        "type": "Point",
        "coordinates": [
          27.595419,
          53.852562
        ]
      },
      "properties": {
        "id": "15974",
        "name": "Серабранка-3",
        "type": "tram"
      }
    },
    {
      "type": "Feature",
      "geometry": {
        "type": "Point",
        "coordinates": [
          27.592321,
          53.858566
        ]
      },
      "properties": {
        "id": "15388",
        "name": "Якубава",
        "type": "tram"
      }
    },
    {
      "type": "Feature",
      "geometry": {
        "type": "Point",
        "coordinates": [
          27.454851,
          53.856966
        ]
      },
      "properties": {
        "id": "14944",
        "name": "Кандрата Крапівы",
        "type": "bus"
      }
    },
    {
      "type": "Feature",
      "geometry": {
        "type": "Point",
        "coordinates": [
          27.457169,
          53.857359
        ]
      },
      "properties": {
        "id": "14933",
        "name": "Кандрата Крапівы",
        "type": "bus"
      }
    },
    {
      "type": "Feature",
      "geometry": {
        "type": "Point",
        "coordinates": [
          27.46186,
          53.8596
        ]
      },
      "properties": {
        "id": "51140",
        "name": "Універсам «Брэст»",
        "type": "bus"
      }
    },
    {
      "type": "Feature",
      "geometry": {
        "type": "Point",
        "coordinates": [
          27.462263,
          53.871679
        ]
      },
      "properties": {
        "id": "54609",
        "name": "ДС Паўднёвы Захад",
        "type": "bus"
      }
    },
    {
      "type": "Feature",
      "geometry": {
        "type": "Point",
        "coordinates": [
          27.448161,
          53.862001
        ]
      },
      "properties": {
        "id": "51131",
        "name": "Бялецкага",
        "type": "bus"
      }
    },
    {
      "type": "Feature",
      "geometry": {
        "type": "Point",
        "coordinates": [
          27.496769,
          53.936158
        ]
      },
      "properties": {
        "id": "15851",
        "name": "Вясёлкавая",
        "type": "bus"
      }
    },
    {
      "type": "Feature",
      "geometry": {
        "type": "Point",
        "coordinates": [
          27.488335,
          53.930207
        ]
      },
      "properties": {
        "id": "14551",
        "name": "Мікрараён Вяснянка",
        "type": "bus"
      }
    },
    {
      "type": "Feature",
      "geometry": {
        "type": "Point",
        "coordinates": [
          27.513936,
          53.967864
        ]
      },
      "properties": {
        "id": "16080",
        "name": "Завулак Ермака",
        "type": "bus"
      }
    },
    {
      "type": "Feature",
      "geometry": {
        "type": "Point",
        "coordinates": [
          27.510021,
          53.967551
        ]
      },
      "properties": {
        "id": "16081",
        "name": "Ермака",
        "type": "bus"
      }
    },
    {
      "type": "Feature",
      "geometry": {
        "type": "Point",
        "coordinates": [
          27.50034,
          53.88042
        ]
      },
      "properties": {
        "id": "15596",
        "name": "Прылуцкая",
        "type": "bus"
      }
    },
    {
      "type": "Feature",
      "geometry": {
        "type": "Point",
        "coordinates": [
          27.499876,
          53.880756
        ]
      },
      "properties": {
        "id": "15201",
        "name": "Прылуцкая",
        "type": "bus"
      }
    },
    {
      "type": "Feature",
      "geometry": {
        "type": "Point",
        "coordinates": [
          27.47444,
          53.934449
        ]
      },
      "properties": {
        "id": "270056",
        "name": "Мястраўская",
        "type": "bus"
      }
    },
    {
      "type": "Feature",
      "geometry": {
        "type": "Point",
        "coordinates": [
          27.474752,
          53.935016
        ]
      },
      "properties": {
        "id": "270055",
        "name": "Мястраўская",
        "type": "bus"
      }
    },
    {
      "type": "Feature",
      "geometry": {
        "type": "Point",
        "coordinates": [
          27.5502,
          53.920514
        ]
      },
      "properties": {
        "id": "15190",
        "name": "Пярэспа",
        "type": "tram"
      }
    },
    {
      "type": "Feature",
      "geometry": {
        "type": "Point",
        "coordinates": [
          27.550093,
          53.920547
        ]
      },
      "properties": {
        "id": "15189",
        "name": "Пярэспа",
        "type": "tram"
      }
    },
    {
      "type": "Feature",
      "geometry": {
        "type": "Point",
        "coordinates": [
          27.584616,
          53.90811
        ]
      },
      "properties": {
        "id": "15824",
        "name": "Змітрака Бядулі",
        "type": "bus"
      }
    },
    {
      "type": "Feature",
      "geometry": {
        "type": "Point",
        "coordinates": [
          27.635465,
          53.935065
        ]
      },
      "properties": {
        "id": "14350",
        "name": "Севастопальскі парк",
        "type": "bus"
      }
    },
    {
      "type": "Feature",
      "geometry": {
        "type": "Point",
        "coordinates": [
          27.584645,
          53.907958
        ]
      },
      "properties": {
        "id": "16117",
        "name": "Змітрака Бядулі",
        "type": "tram"
      }
    },
    {
      "type": "Feature",
      "geometry": {
        "type": "Point",
        "coordinates": [
          27.57537,
          53.912888
        ]
      },
      "properties": {
        "id": "230065",
        "name": "Чырвоная",
        "type": "tram"
      }
    },
    {
      "type": "Feature",
      "geometry": {
        "type": "Point",
        "coordinates": [
          27.570297,
          53.916023
        ]
      },
      "properties": {
        "id": "15264",
        "name": "Куйбышава",
        "type": "tram"
      }
    },
    {
      "type": "Feature",
      "geometry": {
        "type": "Point",
        "coordinates": [
          27.570143,
          53.916058
        ]
      },
      "properties": {
        "id": "15431",
        "name": "Куйбышава",
        "type": "tram"
      }
    },
    {
      "type": "Feature",
      "geometry": {
        "type": "Point",
        "coordinates": [
          27.59774,
          53.86012
        ]
      },
      "properties": {
        "id": "15389",
        "name": "Паліклініка № 18",
        "type": "tram"
      }
    },
    {
      "type": "Feature",
      "geometry": {
        "type": "Point",
        "coordinates": [
          27.598515,
          53.860368
        ]
      },
      "properties": {
        "id": "15356",
        "name": "Паліклініка № 18",
        "type": "tram"
      }
    },
    {
      "type": "Feature",
      "geometry": {
        "type": "Point",
        "coordinates": [
          27.553875,
          53.917601
        ]
      },
      "properties": {
        "id": "15232",
        "name": "Тэатральны",
        "type": "tram"
      }
    },
    {
      "type": "Feature",
      "geometry": {
        "type": "Point",
        "coordinates": [
          27.577364,
          53.910753
        ]
      },
      "properties": {
        "id": "15266",
        "name": "Праспект Незалежнасці",
        "type": "tram"
      }
    },
    {
      "type": "Feature",
      "geometry": {
        "type": "Point",
        "coordinates": [
          27.588218,
          53.906968
        ]
      },
      "properties": {
        "id": "16114",
        "name": "Берасцянская",
        "type": "tram"
      }
    },
    {
      "type": "Feature",
      "geometry": {
        "type": "Point",
        "coordinates": [
          27.598042,
          53.9039
        ]
      },
      "properties": {
        "id": "15821",
        "name": "Батанічная",
        "type": "tram"
      }
    },
    {
      "type": "Feature",
      "geometry": {
        "type": "Point",
        "coordinates": [
          27.584343,
          53.908071
        ]
      },
      "properties": {
        "id": "15398",
        "name": "Змітрака Бядулі",
        "type": "tram"
      }
    },
    {
      "type": "Feature",
      "geometry": {
        "type": "Point",
        "coordinates": [
          27.624741,
          53.872731
        ]
      },
      "properties": {
        "id": "15352",
        "name": "Народная",
        "type": "tram"
      }
    },
    {
      "type": "Feature",
      "geometry": {
        "type": "Point",
        "coordinates": [
          27.623096,
          53.882179
        ]
      },
      "properties": {
        "id": "15395",
        "name": "Парк 50 год Кастрычніка",
        "type": "tram"
      }
    },
    {
      "type": "Feature",
      "geometry": {
        "type": "Point",
        "coordinates": [
          27.607102,
          53.862746
        ]
      },
      "properties": {
        "id": "15357",
        "name": "Праспект Ракасоўскага",
        "type": "tram"
      }
    },
    {
      "type": "Feature",
      "geometry": {
        "type": "Point",
        "coordinates": [
          27.550886,
          53.87751
        ]
      },
      "properties": {
        "id": "15878",
        "name": "Станцыя метро «Кавальская Слабада»",
        "type": "bus"
      }
    },
    {
      "type": "Feature",
      "geometry": {
        "type": "Point",
        "coordinates": [
          27.467116,
          53.842067
        ]
      },
      "properties": {
        "id": "68998",
        "name": "Паварот на Малінаўку",
        "type": "bus"
      }
    },
    {
      "type": "Feature",
      "geometry": {
        "type": "Point",
        "coordinates": [
          27.617279,
          53.902807
        ]
      },
      "properties": {
        "id": "15471",
        "name": "Мендзялеева",
        "type": "bus"
      }
    },
    {
      "type": "Feature",
      "geometry": {
        "type": "Point",
        "coordinates": [
          27.694545,
          53.844025
        ]
      },
      "properties": {
        "id": "14746",
        "name": "ДС Шабаны",
        "type": "bus"
      }
    },
    {
      "type": "Feature",
      "geometry": {
        "type": "Point",
        "coordinates": [
          27.694872,
          53.842385
        ]
      },
      "properties": {
        "id": "14747",
        "name": "ДС Шабаны",
        "type": "bus"
      }
    },
    {
      "type": "Feature",
      "geometry": {
        "type": "Point",
        "coordinates": [
          27.697996,
          53.918493
        ]
      },
      "properties": {
        "id": "207001",
        "name": "Завулак Ліпкаўскі",
        "type": "bus"
      }
    },
    {
      "type": "Feature",
      "geometry": {
        "type": "Point",
        "coordinates": [
          27.53673,
          53.958804
        ]
      },
      "properties": {
        "id": "14968",
        "name": "Навінкі",
        "type": "bus"
      }
    },
    {
      "type": "Feature",
      "geometry": {
        "type": "Point",
        "coordinates": [
          28.032222,
          53.889707
        ]
      },
      "properties": {
        "id": "73752",
        "name": "Нацыянальны аэрапорт «Мінск»",
        "type": "bus"
      }
    },
    {
      "type": "Feature",
      "geometry": {
        "type": "Point",
        "coordinates": [
          27.672708,
          53.931744
        ]
      },
      "properties": {
        "id": "243425",
        "name": "Магістр",
        "type": "bus"
      }
    },
    {
      "type": "Feature",
      "geometry": {
        "type": "Point",
        "coordinates": [
          27.434521,
          53.934443
        ]
      },
      "properties": {
        "id": "230067",
        "name": "Люцынская",
        "type": "trolleybus"
      }
    },
    {
      "type": "Feature",
      "geometry": {
        "type": "Point",
        "coordinates": [
          27.424151,
          53.92919
        ]
      },
      "properties": {
        "id": "133384",
        "name": "Каменная Горка-4",
        "type": "trolleybus"
      }
    },
    {
      "type": "Feature",
      "geometry": {
        "type": "Point",
        "coordinates": [
          27.426834,
          53.93224
        ]
      },
      "properties": {
        "id": "133389",
        "name": "Каменнагорская, 100",
        "type": "trolleybus"
      }
    },
    {
      "type": "Feature",
      "geometry": {
        "type": "Point",
        "coordinates": [
          27.674085,
          53.929287
        ]
      },
      "properties": {
        "id": "243421",
        "name": "Агінскага",
        "type": "bus"
      }
    },
    {
      "type": "Feature",
      "geometry": {
        "type": "Point",
        "coordinates": [
          27.556879,
          53.889826
        ]
      },
      "properties": {
        "id": "133147",
        "name": "Аўтавакзал Цэнтральны",
        "type": "bus"
      }
    },
    {
      "type": "Feature",
      "geometry": {
        "type": "Point",
        "coordinates": [
          27.466322,
          53.938353
        ]
      },
      "properties": {
        "id": "270057",
        "name": "Княгінінская",
        "type": "bus"
      }
    },
    {
      "type": "Feature",
      "geometry": {
        "type": "Point",
        "coordinates": [
          27.476365,
          53.929903
        ]
      },
      "properties": {
        "id": "16234",
        "name": "Пункт прыпынку электрацягнікоў «Масюкоўшчына»",
        "type": "bus"
      }
    },
    {
      "type": "Feature",
      "geometry": {
        "type": "Point",
        "coordinates": [
          27.477678,
          53.929632
        ]
      },
      "properties": {
        "id": "133157",
        "name": "Пункт прыпынку электрацягнікоў «Масюкоўшчына»",
        "type": "bus"
      }
    },
    {
      "type": "Feature",
      "geometry": {
        "type": "Point",
        "coordinates": [
          27.485412,
          53.92826
        ]
      },
      "properties": {
        "id": "15229",
        "name": "Пятра Глебкі",
        "type": "bus"
      }
    },
    {
      "type": "Feature",
      "geometry": {
        "type": "Point",
        "coordinates": [
          27.631158,
          53.843752
        ]
      },
      "properties": {
        "id": "15532",
        "name": "Чыжоўка-Арэна",
        "type": "bus"
      }
    },
    {
      "type": "Feature",
      "geometry": {
        "type": "Point",
        "coordinates": [
          27.525677,
          53.910972
        ]
      },
      "properties": {
        "id": "3716820522",
        "name": "Ціміразева",
        "type": "bus"
      }
    },
    {
      "type": "Feature",
      "geometry": {
        "type": "Point",
        "coordinates": [
          27.726694,
          53.940855
        ]
      },
      "properties": {
        "id": "14636",
        "name": "Герояў 120-й Дывізіі",
        "type": "bus"
      }
    },
    {
      "type": "Feature",
      "geometry": {
        "type": "Point",
        "coordinates": [
          27.724587,
          53.940298
        ]
      },
      "properties": {
        "id": "14637",
        "name": "Герояў 120-й Дывізіі",
        "type": "bus"
      }
    },
    {
      "type": "Feature",
      "geometry": {
        "type": "Point",
        "coordinates": [
          27.719868,
          53.938409
        ]
      },
      "properties": {
        "id": "16157",
        "name": "Бэзавая",
        "type": "bus"
      }
    },
    {
      "type": "Feature",
      "geometry": {
        "type": "Point",
        "coordinates": [
          27.717842,
          53.937836
        ]
      },
      "properties": {
        "id": "14638",
        "name": "Бэзавая",
        "type": "bus"
      }
    },
    {
      "type": "Feature",
      "geometry": {
        "type": "Point",
        "coordinates": [
          27.718969,
          53.937549
        ]
      },
      "properties": {
        "id": "14639",
        "name": "Бэзавая",
        "type": "bus"
      }
    },
    {
      "type": "Feature",
      "geometry": {
        "type": "Point",
        "coordinates": [
          27.620731,
          53.943897
        ]
      },
      "properties": {
        "id": "15117",
        "name": "Магазін «Хімрэактывы»",
        "type": "bus"
      }
    },
    {
      "type": "Feature",
      "geometry": {
        "type": "Point",
        "coordinates": [
          27.562277,
          53.894108
        ]
      },
      "properties": {
        "id": "15309",
        "name": "Стадыён «Дынама»",
        "type": "bus"
      }
    },
    {
      "type": "Feature",
      "geometry": {
        "type": "Point",
        "coordinates": [
          27.554727,
          53.8906
        ]
      },
      "properties": {
        "id": "69093",
        "name": "Аўтавакзал Цэнтральны",
        "type": "bus"
      }
    },
    {
      "type": "Feature",
      "geometry": {
        "type": "Point",
        "coordinates": [
          27.669424,
          53.927448
        ]
      },
      "properties": {
        "id": "243424",
        "name": "Навуковая",
        "type": "bus"
      }
    },
    {
      "type": "Feature",
      "geometry": {
        "type": "Point",
        "coordinates": [
          27.671173,
          53.927565
        ]
      },
      "properties": {
        "id": "243423",
        "name": "Навуковая",
        "type": "bus"
      }
    },
    {
      "type": "Feature",
      "geometry": {
        "type": "Point",
        "coordinates": [
          27.66657,
          53.925293
        ]
      },
      "properties": {
        "id": "243422",
        "name": "Акадэмія сувязі",
        "type": "bus"
      }
    },
    {
      "type": "Feature",
      "geometry": {
        "type": "Point",
        "coordinates": [
          27.655372,
          53.927422
        ]
      },
      "properties": {
        "id": "243428",
        "name": "Дом міласэрнасці",
        "type": "bus"
      }
    },
    {
      "type": "Feature",
      "geometry": {
        "type": "Point",
        "coordinates": [
          27.656228,
          53.930886
        ]
      },
      "properties": {
        "id": "243429",
        "name": "Пятра Мсціслаўца",
        "type": "bus"
      }
    },
    {
      "type": "Feature",
      "geometry": {
        "type": "Point",
        "coordinates": [
          27.655523,
          53.930062
        ]
      },
      "properties": {
        "id": "243481",
        "name": "Пятра Мсціслаўца",
        "type": "bus"
      }
    },
    {
      "type": "Feature",
      "geometry": {
        "type": "Point",
        "coordinates": [
          27.65637,
          53.933619
        ]
      },
      "properties": {
        "id": "243482",
        "name": "Кірылы Тураўскага",
        "type": "bus"
      }
    },
    {
      "type": "Feature",
      "geometry": {
        "type": "Point",
        "coordinates": [
          27.604299,
          53.888903
        ]
      },
      "properties": {
        "id": "15475",
        "name": "Стаханаўскі завулак",
        "type": "bus"
      }
    },
    {
      "type": "Feature",
      "geometry": {
        "type": "Point",
        "coordinates": [
          27.631,
          53.835456
        ]
      },
      "properties": {
        "id": "71280",
        "name": "ДС Чыжоўка",
        "type": "bus"
      }
    },
    {
      "type": "Feature",
      "geometry": {
        "type": "Point",
        "coordinates": [
          27.630383,
          53.835277
        ]
      },
      "properties": {
        "id": "193269",
        "name": "ДС Чыжоўка (высадка)",
        "type": "bus"
      }
    },
    {
      "type": "Feature",
      "geometry": {
        "type": "Point",
        "coordinates": [
          27.631738,
          53.940784
        ]
      },
      "properties": {
        "id": "15013",
        "name": "Славінскага",
        "type": "bus"
      }
    },
    {
      "type": "Feature",
      "geometry": {
        "type": "Point",
        "coordinates": [
          27.58127,
          53.903457
        ]
      },
      "properties": {
        "id": "15312",
        "name": "Захарава",
        "type": "tram"
      }
    },
    {
      "type": "Feature",
      "geometry": {
        "type": "Point",
        "coordinates": [
          27.460931,
          53.934663
        ]
      },
      "properties": {
        "id": "270059",
        "name": "Іллянская",
        "type": "bus"
      }
    },
    {
      "type": "Feature",
      "geometry": {
        "type": "Point",
        "coordinates": [
          27.454574,
          53.93911
        ]
      },
      "properties": {
        "id": "270060",
        "name": "Лябяжы",
        "type": "bus"
      }
    },
    {
      "type": "Feature",
      "geometry": {
        "type": "Point",
        "coordinates": [
          27.46734,
          53.938302
        ]
      },
      "properties": {
        "id": "270058",
        "name": "Княгінінская",
        "type": "bus"
      }
    },
    {
      "type": "Feature",
      "geometry": {
        "type": "Point",
        "coordinates": [
          27.684534,
          53.847971
        ]
      },
      "properties": {
        "id": "14894",
        "name": "Прамысловая",
        "type": "bus"
      }
    },
    {
      "type": "Feature",
      "geometry": {
        "type": "Point",
        "coordinates": [
          27.677856,
          53.852029
        ]
      },
      "properties": {
        "id": "14895",
        "name": "Паварот на Белбакалею",
        "type": "bus"
      }
    },
    {
      "type": "Feature",
      "geometry": {
        "type": "Point",
        "coordinates": [
          27.477087,
          53.924111
        ]
      },
      "properties": {
        "id": "15262",
        "name": "ДС Масюкоўшчына",
        "type": "bus"
      }
    },
    {
      "type": "Feature",
      "geometry": {
        "type": "Point",
        "coordinates": [
          27.39568,
          53.868813
        ]
      },
      "properties": {
        "id": "71981",
        "name": "Прамвузел Заходні",
        "type": "bus"
      }
    },
    {
      "type": "Feature",
      "geometry": {
        "type": "Point",
        "coordinates": [
          27.567727,
          53.881497
        ]
      },
      "properties": {
        "id": "191225",
        "name": "Лугавы завулак",
        "type": "trolleybus"
      }
    },
    {
      "type": "Feature",
      "geometry": {
        "type": "Point",
        "coordinates": [
          27.568454,
          53.881554
        ]
      },
      "properties": {
        "id": "191224",
        "name": "Лугавы завулак",
        "type": "trolleybus"
      }
    },
    {
      "type": "Feature",
      "geometry": {
        "type": "Point",
        "coordinates": [
          27.616693,
          53.887344
        ]
      },
      "properties": {
        "id": "15938",
        "name": "Грыцаўца",
        "type": "bus"
      }
    },
    {
      "type": "Feature",
      "geometry": {
        "type": "Point",
        "coordinates": [
          27.600574,
          53.955138
        ]
      },
      "properties": {
        "id": "14460",
        "name": "Зялёны Луг-3",
        "type": "bus"
      }
    },
    {
      "type": "Feature",
      "geometry": {
        "type": "Point",
        "coordinates": [
          27.638258,
          53.932908
        ]
      },
      "properties": {
        "id": "14430",
        "name": "Інстытут сучасных ведаў",
        "type": "bus"
      }
    },
    {
      "type": "Feature",
      "geometry": {
        "type": "Point",
        "coordinates": [
          27.590815,
          53.933354
        ]
      },
      "properties": {
        "id": "133353",
        "name": "Леаніда Бяды",
        "type": "bus"
      }
    },
    {
      "type": "Feature",
      "geometry": {
        "type": "Point",
        "coordinates": [
          27.48246,
          53.861262
        ]
      },
      "properties": {
        "id": "204052",
        "name": "Медуніверсітэт",
        "type": "bus"
      }
    },
    {
      "type": "Feature",
      "geometry": {
        "type": "Point",
        "coordinates": [
          27.562196,
          53.894274
        ]
      },
      "properties": {
        "id": "16217",
        "name": "Стадыён «Дынама»",
        "type": "tram"
      }
    },
    {
      "type": "Feature",
      "geometry": {
        "type": "Point",
        "coordinates": [
          27.562051,
          53.89426
        ]
      },
      "properties": {
        "id": "15271",
        "name": "Стадыён «Дынама»",
        "type": "tram"
      }
    },
    {
      "type": "Feature",
      "geometry": {
        "type": "Point",
        "coordinates": [
          27.529169,
          53.911907
        ]
      },
      "properties": {
        "id": "73834",
        "name": "Грыбаедава",
        "type": "bus"
      }
    },
    {
      "type": "Feature",
      "geometry": {
        "type": "Point",
        "coordinates": [
          27.68129,
          53.901893
        ]
      },
      "properties": {
        "id": "404198",
        "name": "Карвата, 87",
        "type": "bus"
      }
    },
    {
      "type": "Feature",
      "geometry": {
        "type": "Point",
        "coordinates": [
          27.672625,
          53.901795
        ]
      },
      "properties": {
        "id": "404196",
        "name": "Карвата, 84",
        "type": "bus"
      }
    },
    {
      "type": "Feature",
      "geometry": {
        "type": "Point",
        "coordinates": [
          27.469781,
          53.941101
        ]
      },
      "properties": {
        "id": "133216",
        "name": "Завулак Веснінка",
        "type": "bus"
      }
    },
    {
      "type": "Feature",
      "geometry": {
        "type": "Point",
        "coordinates": [
          27.476392,
          53.930785
        ]
      },
      "properties": {
        "id": "14553",
        "name": "2-я Гарадская дзіцячая бальніца",
        "type": "bus"
      }
    },
    {
      "type": "Feature",
      "geometry": {
        "type": "Point",
        "coordinates": [
          27.46337,
          53.930795
        ]
      },
      "properties": {
        "id": "16235",
        "name": "Масюкоўшчына",
        "type": "bus"
      }
    },
    {
      "type": "Feature",
      "geometry": {
        "type": "Point",
        "coordinates": [
          27.674322,
          53.901537
        ]
      },
      "properties": {
        "id": "404197",
        "name": "Карвата, 84",
        "type": "bus"
      }
    },
    {
      "type": "Feature",
      "geometry": {
        "type": "Point",
        "coordinates": [
          27.488539,
          53.92818
        ]
      },
      "properties": {
        "id": "15238",
        "name": "Гаражы",
        "type": "bus"
      }
    },
    {
      "type": "Feature",
      "geometry": {
        "type": "Point",
        "coordinates": [
          27.535586,
          53.884182
        ]
      },
      "properties": {
        "id": "15701",
        "name": "Таварная",
        "type": "trolleybus"
      }
    },
    {
      "type": "Feature",
      "geometry": {
        "type": "Point",
        "coordinates": [
          27.482065,
          53.924006
        ]
      },
      "properties": {
        "id": "15226",
        "name": "Альшэўскага",
        "type": "bus"
      }
    },
    {
      "type": "Feature",
      "geometry": {
        "type": "Point",
        "coordinates": [
          27.550771,
          53.891265
        ]
      },
      "properties": {
        "id": "4339572393",
        "name": "Вакзал",
        "type": "bus"
      }
    },
    {
      "type": "Feature",
      "geometry": {
        "type": "Point",
        "coordinates": [
          27.615515,
          53.88914
        ]
      },
      "properties": {
        "id": "15347",
        "name": "Станцыя метро «Трактарны завод»",
        "type": "tram"
      }
    },
    {
      "type": "Feature",
      "geometry": {
        "type": "Point",
        "coordinates": [
          27.617342,
          53.886995
        ]
      },
      "properties": {
        "id": "15939",
        "name": "Грыцаўца",
        "type": "bus"
      }
    },
    {
      "type": "Feature",
      "geometry": {
        "type": "Point",
        "coordinates": [
          27.539681,
          53.944567
        ]
      },
      "properties": {
        "id": "14966",
        "name": "Вадапомпавая",
        "type": "bus"
      }
    },
    {
      "type": "Feature",
      "geometry": {
        "type": "Point",
        "coordinates": [
          27.513894,
          53.89278
        ]
      },
      "properties": {
        "id": "15933",
        "name": "ДС «Лермантава»",
        "type": "trolleybus"
      }
    },
    {
      "type": "Feature",
      "geometry": {
        "type": "Point",
        "coordinates": [
          27.617966,
          53.888125
        ]
      },
      "properties": {
        "id": "73536",
        "name": "РК Трактарны завод",
        "type": "tram"
      }
    },
    {
      "type": "Feature",
      "geometry": {
        "type": "Point",
        "coordinates": [
          27.502654,
          53.86418
        ]
      },
      "properties": {
        "id": "230017",
        "name": "Завулак Софʼі Кавалеўскай",
        "type": "bus"
      }
    },
    {
      "type": "Feature",
      "geometry": {
        "type": "Point",
        "coordinates": [
          27.49587,
          53.857757
        ]
      },
      "properties": {
        "id": "16245",
        "name": "Сямашкі",
        "type": "bus"
      }
    },
    {
      "type": "Feature",
      "geometry": {
        "type": "Point",
        "coordinates": [
          27.641651,
          53.942603
        ]
      },
      "properties": {
        "id": "54352",
        "name": "Каліноўскага",
        "type": "bus"
      }
    },
    {
      "type": "Feature",
      "geometry": {
        "type": "Point",
        "coordinates": [
          27.7368,
          53.95802
        ]
      },
      "properties": {
        "id": "271012",
        "name": "Гурцьева",
        "type": "bus"
      }
    },
    {
      "type": "Feature",
      "geometry": {
        "type": "Point",
        "coordinates": [
          27.497485,
          53.909488
        ]
      },
      "properties": {
        "id": "14684",
        "name": "Станцыя метро «Пушкінская»",
        "type": "bus"
      }
    },
    {
      "type": "Feature",
      "geometry": {
        "type": "Point",
        "coordinates": [
          27.741681,
          53.954893
        ]
      },
      "properties": {
        "id": "271014",
        "name": "Фогеля",
        "type": "bus"
      }
    },
    {
      "type": "Feature",
      "geometry": {
        "type": "Point",
        "coordinates": [
          27.478098,
          53.931496
        ]
      },
      "properties": {
        "id": "14552",
        "name": "2-я гарадская дзіцячая бальніца",
        "type": "bus"
      }
    },
    {
      "type": "Feature",
      "geometry": {
        "type": "Point",
        "coordinates": [
          27.735924,
          53.958439
        ]
      },
      "properties": {
        "id": "271011",
        "name": "Гурцьева",
        "type": "bus"
      }
    },
    {
      "type": "Feature",
      "geometry": {
        "type": "Point",
        "coordinates": [
          27.551569,
          53.96047
        ]
      },
      "properties": {
        "id": "277267",
        "name": "Будслаўская",
        "type": "bus"
      }
    },
    {
      "type": "Feature",
      "geometry": {
        "type": "Point",
        "coordinates": [
          27.650264,
          53.934019
        ]
      },
      "properties": {
        "id": "?",
        "name": "Станцыя метро Усход",
        "type": "bus"
      }
    },
    {
      "type": "Feature",
      "geometry": {
        "type": "Point",
        "coordinates": [
          27.556831,
          53.85067
        ]
      },
      "properties": {
        "id": "191171",
        "name": "Прыпынак электрацягнікоў «Лошыца»",
        "type": "bus"
      }
    },
    {
      "type": "Feature",
      "geometry": {
        "type": "Point",
        "coordinates": [
          27.638887,
          53.929996
        ]
      },
      "properties": {
        "id": "15418",
        "name": "Філімонава",
        "type": "bus"
      }
    },
    {
      "type": "Feature",
      "geometry": {
        "type": "Point",
        "coordinates": [
          27.497818,
          53.877525
        ]
      },
      "properties": {
        "id": "15200",
        "name": "Станцыя метро «Міхалова»",
        "type": "bus"
      }
    },
    {
      "type": "Feature",
      "geometry": {
        "type": "Point",
        "coordinates": [
          27.427801,
          53.889222
        ]
      },
      "properties": {
        "id": "121002",
        "name": "РК «Лабанка»",
        "type": "bus"
      }
    },
    {
      "type": "Feature",
      "geometry": {
        "type": "Point",
        "coordinates": [
          27.687038,
          53.945588
        ]
      },
      "properties": {
        "id": "?",
        "name": "Станцыя метро «Уручча»",
        "type": "bus"
      }
    },
    {
      "type": "Feature",
      "geometry": {
        "type": "Point",
        "coordinates": [
          27.60836,
          53.92325
        ]
      },
      "properties": {
        "id": "4398887295",
        "name": "Плошча Калініна (экскурсійны)",
        "type": "bus"
      }
    },
    {
      "type": "Feature",
      "geometry": {
        "type": "Point",
        "coordinates": [
          27.618761,
          53.840185
        ]
      },
      "properties": {
        "id": "15711",
        "name": "Чыжоўка-6",
        "type": "bus"
      }
    },
    {
      "type": "Feature",
      "geometry": {
        "type": "Point",
        "coordinates": [
          27.51463,
          53.887145
        ]
      },
      "properties": {
        "id": "15672",
        "name": "Станцыя метро «Грушаўка»",
        "type": "trolleybus"
      }
    },
    {
      "type": "Feature",
      "geometry": {
        "type": "Point",
        "coordinates": [
          27.543837,
          53.887105
        ]
      },
      "properties": {
        "id": "4398920589",
        "name": "РК Станцыя метро «Інстытут культуры» (пасадкі-высадкі няма)",
        "type": "bus"
      }
    },
    {
      "type": "Feature",
      "geometry": {
        "type": "Point",
        "coordinates": [
          27.542368,
          53.969319
        ]
      },
      "properties": {
        "id": "4405328890",
        "name": "Высадка пасажыраў",
        "type": "bus"
      }
    },
    {
      "type": "Feature",
      "geometry": {
        "type": "Point",
        "coordinates": [
          27.61864,
          53.962124
        ]
      },
      "properties": {
        "id": "4413392589",
        "name": "ДС Зялёны Луг-6 (маршрутнае таксі)",
        "type": "bus"
      }
    },
    {
      "type": "Feature",
      "geometry": {
        "type": "Point",
        "coordinates": [
          27.651154,
          53.934266
        ]
      },
      "properties": {
        "id": "14512",
        "name": "Станцыя метро Усход",
        "type": "bus"
      }
    },
    {
      "type": "Feature",
      "geometry": {
        "type": "Point",
        "coordinates": [
          27.531946,
          53.968199
        ]
      },
      "properties": {
        "id": "4437496197",
        "name": "Остановка",
        "type": "bus"
      }
    },
    {
      "type": "Feature",
      "geometry": {
        "type": "Point",
        "coordinates": [
          27.490602,
          53.931688
        ]
      },
      "properties": {
        "id": "71343",
        "name": "Вяснянка",
        "type": "bus"
      }
    },
    {
      "type": "Feature",
      "geometry": {
        "type": "Point",
        "coordinates": [
          27.740832,
          53.927807
        ]
      },
      "properties": {
        "id": "16146",
        "name": "Палігон",
        "type": "bus"
      }
    },
    {
      "type": "Feature",
      "geometry": {
        "type": "Point",
        "coordinates": [
          27.427738,
          53.932487
        ]
      },
      "properties": {
        "id": "133382",
        "name": "Каменнагорская, 100",
        "type": "trolleybus"
      }
    },
    {
      "type": "Feature",
      "geometry": {
        "type": "Point",
        "coordinates": [
          27.644062,
          53.941885
        ]
      },
      "properties": {
        "id": "14486",
        "name": "Каліноўскага",
        "type": "bus"
      }
    },
    {
      "type": "Feature",
      "geometry": {
        "type": "Point",
        "coordinates": [
          27.582978,
          53.907395
        ]
      },
      "properties": {
        "id": "16215",
        "name": "Змітрака Бядулі",
        "type": "tram"
      }
    },
    {
      "type": "Feature",
      "geometry": {
        "type": "Point",
        "coordinates": [
          27.508666,
          53.867351
        ]
      },
      "properties": {
        "id": "15680",
        "name": "Прахадная",
        "type": "bus"
      }
    },
    {
      "type": "Feature",
      "geometry": {
        "type": "Point",
        "coordinates": [
          27.565681,
          53.933622
        ]
      },
      "properties": {
        "id": "58346",
        "name": "Арлоўская",
        "type": "bus"
      }
    },
    {
      "type": "Feature",
      "geometry": {
        "type": "Point",
        "coordinates": [
          27.609628,
          53.863877
        ]
      },
      "properties": {
        "id": "15802",
        "name": "Серабранка-6",
        "type": "bus"
      }
    },
    {
      "type": "Feature",
      "geometry": {
        "type": "Point",
        "coordinates": [
          27.646192,
          53.86869
        ]
      },
      "properties": {
        "id": "15704",
        "name": "Станцыя метро Аўтазаводская",
        "type": "bus"
      }
    },
    {
      "type": "Feature",
      "geometry": {
        "type": "Point",
        "coordinates": [
          27.608456,
          53.941826
        ]
      },
      "properties": {
        "id": "16198",
        "name": "Севастопальская",
        "type": "tram"
      }
    },
    {
      "type": "Feature",
      "geometry": {
        "type": "Point",
        "coordinates": [
          27.593003,
          53.925115
        ]
      },
      "properties": {
        "id": "16209",
        "name": "Хмяльніцкага",
        "type": "tram"
      }
    },
    {
      "type": "Feature",
      "geometry": {
        "type": "Point",
        "coordinates": [
          27.70226,
          53.945698
        ]
      },
      "properties": {
        "id": "297781",
        "name": "Дзіцячы сад",
        "type": "bus"
      }
    },
    {
      "type": "Feature",
      "geometry": {
        "type": "Point",
        "coordinates": [
          27.534191,
          53.963053
        ]
      },
      "properties": {
        "id": "15955",
        "name": "Ірынаўская",
        "type": "bus"
      }
    },
    {
      "type": "Feature",
      "geometry": {
        "type": "Point",
        "coordinates": [
          27.700565,
          53.94544
        ]
      },
      "properties": {
        "id": "277047",
        "name": "Дзіцячы сад",
        "type": "bus"
      }
    },
    {
      "type": "Feature",
      "geometry": {
        "type": "Point",
        "coordinates": [
          27.452578,
          53.906439
        ]
      },
      "properties": {
        "id": "14597",
        "name": "Станцыя метро «Кунцаўшчына»",
        "type": "bus"
      }
    },
    {
      "type": "Feature",
      "geometry": {
        "type": "Point",
        "coordinates": [
          27.455686,
          53.906075
        ]
      },
      "properties": {
        "id": "14615",
        "name": "Станцыя метро «Кунцаўшчына»",
        "type": "bus"
      }
    },
    {
      "type": "Feature",
      "geometry": {
        "type": "Point",
        "coordinates": [
          27.633214,
          53.944249
        ]
      },
      "properties": {
        "id": "15012",
        "name": "Інстытут пагранічнай службы",
        "type": "bus"
      }
    },
    {
      "type": "Feature",
      "geometry": {
        "type": "Point",
        "coordinates": [
          27.554986,
          53.903629
        ]
      },
      "properties": {
        "id": "16239",
        "name": "Плошча Свабоды",
        "type": "bus"
      }
    },
    {
      "type": "Feature",
      "geometry": {
        "type": "Point",
        "coordinates": [
          27.574144,
          53.83371
        ]
      },
      "properties": {
        "id": "16159",
        "name": "Паварот на Калядзічы",
        "type": "bus"
      }
    },
    {
      "type": "Feature",
      "geometry": {
        "type": "Point",
        "coordinates": [
          27.421204,
          53.917219
        ]
      },
      "properties": {
        "id": "273193",
        "name": "Казіміраўская, 21",
        "type": "bus"
      }
    },
    {
      "type": "Feature",
      "geometry": {
        "type": "Point",
        "coordinates": [
          27.607212,
          53.862856
        ]
      },
      "properties": {
        "id": "15801",
        "name": "Серабранка-6",
        "type": "bus"
      }
    },
    {
      "type": "Feature",
      "geometry": {
        "type": "Point",
        "coordinates": [
          27.616614,
          53.952132
        ]
      },
      "properties": {
        "id": "15980",
        "name": "Лагойскі тракт",
        "type": "bus"
      }
    },
    {
      "type": "Feature",
      "geometry": {
        "type": "Point",
        "coordinates": [
          27.61131,
          53.95268
        ]
      },
      "properties": {
        "id": "15981",
        "name": "Ваенкамат",
        "type": "bus"
      }
    },
    {
      "type": "Feature",
      "geometry": {
        "type": "Point",
        "coordinates": [
          27.612085,
          53.95253
        ]
      },
      "properties": {
        "id": "15181",
        "name": "Ваенкамат",
        "type": "bus"
      }
    },
    {
      "type": "Feature",
      "geometry": {
        "type": "Point",
        "coordinates": [
          27.632812,
          53.939292
        ]
      },
      "properties": {
        "id": "15014",
        "name": "ДС Славінскага",
        "type": "bus"
      }
    },
    {
      "type": "Feature",
      "geometry": {
        "type": "Point",
        "coordinates": [
          27.65096,
          53.927225
        ]
      },
      "properties": {
        "id": "14421",
        "name": "Язмінавая",
        "type": "bus"
      }
    },
    {
      "type": "Feature",
      "geometry": {
        "type": "Point",
        "coordinates": [
          27.542586,
          53.959829
        ]
      },
      "properties": {
        "id": "91040",
        "name": "Будслаўскі завулак",
        "type": "bus"
      }
    },
    {
      "type": "Feature",
      "geometry": {
        "type": "Point",
        "coordinates": [
          27.540276,
          53.95997
        ]
      },
      "properties": {
        "id": "91041",
        "name": "Будслаўскі завулак",
        "type": "bus"
      }
    },
    {
      "type": "Feature",
      "geometry": {
        "type": "Point",
        "coordinates": [
          27.539477,
          53.94409
        ]
      },
      "properties": {
        "id": "15003",
        "name": "Вадапомпавая",
        "type": "bus"
      }
    },
    {
      "type": "Feature",
      "geometry": {
        "type": "Point",
        "coordinates": [
          27.642878,
          53.928827
        ]
      },
      "properties": {
        "id": "14341",
        "name": "Філімонава",
        "type": "bus"
      }
    },
    {
      "type": "Feature",
      "geometry": {
        "type": "Point",
        "coordinates": [
          27.684631,
          53.91134
        ]
      },
      "properties": {
        "id": "54765",
        "name": "Сцяпянка",
        "type": "bus"
      }
    },
    {
      "type": "Feature",
      "geometry": {
        "type": "Point",
        "coordinates": [
          27.547301,
          53.889413
        ]
      },
      "properties": {
        "id": "15914",
        "name": "ДС Дружная",
        "type": "bus"
      }
    },
    {
      "type": "Feature",
      "geometry": {
        "type": "Point",
        "coordinates": [
          27.69419,
          53.873346
        ]
      },
      "properties": {
        "id": "4855144170",
        "name": "Вялікае Сціклева",
        "type": "bus"
      }
    },
    {
      "type": "Feature",
      "geometry": {
        "type": "Point",
        "coordinates": [
          27.715212,
          53.93633
        ]
      },
      "properties": {
        "id": "14630",
        "name": "Чыгуначная станцыя «Азярышча»",
        "type": "bus"
      }
    },
    {
      "type": "Feature",
      "geometry": {
        "type": "Point",
        "coordinates": [
          27.558869,
          53.850156
        ]
      },
      "properties": {
        "id": "297359",
        "name": "Каруся Каганца",
        "type": "bus"
      }
    },
    {
      "type": "Feature",
      "geometry": {
        "type": "Point",
        "coordinates": [
          27.683633,
          53.842804
        ]
      },
      "properties": {
        "id": "14837",
        "name": "Інжынерная",
        "type": "bus"
      }
    },
    {
      "type": "Feature",
      "geometry": {
        "type": "Point",
        "coordinates": [
          27.69011,
          53.837334
        ]
      },
      "properties": {
        "id": "73907",
        "name": "Інжынерны завулак",
        "type": "bus"
      }
    },
    {
      "type": "Feature",
      "geometry": {
        "type": "Point",
        "coordinates": [
          27.445184,
          53.93063
        ]
      },
      "properties": {
        "id": "230015",
        "name": "Каменная Горка-3",
        "type": "trolleybus"
      }
    },
    {
      "type": "Feature",
      "geometry": {
        "type": "Point",
        "coordinates": [
          27.486351,
          53.865185
        ]
      },
      "properties": {
        "id": "15198",
        "name": "Станцыя метро «Пятроўшчына»",
        "type": "bus"
      }
    },
    {
      "type": "Feature",
      "geometry": {
        "type": "Point",
        "coordinates": [
          27.529139,
          53.897901
        ]
      },
      "properties": {
        "id": "?",
        "name": "Дамашэўская",
        "type": "bus"
      }
    },
    {
      "type": "Feature",
      "geometry": {
        "type": "Point",
        "coordinates": [
          27.52768,
          53.911218
        ]
      },
      "properties": {
        "id": "73833",
        "name": "Ціміразева",
        "type": "bus"
      }
    },
    {
      "type": "Feature",
      "geometry": {
        "type": "Point",
        "coordinates": [
          27.524476,
          53.906506
        ]
      },
      "properties": {
        "id": "230032",
        "name": "Станцыя метро «Маладзёжная»",
        "type": "bus"
      }
    },
    {
      "type": "Feature",
      "geometry": {
        "type": "Point",
        "coordinates": [
          27.629572,
          53.834537
        ]
      },
      "properties": {
        "id": "15535",
        "name": "ДС Чыжоўка",
        "type": "bus"
      }
    },
    {
      "type": "Feature",
      "geometry": {
        "type": "Point",
        "coordinates": [
          27.446344,
          53.87741
        ]
      },
      "properties": {
        "id": "277123",
        "name": "Акадэміка Карскага",
        "type": "bus"
      }
    },
    {
      "type": "Feature",
      "geometry": {
        "type": "Point",
        "coordinates": [
          27.443403,
          53.876547
        ]
      },
      "properties": {
        "id": "277127",
        "name": "Мачульскага",
        "type": "bus"
      }
    },
    {
      "type": "Feature",
      "geometry": {
        "type": "Point",
        "coordinates": [
          27.441195,
          53.876137
        ]
      },
      "properties": {
        "id": "277124",
        "name": "Мачульскага",
        "type": "bus"
      }
    },
    {
      "type": "Feature",
      "geometry": {
        "type": "Point",
        "coordinates": [
          27.448088,
          53.873105
        ]
      },
      "properties": {
        "id": "290302",
        "name": "Маршала Лосіка, 28",
        "type": "bus"
      }
    },
    {
      "type": "Feature",
      "geometry": {
        "type": "Point",
        "coordinates": [
          27.442258,
          53.874212
        ]
      },
      "properties": {
        "id": "277126",
        "name": "Маршала Лосіка",
        "type": "bus"
      }
    },
    {
      "type": "Feature",
      "geometry": {
        "type": "Point",
        "coordinates": [
          27.477916,
          53.924586
        ]
      },
      "properties": {
        "id": "15227",
        "name": "ДС Масюкоўшчына (высадка)",
        "type": "bus"
      }
    },
    {
      "type": "Feature",
      "geometry": {
        "type": "Point",
        "coordinates": [
          27.550056,
          53.900756
        ]
      },
      "properties": {
        "id": "14690",
        "name": "Гарадскі вал",
        "type": "bus"
      }
    },
    {
      "type": "Feature",
      "geometry": {
        "type": "Point",
        "coordinates": [
          27.529743,
          53.898013
        ]
      },
      "properties": {
        "id": "?",
        "name": "Дамашэўская",
        "type": "bus"
      }
    },
    {
      "type": "Feature",
      "geometry": {
        "type": "Point",
        "coordinates": [
          27.601539,
          53.848235
        ]
      },
      "properties": {
        "id": "15827",
        "name": "ДС «Серабранка»",
        "type": "bus"
      }
    },
    {
      "type": "Feature",
      "geometry": {
        "type": "Point",
        "coordinates": [
          27.601697,
          53.84855
        ]
      },
      "properties": {
        "id": "14502",
        "name": "ДС «Серабранка»",
        "type": "bus"
      }
    },
    {
      "type": "Feature",
      "geometry": {
        "type": "Point",
        "coordinates": [
          27.602838,
          53.848594
        ]
      },
      "properties": {
        "id": "5010111412",
        "name": "ДС «Серабранка»",
        "type": "bus"
      }
    },
    {
      "type": "Feature",
      "geometry": {
        "type": "Point",
        "coordinates": [
          27.602508,
          53.848772
        ]
      },
      "properties": {
        "id": "14501",
        "name": "ДС «Серабранка»",
        "type": "bus"
      }
    },
    {
      "type": "Feature",
      "geometry": {
        "type": "Point",
        "coordinates": [
          27.509506,
          53.969205
        ]
      },
      "properties": {
        "id": "5025108455",
        "name": "Паварот на Зацень",
        "type": "bus"
      }
    },
    {
      "type": "Feature",
      "geometry": {
        "type": "Point",
        "coordinates": [
          27.549204,
          53.895837
        ]
      },
      "properties": {
        "id": "15869",
        "name": "Плошча Незалежнасці",
        "type": "trolleybus"
      }
    },
    {
      "type": "Feature",
      "geometry": {
        "type": "Point",
        "coordinates": [
          27.568433,
          53.88509
        ]
      },
      "properties": {
        "id": "5032717444",
        "name": "Остановка",
        "type": "bus"
      }
    },
    {
      "type": "Feature",
      "geometry": {
        "type": "Point",
        "coordinates": [
          27.569526,
          53.886112
        ]
      },
      "properties": {
        "id": "15905",
        "name": "Аранская",
        "type": "bus"
      }
    },
    {
      "type": "Feature",
      "geometry": {
        "type": "Point",
        "coordinates": [
          27.430319,
          53.933924
        ]
      },
      "properties": {
        "id": "133386",
        "name": "Люцынская",
        "type": "trolleybus"
      }
    },
    {
      "type": "Feature",
      "geometry": {
        "type": "Point",
        "coordinates": [
          27.425501,
          53.929142
        ]
      },
      "properties": {
        "id": "187018",
        "name": "Каменная Горка-4",
        "type": "trolleybus"
      }
    },
    {
      "type": "Feature",
      "geometry": {
        "type": "Point",
        "coordinates": [
          27.420603,
          53.92413
        ]
      },
      "properties": {
        "id": "187017",
        "name": "Лабуншчына",
        "type": "bus"
      }
    },
    {
      "type": "Feature",
      "geometry": {
        "type": "Point",
        "coordinates": [
          27.419493,
          53.923274
        ]
      },
      "properties": {
        "id": "133385",
        "name": "Лабуншчына",
        "type": "trolleybus"
      }
    },
    {
      "type": "Feature",
      "geometry": {
        "type": "Point",
        "coordinates": [
          27.455233,
          53.844883
        ]
      },
      "properties": {
        "id": "143094",
        "name": "РК «Малінаўка-8»",
        "type": "bus"
      }
    },
    {
      "type": "Feature",
      "geometry": {
        "type": "Point",
        "coordinates": [
          27.464675,
          53.859681
        ]
      },
      "properties": {
        "id": "15592",
        "name": "Універсам «Брэст»",
        "type": "bus"
      }
    },
    {
      "type": "Feature",
      "geometry": {
        "type": "Point",
        "coordinates": [
          27.469991,
          53.858371
        ]
      },
      "properties": {
        "id": "54693",
        "name": "Паўднёвы Захад-2",
        "type": "bus"
      }
    },
    {
      "type": "Feature",
      "geometry": {
        "type": "Point",
        "coordinates": [
          27.550931,
          53.894679
        ]
      },
      "properties": {
        "id": "15901",
        "name": "Міхайлаўскі сквер",
        "type": "bus"
      }
    },
    {
      "type": "Feature",
      "geometry": {
        "type": "Point",
        "coordinates": [
          27.569651,
          53.886431
        ]
      },
      "properties": {
        "id": "15909",
        "name": "Белмедпрэпараты",
        "type": "bus"
      }
    },
    {
      "type": "Feature",
      "geometry": {
        "type": "Point",
        "coordinates": [
          27.689322,
          53.886869
        ]
      },
      "properties": {
        "id": "15330",
        "name": "ДС Ангарская-4",
        "type": "bus"
      }
    },
    {
      "type": "Feature",
      "geometry": {
        "type": "Point",
        "coordinates": [
          27.689339,
          53.888155
        ]
      },
      "properties": {
        "id": "15305",
        "name": "ДС Ангарская-4",
        "type": "trolleybus"
      }
    },
    {
      "type": "Feature",
      "geometry": {
        "type": "Point",
        "coordinates": [
          27.689591,
          53.887551
        ]
      },
      "properties": {
        "id": "68849",
        "name": "ДС Ангарская-4",
        "type": "trolleybus"
      }
    },
    {
      "type": "Feature",
      "geometry": {
        "type": "Point",
        "coordinates": [
          27.690927,
          53.887304
        ]
      },
      "properties": {
        "id": "15833",
        "name": "ДС Ангарская-4",
        "type": "bus"
      }
    },
    {
      "type": "Feature",
      "geometry": {
        "type": "Point",
        "coordinates": [
          27.449677,
          53.949646
        ]
      },
      "properties": {
        "id": "15075",
        "name": "Аквапарк",
        "type": "bus"
      }
    },
    {
      "type": "Feature",
      "geometry": {
        "type": "Point",
        "coordinates": [
          27.682563,
          53.875274
        ]
      },
      "properties": {
        "id": "15301",
        "name": "2-і Летні завулак",
        "type": "trolleybus"
      }
    },
    {
      "type": "Feature",
      "geometry": {
        "type": "Point",
        "coordinates": [
          27.682547,
          53.874691
        ]
      },
      "properties": {
        "id": "15339",
        "name": "2-і Летні завулак",
        "type": "trolleybus"
      }
    },
    {
      "type": "Feature",
      "geometry": {
        "type": "Point",
        "coordinates": [
          27.680129,
          53.879403
        ]
      },
      "properties": {
        "id": "15302",
        "name": "Зімовая",
        "type": "trolleybus"
      }
    },
    {
      "type": "Feature",
      "geometry": {
        "type": "Point",
        "coordinates": [
          27.680187,
          53.87878
        ]
      },
      "properties": {
        "id": "15342",
        "name": "Зімовая",
        "type": "trolleybus"
      }
    },
    {
      "type": "Feature",
      "geometry": {
        "type": "Point",
        "coordinates": [
          27.680014,
          53.882187
        ]
      },
      "properties": {
        "id": "15303",
        "name": "Ангарская-3",
        "type": "trolleybus"
      }
    },
    {
      "type": "Feature",
      "geometry": {
        "type": "Point",
        "coordinates": [
          27.680075,
          53.882514
        ]
      },
      "properties": {
        "id": "15332",
        "name": "Ангарская-3",
        "type": "trolleybus"
      }
    },
    {
      "type": "Feature",
      "geometry": {
        "type": "Point",
        "coordinates": [
          27.684021,
          53.884283
        ]
      },
      "properties": {
        "id": "15331",
        "name": "Несцерава",
        "type": "bus"
      }
    },
    {
      "type": "Feature",
      "geometry": {
        "type": "Point",
        "coordinates": [
          27.686196,
          53.884992
        ]
      },
      "properties": {
        "id": "15304",
        "name": "Несцерава",
        "type": "bus"
      }
    },
    {
      "type": "Feature",
      "geometry": {
        "type": "Point",
        "coordinates": [
          27.682751,
          53.869818
        ]
      },
      "properties": {
        "id": "15340",
        "name": "Байкальская",
        "type": "trolleybus"
      }
    },
    {
      "type": "Feature",
      "geometry": {
        "type": "Point",
        "coordinates": [
          27.684184,
          53.871215
        ]
      },
      "properties": {
        "id": "15300",
        "name": "Байкальская",
        "type": "trolleybus"
      }
    },
    {
      "type": "Feature",
      "geometry": {
        "type": "Point",
        "coordinates": [
          27.631177,
          53.874243
        ]
      },
      "properties": {
        "id": "15618",
        "name": "Станцыя метро «Партызанская»",
        "type": "bus"
      }
    },
    {
      "type": "Feature",
      "geometry": {
        "type": "Point",
        "coordinates": [
          27.628797,
          53.875101
        ]
      },
      "properties": {
        "id": "15623",
        "name": "Станцыя метро «Партызанская»",
        "type": "bus"
      }
    },
    {
      "type": "Feature",
      "geometry": {
        "type": "Point",
        "coordinates": [
          27.638407,
          53.872992
        ]
      },
      "properties": {
        "id": "15622",
        "name": "Куляшова",
        "type": "bus"
      }
    },
    {
      "type": "Feature",
      "geometry": {
        "type": "Point",
        "coordinates": [
          27.639816,
          53.872072
        ]
      },
      "properties": {
        "id": "15619",
        "name": "Куляшова",
        "type": "bus"
      }
    },
    {
      "type": "Feature",
      "geometry": {
        "type": "Point",
        "coordinates": [
          27.645807,
          53.870044
        ]
      },
      "properties": {
        "id": "15621",
        "name": "Станцыя метро Аўтазаводская",
        "type": "trolleybus"
      }
    },
    {
      "type": "Feature",
      "geometry": {
        "type": "Point",
        "coordinates": [
          27.649353,
          53.868579
        ]
      },
      "properties": {
        "id": "15295",
        "name": "Станцыя метро Аўтазаводская",
        "type": "trolleybus"
      }
    },
    {
      "type": "Feature",
      "geometry": {
        "type": "Point",
        "coordinates": [
          27.649708,
          53.868946
        ]
      },
      "properties": {
        "id": "15346",
        "name": "Цэнтральная",
        "type": "bus"
      }
    },
    {
      "type": "Feature",
      "geometry": {
        "type": "Point",
        "coordinates": [
          27.655101,
          53.867448
        ]
      },
      "properties": {
        "id": "15345",
        "name": "Катоўскага",
        "type": "bus"
      }
    },
    {
      "type": "Feature",
      "geometry": {
        "type": "Point",
        "coordinates": [
          27.65698,
          53.866539
        ]
      },
      "properties": {
        "id": "15296",
        "name": "Катоўскага",
        "type": "bus"
      }
    },
    {
      "type": "Feature",
      "geometry": {
        "type": "Point",
        "coordinates": [
          27.666025,
          53.864463
        ]
      },
      "properties": {
        "id": "15344",
        "name": "Варвашэні",
        "type": "bus"
      }
    },
    {
      "type": "Feature",
      "geometry": {
        "type": "Point",
        "coordinates": [
          27.668165,
          53.863451
        ]
      },
      "properties": {
        "id": "15297",
        "name": "Варвашэні",
        "type": "bus"
      }
    },
    {
      "type": "Feature",
      "geometry": {
        "type": "Point",
        "coordinates": [
          27.675291,
          53.861463
        ]
      },
      "properties": {
        "id": "15620",
        "name": "Станцыя метро «Магілёўская»",
        "type": "bus"
      }
    },
    {
      "type": "Feature",
      "geometry": {
        "type": "Point",
        "coordinates": [
          27.673126,
          53.86247
        ]
      },
      "properties": {
        "id": "15343",
        "name": "Станцыя метро «Магілёўская»",
        "type": "bus"
      }
    },
    {
      "type": "Feature",
      "geometry": {
        "type": "Point",
        "coordinates": [
          27.675188,
          53.862484
        ]
      },
      "properties": {
        "id": "15298",
        "name": "Станцыя метро «Магілёўская»",
        "type": "trolleybus"
      }
    },
    {
      "type": "Feature",
      "geometry": {
        "type": "Point",
        "coordinates": [
          27.679975,
          53.865771
        ]
      },
      "properties": {
        "id": "15341",
        "name": "Магнітная",
        "type": "trolleybus"
      }
    },
    {
      "type": "Feature",
      "geometry": {
        "type": "Point",
        "coordinates": [
          27.680974,
          53.866658
        ]
      },
      "properties": {
        "id": "15299",
        "name": "Магнітная",
        "type": "trolleybus"
      }
    },
    {
      "type": "Feature",
      "geometry": {
        "type": "Point",
        "coordinates": [
          27.549463,
          53.892072
        ]
      },
      "properties": {
        "id": "15900",
        "name": "Вакзал",
        "type": "bus"
      }
    },
    {
      "type": "Feature",
      "geometry": {
        "type": "Point",
        "coordinates": [
          27.551835,
          53.892965
        ]
      },
      "properties": {
        "id": "230003",
        "name": "Кірава",
        "type": "bus"
      }
    },
    {
      "type": "Feature",
      "geometry": {
        "type": "Point",
        "coordinates": [
          27.578834,
          53.887782
        ]
      },
      "properties": {
        "id": "15907",
        "name": "Фабрыка «Камунарка»",
        "type": "trolleybus"
      }
    },
    {
      "type": "Feature",
      "geometry": {
        "type": "Point",
        "coordinates": [
          27.580835,
          53.886522
        ]
      },
      "properties": {
        "id": "15612",
        "name": "Фабрыка «Камунарка»",
        "type": "bus"
      }
    },
    {
      "type": "Feature",
      "geometry": {
        "type": "Point",
        "coordinates": [
          27.584531,
          53.885967
        ]
      },
      "properties": {
        "id": "15628",
        "name": "Кінатэатр Ракета",
        "type": "bus"
      }
    },
    {
      "type": "Feature",
      "geometry": {
        "type": "Point",
        "coordinates": [
          27.585487,
          53.885323
        ]
      },
      "properties": {
        "id": "15613",
        "name": "Кінатэатр Ракета",
        "type": "bus"
      }
    },
    {
      "type": "Feature",
      "geometry": {
        "type": "Point",
        "coordinates": [
          27.592979,
          53.883052
        ]
      },
      "properties": {
        "id": "15614",
        "name": "Мотавелазавод",
        "type": "bus"
      }
    },
    {
      "type": "Feature",
      "geometry": {
        "type": "Point",
        "coordinates": [
          27.592668,
          53.883567
        ]
      },
      "properties": {
        "id": "15627",
        "name": "Мотавелазавод",
        "type": "bus"
      }
    },
    {
      "type": "Feature",
      "geometry": {
        "type": "Point",
        "coordinates": [
          27.599462,
          53.881467
        ]
      },
      "properties": {
        "id": "15626",
        "name": "Алега Кашавога",
        "type": "bus"
      }
    },
    {
      "type": "Feature",
      "geometry": {
        "type": "Point",
        "coordinates": [
          27.601408,
          53.880501
        ]
      },
      "properties": {
        "id": "15615",
        "name": "Алега Кашавога",
        "type": "bus"
      }
    },
    {
      "type": "Feature",
      "geometry": {
        "type": "Point",
        "coordinates": [
          27.608368,
          53.879149
        ]
      },
      "properties": {
        "id": "15625",
        "name": "Плошча Ванеева",
        "type": "bus"
      }
    },
    {
      "type": "Feature",
      "geometry": {
        "type": "Point",
        "coordinates": [
          27.610926,
          53.878272
        ]
      },
      "properties": {
        "id": "15616",
        "name": "Плошча Ванеева",
        "type": "bus"
      }
    },
    {
      "type": "Feature",
      "geometry": {
        "type": "Point",
        "coordinates": [
          27.618186,
          53.877205
        ]
      },
      "properties": {
        "id": "15624",
        "name": "Васняцова",
        "type": "bus"
      }
    },
    {
      "type": "Feature",
      "geometry": {
        "type": "Point",
        "coordinates": [
          27.620216,
          53.87643
        ]
      },
      "properties": {
        "id": "15617",
        "name": "Васняцова",
        "type": "trolleybus"
      }
    },
    {
      "type": "Feature",
      "geometry": {
        "type": "Point",
        "coordinates": [
          27.557494,
          53.891451
        ]
      },
      "properties": {
        "id": "15443",
        "name": "Тэхналагічны універсітэт",
        "type": "bus"
      }
    },
    {
      "type": "Feature",
      "geometry": {
        "type": "Point",
        "coordinates": [
          27.557589,
          53.891766
        ]
      },
      "properties": {
        "id": "15564",
        "name": "Тэхналагічны універсітэт",
        "type": "bus"
      }
    },
    {
      "type": "Feature",
      "geometry": {
        "type": "Point",
        "coordinates": [
          27.573167,
          53.88708
        ]
      },
      "properties": {
        "id": "15908",
        "name": "Мінскэнерга",
        "type": "bus"
      }
    },
    {
      "type": "Feature",
      "geometry": {
        "type": "Point",
        "coordinates": [
          27.574253,
          53.886858
        ]
      },
      "properties": {
        "id": "15906",
        "name": "Мінскэнерга",
        "type": "bus"
      }
    },
    {
      "type": "Feature",
      "geometry": {
        "type": "Point",
        "coordinates": [
          27.448881,
          53.949504
        ]
      },
      "properties": {
        "id": "15076",
        "name": "Аквапарк",
        "type": "bus"
      }
    },
    {
      "type": "Feature",
      "geometry": {
        "type": "Point",
        "coordinates": [
          27.497169,
          53.857792
        ]
      },
      "properties": {
        "id": "230205",
        "name": "Сямашкі",
        "type": "bus"
      }
    },
    {
      "type": "Feature",
      "geometry": {
        "type": "Point",
        "coordinates": [
          27.684044,
          53.891579
        ]
      },
      "properties": {
        "id": "15329",
        "name": "Сасновы",
        "type": "trolleybus"
      }
    },
    {
      "type": "Feature",
      "geometry": {
        "type": "Point",
        "coordinates": [
          27.677007,
          53.888891
        ]
      },
      "properties": {
        "id": "15328",
        "name": "Ілімская",
        "type": "trolleybus"
      }
    },
    {
      "type": "Feature",
      "geometry": {
        "type": "Point",
        "coordinates": [
          27.679425,
          53.886042
        ]
      },
      "properties": {
        "id": "15327",
        "name": "Пажарскага",
        "type": "trolleybus"
      }
    },
    {
      "type": "Feature",
      "geometry": {
        "type": "Point",
        "coordinates": [
          27.682213,
          53.884003
        ]
      },
      "properties": {
        "id": "15326",
        "name": "Паліклініка №17",
        "type": "trolleybus"
      }
    },
    {
      "type": "Feature",
      "geometry": {
        "type": "Point",
        "coordinates": [
          27.688027,
          53.85698
        ]
      },
      "properties": {
        "id": "16041",
        "name": "Малочны камбінат",
        "type": "bus"
      }
    },
    {
      "type": "Feature",
      "geometry": {
        "type": "Point",
        "coordinates": [
          27.70402,
          53.849164
        ]
      },
      "properties": {
        "id": "14828",
        "name": "Вялікі Трасцянец",
        "type": "bus"
      }
    },
    {
      "type": "Feature",
      "geometry": {
        "type": "Point",
        "coordinates": [
          27.707106,
          53.844199
        ]
      },
      "properties": {
        "id": "14825",
        "name": "Сяліцкага, 105",
        "type": "bus"
      }
    },
    {
      "type": "Feature",
      "geometry": {
        "type": "Point",
        "coordinates": [
          27.706043,
          53.841339
        ]
      },
      "properties": {
        "id": "14824",
        "name": "Малы Трасцянец",
        "type": "bus"
      }
    },
    {
      "type": "Feature",
      "geometry": {
        "type": "Point",
        "coordinates": [
          27.701192,
          53.835628
        ]
      },
      "properties": {
        "id": "69249",
        "name": "Сяліцкага",
        "type": "bus"
      }
    },
    {
      "type": "Feature",
      "geometry": {
        "type": "Point",
        "coordinates": [
          27.696907,
          53.832772
        ]
      },
      "properties": {
        "id": "14823",
        "name": "Магазін «Будматэрыялы»",
        "type": "bus"
      }
    },
    {
      "type": "Feature",
      "geometry": {
        "type": "Point",
        "coordinates": [
          27.69966,
          53.829681
        ]
      },
      "properties": {
        "id": "14822",
        "name": "Прадпрыемства «Экарэс»",
        "type": "bus"
      }
    },
    {
      "type": "Feature",
      "geometry": {
        "type": "Point",
        "coordinates": [
          27.70674,
          53.822001
        ]
      },
      "properties": {
        "id": "14820",
        "name": "Завод буйнапанэльнага домабудаўніцтва",
        "type": "bus"
      }
    },
    {
      "type": "Feature",
      "geometry": {
        "type": "Point",
        "coordinates": [
          27.703145,
          53.818269
        ]
      },
      "properties": {
        "id": "14794",
        "name": "Упраўленне механізацыі № 79",
        "type": "bus"
      }
    },
    {
      "type": "Feature",
      "geometry": {
        "type": "Point",
        "coordinates": [
          27.693674,
          53.81333
        ]
      },
      "properties": {
        "id": "69288",
        "name": "Палявы",
        "type": "bus"
      }
    },
    {
      "type": "Feature",
      "geometry": {
        "type": "Point",
        "coordinates": [
          27.691765,
          53.812028
        ]
      },
      "properties": {
        "id": "14792",
        "name": "Палявы",
        "type": "bus"
      }
    },
    {
      "type": "Feature",
      "geometry": {
        "type": "Point",
        "coordinates": [
          27.697868,
          53.815903
        ]
      },
      "properties": {
        "id": "14789",
        "name": "Завод ЭПК",
        "type": "bus"
      }
    },
    {
      "type": "Feature",
      "geometry": {
        "type": "Point",
        "coordinates": [
          27.702217,
          53.818054
        ]
      },
      "properties": {
        "id": "14788",
        "name": "Упраўленне механізацыі № 79",
        "type": "bus"
      }
    },
    {
      "type": "Feature",
      "geometry": {
        "type": "Point",
        "coordinates": [
          27.70613,
          53.821605
        ]
      },
      "properties": {
        "id": "14787",
        "name": "Завод буйнапанэльнага домабудаўніцтва",
        "type": "bus"
      }
    },
    {
      "type": "Feature",
      "geometry": {
        "type": "Point",
        "coordinates": [
          27.705388,
          53.825284
        ]
      },
      "properties": {
        "id": "14786",
        "name": "Кацельная",
        "type": "bus"
      }
    },
    {
      "type": "Feature",
      "geometry": {
        "type": "Point",
        "coordinates": [
          27.700656,
          53.828671
        ]
      },
      "properties": {
        "id": "14785",
        "name": "Прадпрыемства «Экарэс»",
        "type": "bus"
      }
    },
    {
      "type": "Feature",
      "geometry": {
        "type": "Point",
        "coordinates": [
          27.696706,
          53.831426
        ]
      },
      "properties": {
        "id": "14784",
        "name": "Магазін «Будматэрыялы»",
        "type": "bus"
      }
    },
    {
      "type": "Feature",
      "geometry": {
        "type": "Point",
        "coordinates": [
          27.699545,
          53.834949
        ]
      },
      "properties": {
        "id": "58367",
        "name": "Сяліцкага",
        "type": "bus"
      }
    },
    {
      "type": "Feature",
      "geometry": {
        "type": "Point",
        "coordinates": [
          27.694699,
          53.836144
        ]
      },
      "properties": {
        "id": "14749",
        "name": "Лазнева-аздараўленчы комплекс",
        "type": "bus"
      }
    },
    {
      "type": "Feature",
      "geometry": {
        "type": "Point",
        "coordinates": [
          27.695427,
          53.847339
        ]
      },
      "properties": {
        "id": "14745",
        "name": "Шабаны-2",
        "type": "bus"
      }
    },
    {
      "type": "Feature",
      "geometry": {
        "type": "Point",
        "coordinates": [
          27.689283,
          53.85577
        ]
      },
      "properties": {
        "id": "16040",
        "name": "Малочны камбінат",
        "type": "bus"
      }
    },
    {
      "type": "Feature",
      "geometry": {
        "type": "Point",
        "coordinates": [
          27.679918,
          53.885335
        ]
      },
      "properties": {
        "id": "15308",
        "name": "Паліклініка №17",
        "type": "trolleybus"
      }
    },
    {
      "type": "Feature",
      "geometry": {
        "type": "Point",
        "coordinates": [
          27.676578,
          53.887766
        ]
      },
      "properties": {
        "id": "15307",
        "name": "Ілімская",
        "type": "trolleybus"
      }
    },
    {
      "type": "Feature",
      "geometry": {
        "type": "Point",
        "coordinates": [
          27.682517,
          53.891783
        ]
      },
      "properties": {
        "id": "15306",
        "name": "Сасновы",
        "type": "trolleybus"
      }
    },
    {
      "type": "Feature",
      "geometry": {
        "type": "Point",
        "coordinates": [
          27.678984,
          53.813083
        ]
      },
      "properties": {
        "id": "69287",
        "name": "Сяліцкага, 11",
        "type": "bus"
      }
    },
    {
      "type": "Feature",
      "geometry": {
        "type": "Point",
        "coordinates": [
          27.466575,
          53.918879
        ]
      },
      "properties": {
        "id": "?",
        "name": "-",
        "type": "bus"
      }
    },
    {
      "type": "Feature",
      "geometry": {
        "type": "Point",
        "coordinates": [
          27.674671,
          53.860963
        ]
      },
      "properties": {
        "id": "14712",
        "name": "Станцыя метро «Магілёўская»",
        "type": "trolleybus"
      }
    },
    {
      "type": "Feature",
      "geometry": {
        "type": "Point",
        "coordinates": [
          27.685021,
          53.870276
        ]
      },
      "properties": {
        "id": "15971",
        "name": "Байкальская",
        "type": "bus"
      }
    },
    {
      "type": "Feature",
      "geometry": {
        "type": "Point",
        "coordinates": [
          27.690114,
          53.945679
        ]
      },
      "properties": {
        "id": "73195",
        "name": "Станцыя метро «Уручча»",
        "type": "bus"
      }
    },
    {
      "type": "Feature",
      "geometry": {
        "type": "Point",
        "coordinates": [
          27.684021,
          53.87024
        ]
      },
      "properties": {
        "id": "15970",
        "name": "Байкальская",
        "type": "bus"
      }
    },
    {
      "type": "Feature",
      "geometry": {
        "type": "Point",
        "coordinates": [
          27.676776,
          53.858339
        ]
      },
      "properties": {
        "id": "14830",
        "name": "Аўтастанцыя «Аўтазаводская»",
        "type": "bus"
      }
    },
    {
      "type": "Feature",
      "geometry": {
        "type": "Point",
        "coordinates": [
          27.639283,
          53.900104
        ]
      },
      "properties": {
        "id": "14739",
        "name": "Радыяльная",
        "type": "bus"
      }
    },
    {
      "type": "Feature",
      "geometry": {
        "type": "Point",
        "coordinates": [
          27.642998,
          53.895827
        ]
      },
      "properties": {
        "id": "14738",
        "name": "Завод ігрыстых вінаў",
        "type": "bus"
      }
    },
    {
      "type": "Feature",
      "geometry": {
        "type": "Point",
        "coordinates": [
          27.642294,
          53.893455
        ]
      },
      "properties": {
        "id": "14737",
        "name": "Круглая плошча",
        "type": "bus"
      }
    },
    {
      "type": "Feature",
      "geometry": {
        "type": "Point",
        "coordinates": [
          27.630959,
          53.888753
        ]
      },
      "properties": {
        "id": "14736",
        "name": "Ваўпшасава",
        "type": "bus"
      }
    },
    {
      "type": "Feature",
      "geometry": {
        "type": "Point",
        "coordinates": [
          27.623438,
          53.885736
        ]
      },
      "properties": {
        "id": "14735",
        "name": "Даўгабродская вуліца",
        "type": "bus"
      }
    },
    {
      "type": "Feature",
      "geometry": {
        "type": "Point",
        "coordinates": [
          27.615757,
          53.882894
        ]
      },
      "properties": {
        "id": "14734",
        "name": "Стадыён Трактар",
        "type": "bus"
      }
    },
    {
      "type": "Feature",
      "geometry": {
        "type": "Point",
        "coordinates": [
          27.474885,
          53.901547
        ]
      },
      "properties": {
        "id": "69316",
        "name": "Еўфрасінні Полацкай",
        "type": "bus"
      }
    },
    {
      "type": "Feature",
      "geometry": {
        "type": "Point",
        "coordinates": [
          27.642778,
          53.839635
        ]
      },
      "properties": {
        "id": "15773",
        "name": "ДС Чыжоўка-1",
        "type": "trolleybus"
      }
    },
    {
      "type": "Feature",
      "geometry": {
        "type": "Point",
        "coordinates": [
          27.683632,
          53.841684
        ]
      },
      "properties": {
        "id": "14834",
        "name": "Завулак Свіслацкі",
        "type": "bus"
      }
    },
    {
      "type": "Feature",
      "geometry": {
        "type": "Point",
        "coordinates": [
          27.684455,
          53.844108
        ]
      },
      "properties": {
        "id": "14835",
        "name": "Інжынерная",
        "type": "bus"
      }
    },
    {
      "type": "Feature",
      "geometry": {
        "type": "Point",
        "coordinates": [
          27.639864,
          53.928777
        ]
      },
      "properties": {
        "id": "15442",
        "name": "Філімонава",
        "type": "bus"
      }
    },
    {
      "type": "Feature",
      "geometry": {
        "type": "Point",
        "coordinates": [
          27.583075,
          53.907131
        ]
      },
      "properties": {
        "id": "15267",
        "name": "Змітрака Бядулі",
        "type": "tram"
      }
    },
    {
      "type": "Feature",
      "geometry": {
        "type": "Point",
        "coordinates": [
          27.583008,
          53.907403
        ]
      },
      "properties": {
        "id": "16215",
        "name": "Змітрака Бядулі",
        "type": "tram"
      }
    },
    {
      "type": "Feature",
      "geometry": {
        "type": "Point",
        "coordinates": [
          27.581263,
          53.90338
        ]
      },
      "properties": {
        "id": "15312",
        "name": "Захарава",
        "type": "tram"
      }
    },
    {
      "type": "Feature",
      "geometry": {
        "type": "Point",
        "coordinates": [
          27.581425,
          53.9034
        ]
      },
      "properties": {
        "id": "15268",
        "name": "Захарава",
        "type": "tram"
      }
    },
    {
      "type": "Feature",
      "geometry": {
        "type": "Point",
        "coordinates": [
          27.573394,
          53.900033
        ]
      },
      "properties": {
        "id": "191257",
        "name": "Парк Горкага",
        "type": "bus"
      }
    },
    {
      "type": "Feature",
      "geometry": {
        "type": "Point",
        "coordinates": [
          27.573647,
          53.89997
        ]
      },
      "properties": {
        "id": "15311",
        "name": "Парк Горкага",
        "type": "tram"
      }
    },
    {
      "type": "Feature",
      "geometry": {
        "type": "Point",
        "coordinates": [
          27.573629,
          53.899983
        ]
      },
      "properties": {
        "id": "15311",
        "name": "Парк Горкага",
        "type": "tram"
      }
    },
    {
      "type": "Feature",
      "geometry": {
        "type": "Point",
        "coordinates": [
          27.557205,
          53.892507
        ]
      },
      "properties": {
        "id": "15276",
        "name": "Свярдлова",
        "type": "tram"
      }
    },
    {
      "type": "Feature",
      "geometry": {
        "type": "Point",
        "coordinates": [
          27.54959,
          53.891935
        ]
      },
      "properties": {
        "id": "243538",
        "name": "Вакзал",
        "type": "bus"
      }
    },
    {
      "type": "Feature",
      "geometry": {
        "type": "Point",
        "coordinates": [
          27.568254,
          53.896789
        ]
      },
      "properties": {
        "id": "191250",
        "name": "Ліцэй БДУ",
        "type": "bus"
      }
    },
    {
      "type": "Feature",
      "geometry": {
        "type": "Point",
        "coordinates": [
          27.567927,
          53.896901
        ]
      },
      "properties": {
        "id": "15270",
        "name": "Ліцэй БДУ",
        "type": "tram"
      }
    },
    {
      "type": "Feature",
      "geometry": {
        "type": "Point",
        "coordinates": [
          27.613945,
          53.94737
        ]
      },
      "properties": {
        "id": "14391",
        "name": "Паліграфічная",
        "type": "bus"
      }
    },
    {
      "type": "Feature",
      "geometry": {
        "type": "Point",
        "coordinates": [
          27.54703,
          53.891956
        ]
      },
      "properties": {
        "id": "15273",
        "name": "Ленінградская",
        "type": "tram"
      }
    },
    {
      "type": "Feature",
      "geometry": {
        "type": "Point",
        "coordinates": [
          27.665845,
          53.947161
        ]
      },
      "properties": {
        "id": "277244",
        "name": "Бізнес-цэнтр",
        "type": "bus"
      }
    },
    {
      "type": "Feature",
      "geometry": {
        "type": "Point",
        "coordinates": [
          27.551994,
          53.893238
        ]
      },
      "properties": {
        "id": "230003",
        "name": "Кірава",
        "type": "bus"
      }
    },
    {
      "type": "Feature",
      "geometry": {
        "type": "Point",
        "coordinates": [
          27.555566,
          53.890044
        ]
      },
      "properties": {
        "id": "5137786386",
        "name": "Аўтавакзал Цэнтральны",
        "type": "bus"
      }
    },
    {
      "type": "Feature",
      "geometry": {
        "type": "Point",
        "coordinates": [
          27.555547,
          53.890019
        ]
      },
      "properties": {
        "id": "5137786388",
        "name": "Аўтавакзал Цэнтральны",
        "type": "bus"
      }
    },
    {
      "type": "Feature",
      "geometry": {
        "type": "Point",
        "coordinates": [
          27.693734,
          53.932939
        ]
      },
      "properties": {
        "id": "?",
        "name": "ДС Уручча-2",
        "type": "bus"
      }
    },
    {
      "type": "Feature",
      "geometry": {
        "type": "Point",
        "coordinates": [
          27.69405,
          53.932438
        ]
      },
      "properties": {
        "id": "69144",
        "name": "ДС Уручча-2",
        "type": "bus"
      }
    },
    {
      "type": "Feature",
      "geometry": {
        "type": "Point",
        "coordinates": [
          27.694533,
          53.932168
        ]
      },
      "properties": {
        "id": "14386",
        "name": "ДС Уручча-2",
        "type": "bus"
      }
    },
    {
      "type": "Feature",
      "geometry": {
        "type": "Point",
        "coordinates": [
          27.693884,
          53.933117
        ]
      },
      "properties": {
        "id": "69144",
        "name": "ДС Уручча-2",
        "type": "bus"
      }
    },
    {
      "type": "Feature",
      "geometry": {
        "type": "Point",
        "coordinates": [
          27.436925,
          53.912391
        ]
      },
      "properties": {
        "id": "14601",
        "name": "Паліклініка №26",
        "type": "trolleybus"
      }
    },
    {
      "type": "Feature",
      "geometry": {
        "type": "Point",
        "coordinates": [
          27.741993,
          53.954965
        ]
      },
      "properties": {
        "id": "271013",
        "name": "Фогеля",
        "type": "bus"
      }
    },
    {
      "type": "Feature",
      "geometry": {
        "type": "Point",
        "coordinates": [
          27.592112,
          53.835692
        ]
      },
      "properties": {
        "id": "295032",
        "name": "Міхаіла Пташука",
        "type": "trolleybus"
      }
    },
    {
      "type": "Feature",
      "geometry": {
        "type": "Point",
        "coordinates": [
          27.58882,
          53.835368
        ]
      },
      "properties": {
        "id": "295035",
        "name": "ДС Лошыца-2",
        "type": "trolleybus"
      }
    },
    {
      "type": "Feature",
      "geometry": {
        "type": "Point",
        "coordinates": [
          27.593957,
          53.835457
        ]
      },
      "properties": {
        "id": "295033",
        "name": "Міхаіла Пташука",
        "type": "trolleybus"
      }
    },
    {
      "type": "Feature",
      "geometry": {
        "type": "Point",
        "coordinates": [
          27.597452,
          53.836702
        ]
      },
      "properties": {
        "id": "?",
        "name": "Карзюкі",
        "type": "trolleybus"
      }
    },
    {
      "type": "Feature",
      "geometry": {
        "type": "Point",
        "coordinates": [
          27.59823,
          53.837497
        ]
      },
      "properties": {
        "id": "15542",
        "name": "Карзюкі",
        "type": "bus"
      }
    },
    {
      "type": "Feature",
      "geometry": {
        "type": "Point",
        "coordinates": [
          27.592305,
          53.840293
        ]
      },
      "properties": {
        "id": "269675",
        "name": "Віктара Турава",
        "type": "bus"
      }
    },
    {
      "type": "Feature",
      "geometry": {
        "type": "Point",
        "coordinates": [
          27.593695,
          53.840018
        ]
      },
      "properties": {
        "id": "269674",
        "name": "Віктара Турава",
        "type": "bus"
      }
    },
    {
      "type": "Feature",
      "geometry": {
        "type": "Point",
        "coordinates": [
          27.5927,
          53.841304
        ]
      },
      "properties": {
        "id": "?",
        "name": "Віктара Турава",
        "type": "bus"
      }
    },
    {
      "type": "Feature",
      "geometry": {
        "type": "Point",
        "coordinates": [
          27.524396,
          53.905514
        ]
      },
      "properties": {
        "id": "230033",
        "name": "Станцыя метро «Маладзёжная»",
        "type": "bus"
      }
    },
    {
      "type": "Feature",
      "geometry": {
        "type": "Point",
        "coordinates": [
          27.470917,
          53.848932
        ]
      },
      "properties": {
        "id": "14990",
        "name": "Сяргея Ясеніна",
        "type": "bus"
      }
    },
    {
      "type": "Feature",
      "geometry": {
        "type": "Point",
        "coordinates": [
          27.468784,
          53.849185
        ]
      },
      "properties": {
        "id": "14974",
        "name": "Сяргея Ясеніна",
        "type": "bus"
      }
    },
    {
      "type": "Feature",
      "geometry": {
        "type": "Point",
        "coordinates": [
          27.469621,
          53.848587
        ]
      },
      "properties": {
        "id": "14913",
        "name": "Сяргея Ясеніна",
        "type": "bus"
      }
    },
    {
      "type": "Feature",
      "geometry": {
        "type": "Point",
        "coordinates": [
          27.438074,
          53.864967
        ]
      },
      "properties": {
        "id": "15584",
        "name": "Сяргея Ясеніна, 111",
        "type": "bus"
      }
    },
    {
      "type": "Feature",
      "geometry": {
        "type": "Point",
        "coordinates": [
          27.436321,
          53.86588
        ]
      },
      "properties": {
        "id": "15580",
        "name": "Сяргея Ясеніна, 111",
        "type": "bus"
      }
    },
    {
      "type": "Feature",
      "geometry": {
        "type": "Point",
        "coordinates": [
          27.432775,
          53.856447
        ]
      },
      "properties": {
        "id": "14982",
        "name": "Пераход да аўтарынка",
        "type": "bus"
      }
    },
    {
      "type": "Feature",
      "geometry": {
        "type": "Point",
        "coordinates": [
          27.432143,
          53.855716
        ]
      },
      "properties": {
        "id": "14953",
        "name": "Пераход да аўтарынка",
        "type": "bus"
      }
    },
    {
      "type": "Feature",
      "geometry": {
        "type": "Point",
        "coordinates": [
          27.431671,
          53.856821
        ]
      },
      "properties": {
        "id": "14949",
        "name": "Пераход да аўтарынка",
        "type": "bus"
      }
    },
    {
      "type": "Feature",
      "geometry": {
        "type": "Point",
        "coordinates": [
          27.446899,
          53.873515
        ]
      },
      "properties": {
        "id": "277317",
        "name": "Маршала Лосіка, 28",
        "type": "bus"
      }
    },
    {
      "type": "Feature",
      "geometry": {
        "type": "Point",
        "coordinates": [
          27.443905,
          53.873952
        ]
      },
      "properties": {
        "id": "277125",
        "name": "Маршала Лосіка",
        "type": "bus"
      }
    },
    {
      "type": "Feature",
      "geometry": {
        "type": "Point",
        "coordinates": [
          27.423905,
          53.903175
        ]
      },
      "properties": {
        "id": "400420",
        "name": "Акадэміка Вышалескага",
        "type": "bus"
      }
    },
    {
      "type": "Feature",
      "geometry": {
        "type": "Point",
        "coordinates": [
          27.424349,
          53.906829
        ]
      },
      "properties": {
        "id": "400419",
        "name": "Нёманская",
        "type": "bus"
      }
    },
    {
      "type": "Feature",
      "geometry": {
        "type": "Point",
        "coordinates": [
          27.424575,
          53.904149
        ]
      },
      "properties": {
        "id": "400421",
        "name": "Акадэміка Вышалескага",
        "type": "bus"
      }
    },
    {
      "type": "Feature",
      "geometry": {
        "type": "Point",
        "coordinates": [
          27.417713,
          53.88604
        ]
      },
      "properties": {
        "id": "69090",
        "name": "Мікрараён Сухарава-6",
        "type": "bus"
      }
    },
    {
      "type": "Feature",
      "geometry": {
        "type": "Point",
        "coordinates": [
          27.416649,
          53.886581
        ]
      },
      "properties": {
        "id": "73666",
        "name": "Мікрараён Сухарава-6",
        "type": "bus"
      }
    },
    {
      "type": "Feature",
      "geometry": {
        "type": "Point",
        "coordinates": [
          27.422544,
          53.916815
        ]
      },
      "properties": {
        "id": "133344",
        "name": "Казіміраўская, 21",
        "type": "bus"
      }
    },
    {
      "type": "Feature",
      "geometry": {
        "type": "Point",
        "coordinates": [
          27.417337,
          53.917169
        ]
      },
      "properties": {
        "id": "73866",
        "name": "Каменная Горка-5",
        "type": "bus"
      }
    },
    {
      "type": "Feature",
      "geometry": {
        "type": "Point",
        "coordinates": [
          27.553108,
          53.957888
        ]
      },
      "properties": {
        "id": "277263",
        "name": "Выгоцкага",
        "type": "bus"
      }
    },
    {
      "type": "Feature",
      "geometry": {
        "type": "Point",
        "coordinates": [
          27.667188,
          53.929891
        ]
      },
      "properties": {
        "id": "?",
        "name": "-",
        "type": "bus"
      }
    },
    {
      "type": "Feature",
      "geometry": {
        "type": "Point",
        "coordinates": [
          27.672766,
          53.932019
        ]
      },
      "properties": {
        "id": "243426",
        "name": "Магістр",
        "type": "bus"
      }
    },
    {
      "type": "Feature",
      "geometry": {
        "type": "Point",
        "coordinates": [
          27.704351,
          53.935875
        ]
      },
      "properties": {
        "id": "277303",
        "name": "Старынаўская",
        "type": "bus"
      }
    },
    {
      "type": "Feature",
      "geometry": {
        "type": "Point",
        "coordinates": [
          27.703268,
          53.936861
        ]
      },
      "properties": {
        "id": "277304",
        "name": "Старынаўская",
        "type": "bus"
      }
    },
    {
      "type": "Feature",
      "geometry": {
        "type": "Point",
        "coordinates": [
          27.667801,
          53.917619
        ]
      },
      "properties": {
        "id": "15374",
        "name": "Чыгуначны пераход",
        "type": "bus"
      }
    },
    {
      "type": "Feature",
      "geometry": {
        "type": "Point",
        "coordinates": [
          27.667643,
          53.917339
        ]
      },
      "properties": {
        "id": "16252",
        "name": "Чыгуначны пераход",
        "type": "bus"
      }
    },
    {
      "type": "Feature",
      "geometry": {
        "type": "Point",
        "coordinates": [
          27.441241,
          53.937656
        ]
      },
      "properties": {
        "id": "133183",
        "name": "Гандлёвы цэнтр «Ждановічы»",
        "type": "bus"
      }
    },
    {
      "type": "Feature",
      "geometry": {
        "type": "Point",
        "coordinates": [
          27.652496,
          53.934926
        ]
      },
      "properties": {
        "id": "14489",
        "name": "Станцыя метро «Усход»",
        "type": "bus"
      }
    },
    {
      "type": "Feature",
      "geometry": {
        "type": "Point",
        "coordinates": [
          27.441133,
          53.923895
        ]
      },
      "properties": {
        "id": "133193",
        "name": "Іосіфа Жыновіча",
        "type": "bus"
      }
    },
    {
      "type": "Feature",
      "geometry": {
        "type": "Point",
        "coordinates": [
          27.443277,
          53.926709
        ]
      },
      "properties": {
        "id": "133399",
        "name": "Уладзіслава Галубка",
        "type": "bus"
      }
    },
    {
      "type": "Feature",
      "geometry": {
        "type": "Point",
        "coordinates": [
          27.441561,
          53.927373
        ]
      },
      "properties": {
        "id": "71451",
        "name": "Уладзіслава Галубка",
        "type": "trolleybus"
      }
    },
    {
      "type": "Feature",
      "geometry": {
        "type": "Point",
        "coordinates": [
          27.433003,
          53.926761
        ]
      },
      "properties": {
        "id": "151195",
        "name": "Налібоцкая",
        "type": "bus"
      }
    },
    {
      "type": "Feature",
      "geometry": {
        "type": "Point",
        "coordinates": [
          27.431271,
          53.927579
        ]
      },
      "properties": {
        "id": "199081",
        "name": "Налібоцкая",
        "type": "trolleybus"
      }
    },
    {
      "type": "Feature",
      "geometry": {
        "type": "Point",
        "coordinates": [
          27.431324,
          53.926495
        ]
      },
      "properties": {
        "id": "147047",
        "name": "Налібоцкая",
        "type": "trolleybus"
      }
    },
    {
      "type": "Feature",
      "geometry": {
        "type": "Point",
        "coordinates": [
          27.42915,
          53.922535
        ]
      },
      "properties": {
        "id": "147007",
        "name": "Лідская",
        "type": "bus"
      }
    },
    {
      "type": "Feature",
      "geometry": {
        "type": "Point",
        "coordinates": [
          27.428097,
          53.921455
        ]
      },
      "properties": {
        "id": "147006",
        "name": "Лідская",
        "type": "trolleybus"
      }
    },
    {
      "type": "Feature",
      "geometry": {
        "type": "Point",
        "coordinates": [
          27.425542,
          53.930167
        ]
      },
      "properties": {
        "id": "133381",
        "name": "Каменная Горка-4",
        "type": "trolleybus"
      }
    },
    {
      "type": "Feature",
      "geometry": {
        "type": "Point",
        "coordinates": [
          27.441101,
          53.932355
        ]
      },
      "properties": {
        "id": "133413",
        "name": "Паліклініка №40",
        "type": "trolleybus"
      }
    },
    {
      "type": "Feature",
      "geometry": {
        "type": "Point",
        "coordinates": [
          27.439794,
          53.933033
        ]
      },
      "properties": {
        "id": "133414",
        "name": "Паліклініка №40",
        "type": "trolleybus"
      }
    },
    {
      "type": "Feature",
      "geometry": {
        "type": "Point",
        "coordinates": [
          27.444935,
          53.931549
        ]
      },
      "properties": {
        "id": "230014",
        "name": "Каменная Горка-3",
        "type": "trolleybus"
      }
    },
    {
      "type": "Feature",
      "geometry": {
        "type": "Point",
        "coordinates": [
          27.428413,
          53.916232
        ]
      },
      "properties": {
        "id": "72403",
        "name": "Казіміраўская",
        "type": "bus"
      }
    },
    {
      "type": "Feature",
      "geometry": {
        "type": "Point",
        "coordinates": [
          27.426932,
          53.915819
        ]
      },
      "properties": {
        "id": "72615",
        "name": "Казіміраўская",
        "type": "bus"
      }
    },
    {
      "type": "Feature",
      "geometry": {
        "type": "Point",
        "coordinates": [
          27.427693,
          53.91719
        ]
      },
      "properties": {
        "id": "151194",
        "name": "Казіміраўская",
        "type": "trolleybus"
      }
    },
    {
      "type": "Feature",
      "geometry": {
        "type": "Point",
        "coordinates": [
          27.438262,
          53.915926
        ]
      },
      "properties": {
        "id": "15553",
        "name": "ДС Кунцаўшчына",
        "type": "bus"
      }
    },
    {
      "type": "Feature",
      "geometry": {
        "type": "Point",
        "coordinates": [
          27.435615,
          53.91629
        ]
      },
      "properties": {
        "id": "15522",
        "name": "ДС Кунцаўшчына",
        "type": "bus"
      }
    },
    {
      "type": "Feature",
      "geometry": {
        "type": "Point",
        "coordinates": [
          27.426333,
          53.911466
        ]
      },
      "properties": {
        "id": "72616",
        "name": "Каменная Горка-1",
        "type": "bus"
      }
    },
    {
      "type": "Feature",
      "geometry": {
        "type": "Point",
        "coordinates": [
          27.437918,
          53.906588
        ]
      },
      "properties": {
        "id": "14613",
        "name": "Станцыя метро «Каменная Горка»",
        "type": "bus"
      }
    },
    {
      "type": "Feature",
      "geometry": {
        "type": "Point",
        "coordinates": [
          27.426924,
          53.912241
        ]
      },
      "properties": {
        "id": "72406",
        "name": "Каменная Горка-1",
        "type": "bus"
      }
    },
    {
      "type": "Feature",
      "geometry": {
        "type": "Point",
        "coordinates": [
          27.425327,
          53.908455
        ]
      },
      "properties": {
        "id": "72405",
        "name": "Нёманская",
        "type": "bus"
      }
    },
    {
      "type": "Feature",
      "geometry": {
        "type": "Point",
        "coordinates": [
          27.425616,
          53.907442
        ]
      },
      "properties": {
        "id": "72617",
        "name": "Нёманская",
        "type": "bus"
      }
    },
    {
      "type": "Feature",
      "geometry": {
        "type": "Point",
        "coordinates": [
          27.423441,
          53.908277
        ]
      },
      "properties": {
        "id": "14610",
        "name": "Нёманская",
        "type": "bus"
      }
    },
    {
      "type": "Feature",
      "geometry": {
        "type": "Point",
        "coordinates": [
          27.418516,
          53.908696
        ]
      },
      "properties": {
        "id": "14612",
        "name": "Брыкета",
        "type": "bus"
      }
    },
    {
      "type": "Feature",
      "geometry": {
        "type": "Point",
        "coordinates": [
          27.419148,
          53.909036
        ]
      },
      "properties": {
        "id": "73868",
        "name": "Брыкета",
        "type": "bus"
      }
    },
    {
      "type": "Feature",
      "geometry": {
        "type": "Point",
        "coordinates": [
          27.415606,
          53.915526
        ]
      },
      "properties": {
        "id": "73865",
        "name": "Каменнагорская",
        "type": "bus"
      }
    },
    {
      "type": "Feature",
      "geometry": {
        "type": "Point",
        "coordinates": [
          27.43611,
          53.905535
        ]
      },
      "properties": {
        "id": "14867",
        "name": "Бурдзейнага",
        "type": "trolleybus"
      }
    },
    {
      "type": "Feature",
      "geometry": {
        "type": "Point",
        "coordinates": [
          27.435487,
          53.905973
        ]
      },
      "properties": {
        "id": "14868",
        "name": "Станцыя метро «Каменная Горка»",
        "type": "trolleybus"
      }
    },
    {
      "type": "Feature",
      "geometry": {
        "type": "Point",
        "coordinates": [
          27.436332,
          53.908135
        ]
      },
      "properties": {
        "id": "14600",
        "name": "Станцыя метро «Каменная Горка»",
        "type": "trolleybus"
      }
    },
    {
      "type": "Feature",
      "geometry": {
        "type": "Point",
        "coordinates": [
          27.460853,
          53.934062
        ]
      },
      "properties": {
        "id": "5194589885",
        "name": "Іллянская",
        "type": "bus"
      }
    },
    {
      "type": "Feature",
      "geometry": {
        "type": "Point",
        "coordinates": [
          27.462859,
          53.935287
        ]
      },
      "properties": {
        "id": "5194589886",
        "name": "Іллянская",
        "type": "bus"
      }
    },
    {
      "type": "Feature",
      "geometry": {
        "type": "Point",
        "coordinates": [
          27.450844,
          53.924714
        ]
      },
      "properties": {
        "id": "188137",
        "name": "Дамброўка-5",
        "type": "bus"
      }
    },
    {
      "type": "Feature",
      "geometry": {
        "type": "Point",
        "coordinates": [
          27.452098,
          53.924008
        ]
      },
      "properties": {
        "id": "188136",
        "name": "Дамброўка-5",
        "type": "bus"
      }
    },
    {
      "type": "Feature",
      "geometry": {
        "type": "Point",
        "coordinates": [
          27.456859,
          53.922139
        ]
      },
      "properties": {
        "id": "188138",
        "name": "Дамброўка-6",
        "type": "bus"
      }
    },
    {
      "type": "Feature",
      "geometry": {
        "type": "Point",
        "coordinates": [
          27.464008,
          53.920113
        ]
      },
      "properties": {
        "id": "188140",
        "name": "Чычурына",
        "type": "bus"
      }
    },
    {
      "type": "Feature",
      "geometry": {
        "type": "Point",
        "coordinates": [
          27.440834,
          53.916275
        ]
      },
      "properties": {
        "id": "15521",
        "name": "Матусевіча, 88",
        "type": "bus"
      }
    },
    {
      "type": "Feature",
      "geometry": {
        "type": "Point",
        "coordinates": [
          27.442379,
          53.91623
        ]
      },
      "properties": {
        "id": "15554",
        "name": "Матусевіча, 88",
        "type": "bus"
      }
    },
    {
      "type": "Feature",
      "geometry": {
        "type": "Point",
        "coordinates": [
          27.449308,
          53.917155
        ]
      },
      "properties": {
        "id": "15555",
        "name": "Гаражы",
        "type": "bus"
      }
    },
    {
      "type": "Feature",
      "geometry": {
        "type": "Point",
        "coordinates": [
          27.450454,
          53.917565
        ]
      },
      "properties": {
        "id": "58331",
        "name": "Гаражы",
        "type": "bus"
      }
    },
    {
      "type": "Feature",
      "geometry": {
        "type": "Point",
        "coordinates": [
          27.449817,
          53.918221
        ]
      },
      "properties": {
        "id": "71956",
        "name": "Гаражы",
        "type": "bus"
      }
    },
    {
      "type": "Feature",
      "geometry": {
        "type": "Point",
        "coordinates": [
          27.45523,
          53.91757
        ]
      },
      "properties": {
        "id": "72951",
        "name": "Аладавых",
        "type": "bus"
      }
    },
    {
      "type": "Feature",
      "geometry": {
        "type": "Point",
        "coordinates": [
          27.456691,
          53.916956
        ]
      },
      "properties": {
        "id": "72952",
        "name": "Аладавых",
        "type": "bus"
      }
    },
    {
      "type": "Feature",
      "geometry": {
        "type": "Point",
        "coordinates": [
          27.463642,
          53.915811
        ]
      },
      "properties": {
        "id": "15517",
        "name": "Тонкасуконны камбінат",
        "type": "bus"
      }
    },
    {
      "type": "Feature",
      "geometry": {
        "type": "Point",
        "coordinates": [
          27.462249,
          53.916455
        ]
      },
      "properties": {
        "id": "15519",
        "name": "Тонкасуконны камбінат",
        "type": "bus"
      }
    },
    {
      "type": "Feature",
      "geometry": {
        "type": "Point",
        "coordinates": [
          27.451495,
          53.904533
        ]
      },
      "properties": {
        "id": "14863",
        "name": "Якубоўскага",
        "type": "bus"
      }
    },
    {
      "type": "Feature",
      "geometry": {
        "type": "Point",
        "coordinates": [
          27.454173,
          53.898524
        ]
      },
      "properties": {
        "id": "15192",
        "name": "Паліклініка №2",
        "type": "bus"
      }
    },
    {
      "type": "Feature",
      "geometry": {
        "type": "Point",
        "coordinates": [
          27.451892,
          53.898947
        ]
      },
      "properties": {
        "id": "14882",
        "name": "Паліклініка №2",
        "type": "bus"
      }
    },
    {
      "type": "Feature",
      "geometry": {
        "type": "Point",
        "coordinates": [
          27.452606,
          53.898265
        ]
      },
      "properties": {
        "id": "14884",
        "name": "Паліклініка №2",
        "type": "bus"
      }
    },
    {
      "type": "Feature",
      "geometry": {
        "type": "Point",
        "coordinates": [
          27.453288,
          53.899382
        ]
      },
      "properties": {
        "id": "14860",
        "name": "Паліклініка №2",
        "type": "bus"
      }
    },
    {
      "type": "Feature",
      "geometry": {
        "type": "Point",
        "coordinates": [
          27.462599,
          53.899376
        ]
      },
      "properties": {
        "id": "14859",
        "name": "Адзінцова",
        "type": "bus"
      }
    },
    {
      "type": "Feature",
      "geometry": {
        "type": "Point",
        "coordinates": [
          27.472797,
          53.901652
        ]
      },
      "properties": {
        "id": "14854",
        "name": "Еўфрасінні Полацкай",
        "type": "bus"
      }
    },
    {
      "type": "Feature",
      "geometry": {
        "type": "Point",
        "coordinates": [
          27.473629,
          53.893623
        ]
      },
      "properties": {
        "id": "15163",
        "name": "Кірэенкі",
        "type": "bus"
      }
    },
    {
      "type": "Feature",
      "geometry": {
        "type": "Point",
        "coordinates": [
          27.471518,
          53.893908
        ]
      },
      "properties": {
        "id": "54292",
        "name": "Кірэенкі",
        "type": "bus"
      }
    },
    {
      "type": "Feature",
      "geometry": {
        "type": "Point",
        "coordinates": [
          27.461887,
          53.893229
        ]
      },
      "properties": {
        "id": "15134",
        "name": "Мядзвежына",
        "type": "bus"
      }
    },
    {
      "type": "Feature",
      "geometry": {
        "type": "Point",
        "coordinates": [
          27.428148,
          53.901056
        ]
      },
      "properties": {
        "id": "15178",
        "name": "Валожынская",
        "type": "trolleybus"
      }
    },
    {
      "type": "Feature",
      "geometry": {
        "type": "Point",
        "coordinates": [
          27.426563,
          53.901345
        ]
      },
      "properties": {
        "id": "14890",
        "name": "Валожынская",
        "type": "trolleybus"
      }
    },
    {
      "type": "Feature",
      "geometry": {
        "type": "Point",
        "coordinates": [
          27.424553,
          53.901113
        ]
      },
      "properties": {
        "id": "14893",
        "name": "Красны Бор",
        "type": "trolleybus"
      }
    },
    {
      "type": "Feature",
      "geometry": {
        "type": "Point",
        "coordinates": [
          27.422897,
          53.898911
        ]
      },
      "properties": {
        "id": "14891",
        "name": "Чырвоны бор",
        "type": "trolleybus"
      }
    },
    {
      "type": "Feature",
      "geometry": {
        "type": "Point",
        "coordinates": [
          27.423304,
          53.896494
        ]
      },
      "properties": {
        "id": "15177",
        "name": "Парк Дзівівелка",
        "type": "trolleybus"
      }
    },
    {
      "type": "Feature",
      "geometry": {
        "type": "Point",
        "coordinates": [
          27.422847,
          53.895297
        ]
      },
      "properties": {
        "id": "58360",
        "name": "Парк Дзівівелка",
        "type": "trolleybus"
      }
    },
    {
      "type": "Feature",
      "geometry": {
        "type": "Point",
        "coordinates": [
          27.421877,
          53.896049
        ]
      },
      "properties": {
        "id": "73662",
        "name": "Парк Дзівівелка",
        "type": "trolleybus"
      }
    },
    {
      "type": "Feature",
      "geometry": {
        "type": "Point",
        "coordinates": [
          27.435126,
          53.896296
        ]
      },
      "properties": {
        "id": "14877",
        "name": "Мазурава",
        "type": "trolleybus"
      }
    },
    {
      "type": "Feature",
      "geometry": {
        "type": "Point",
        "coordinates": [
          27.435188,
          53.904253
        ]
      },
      "properties": {
        "id": "14869",
        "name": "Бурдзейнага",
        "type": "trolleybus"
      }
    },
    {
      "type": "Feature",
      "geometry": {
        "type": "Point",
        "coordinates": [
          27.434228,
          53.900999
        ]
      },
      "properties": {
        "id": "14889",
        "name": "Захад-3",
        "type": "trolleybus"
      }
    },
    {
      "type": "Feature",
      "geometry": {
        "type": "Point",
        "coordinates": [
          27.436206,
          53.899708
        ]
      },
      "properties": {
        "id": "72620",
        "name": "ДС Захад-3",
        "type": "bus"
      }
    },
    {
      "type": "Feature",
      "geometry": {
        "type": "Point",
        "coordinates": [
          27.436343,
          53.900613
        ]
      },
      "properties": {
        "id": "15170",
        "name": "Захад-3",
        "type": "trolleybus"
      }
    },
    {
      "type": "Feature",
      "geometry": {
        "type": "Point",
        "coordinates": [
          27.438699,
          53.900275
        ]
      },
      "properties": {
        "id": "69517",
        "name": "ДС Захад-3",
        "type": "bus"
      }
    },
    {
      "type": "Feature",
      "geometry": {
        "type": "Point",
        "coordinates": [
          27.436709,
          53.904703
        ]
      },
      "properties": {
        "id": "14879",
        "name": "Бурдзейнага",
        "type": "bus"
      }
    },
    {
      "type": "Feature",
      "geometry": {
        "type": "Point",
        "coordinates": [
          27.424365,
          53.880378
        ]
      },
      "properties": {
        "id": "73320",
        "name": "Акадэміка Фёдарава",
        "type": "bus"
      }
    },
    {
      "type": "Feature",
      "geometry": {
        "type": "Point",
        "coordinates": [
          27.424937,
          53.880975
        ]
      },
      "properties": {
        "id": "58348",
        "name": "Акадэміка Фёдарава",
        "type": "bus"
      }
    },
    {
      "type": "Feature",
      "geometry": {
        "type": "Point",
        "coordinates": [
          27.424218,
          53.881428
        ]
      },
      "properties": {
        "id": "15144",
        "name": "Акадэміка Фёдарава",
        "type": "bus"
      }
    },
    {
      "type": "Feature",
      "geometry": {
        "type": "Point",
        "coordinates": [
          27.418755,
          53.881928
        ]
      },
      "properties": {
        "id": "15143",
        "name": "Пімена Панчанкі",
        "type": "bus"
      }
    },
    {
      "type": "Feature",
      "geometry": {
        "type": "Point",
        "coordinates": [
          27.418403,
          53.882989
        ]
      },
      "properties": {
        "id": "58347",
        "name": "Пімена Панчанкі",
        "type": "bus"
      }
    },
    {
      "type": "Feature",
      "geometry": {
        "type": "Point",
        "coordinates": [
          27.415333,
          53.889376
        ]
      },
      "properties": {
        "id": "73665",
        "name": "Аўтастаянка",
        "type": "bus"
      }
    },
    {
      "type": "Feature",
      "geometry": {
        "type": "Point",
        "coordinates": [
          27.415289,
          53.892251
        ]
      },
      "properties": {
        "id": "73664",
        "name": "ДС Сухарава-5",
        "type": "bus"
      }
    },
    {
      "type": "Feature",
      "geometry": {
        "type": "Point",
        "coordinates": [
          27.416982,
          53.895165
        ]
      },
      "properties": {
        "id": "71996",
        "name": "Пімена Панчанкі, 80",
        "type": "bus"
      }
    },
    {
      "type": "Feature",
      "geometry": {
        "type": "Point",
        "coordinates": [
          27.421204,
          53.887545
        ]
      },
      "properties": {
        "id": "15141",
        "name": "Скрыпнікава",
        "type": "bus"
      }
    },
    {
      "type": "Feature",
      "geometry": {
        "type": "Point",
        "coordinates": [
          27.423039,
          53.887611
        ]
      },
      "properties": {
        "id": "58340",
        "name": "Скрыпнікава",
        "type": "bus"
      }
    },
    {
      "type": "Feature",
      "geometry": {
        "type": "Point",
        "coordinates": [
          27.422302,
          53.888062
        ]
      },
      "properties": {
        "id": "73484",
        "name": "Скрыпнікава",
        "type": "trolleybus"
      }
    },
    {
      "type": "Feature",
      "geometry": {
        "type": "Point",
        "coordinates": [
          27.421063,
          53.890848
        ]
      },
      "properties": {
        "id": "58362",
        "name": "Мікрараён Сухарава-4",
        "type": "trolleybus"
      }
    },
    {
      "type": "Feature",
      "geometry": {
        "type": "Point",
        "coordinates": [
          27.430556,
          53.881144
        ]
      },
      "properties": {
        "id": "15156",
        "name": "Мікрараён Сухарава-2",
        "type": "bus"
      }
    },
    {
      "type": "Feature",
      "geometry": {
        "type": "Point",
        "coordinates": [
          27.430875,
          53.883415
        ]
      },
      "properties": {
        "id": "15174",
        "name": "Лабанка, 99",
        "type": "bus"
      }
    },
    {
      "type": "Feature",
      "geometry": {
        "type": "Point",
        "coordinates": [
          27.430757,
          53.884342
        ]
      },
      "properties": {
        "id": "15152",
        "name": "Лабанка, 99",
        "type": "bus"
      }
    },
    {
      "type": "Feature",
      "geometry": {
        "type": "Point",
        "coordinates": [
          27.429059,
          53.887093
        ]
      },
      "properties": {
        "id": "15173",
        "name": "Лабанка",
        "type": "bus"
      }
    },
    {
      "type": "Feature",
      "geometry": {
        "type": "Point",
        "coordinates": [
          27.431981,
          53.881895
        ]
      },
      "properties": {
        "id": "15151",
        "name": "Мікрараён Сухарава-2",
        "type": "bus"
      }
    },
    {
      "type": "Feature",
      "geometry": {
        "type": "Point",
        "coordinates": [
          27.43008,
          53.887628
        ]
      },
      "properties": {
        "id": "15153",
        "name": "Лабанка",
        "type": "bus"
      }
    },
    {
      "type": "Feature",
      "geometry": {
        "type": "Point",
        "coordinates": [
          27.42754,
          53.888274
        ]
      },
      "properties": {
        "id": "15140",
        "name": "Лабанка",
        "type": "bus"
      }
    },
    {
      "type": "Feature",
      "geometry": {
        "type": "Point",
        "coordinates": [
          27.428614,
          53.888807
        ]
      },
      "properties": {
        "id": "15175",
        "name": "Лабанка",
        "type": "bus"
      }
    },
    {
      "type": "Feature",
      "geometry": {
        "type": "Point",
        "coordinates": [
          27.440729,
          53.882241
        ]
      },
      "properties": {
        "id": "15158",
        "name": "Сухараўская",
        "type": "bus"
      }
    },
    {
      "type": "Feature",
      "geometry": {
        "type": "Point",
        "coordinates": [
          27.439353,
          53.882728
        ]
      },
      "properties": {
        "id": "15138",
        "name": "Сухараўская",
        "type": "bus"
      }
    },
    {
      "type": "Feature",
      "geometry": {
        "type": "Point",
        "coordinates": [
          27.436422,
          53.886406
        ]
      },
      "properties": {
        "id": "15139",
        "name": "Паліклініка №10",
        "type": "bus"
      }
    },
    {
      "type": "Feature",
      "geometry": {
        "type": "Point",
        "coordinates": [
          27.437531,
          53.885379
        ]
      },
      "properties": {
        "id": "15154",
        "name": "Паліклініка №10",
        "type": "bus"
      }
    },
    {
      "type": "Feature",
      "geometry": {
        "type": "Point",
        "coordinates": [
          27.43827,
          53.882077
        ]
      },
      "properties": {
        "id": "15155",
        "name": "Сухараўская",
        "type": "bus"
      }
    },
    {
      "type": "Feature",
      "geometry": {
        "type": "Point",
        "coordinates": [
          27.462519,
          53.87604
        ]
      },
      "properties": {
        "id": "211244",
        "name": "Рыгора Шырмы",
        "type": "trolleybus"
      }
    },
    {
      "type": "Feature",
      "geometry": {
        "type": "Point",
        "coordinates": [
          27.461095,
          53.877154
        ]
      },
      "properties": {
        "id": "211243",
        "name": "Рыгора Шырмы",
        "type": "trolleybus"
      }
    },
    {
      "type": "Feature",
      "geometry": {
        "type": "Point",
        "coordinates": [
          27.453979,
          53.88092
        ]
      },
      "properties": {
        "id": "58336",
        "name": "Янкоўскага",
        "type": "trolleybus"
      }
    },
    {
      "type": "Feature",
      "geometry": {
        "type": "Point",
        "coordinates": [
          27.448394,
          53.884061
        ]
      },
      "properties": {
        "id": "58335",
        "name": "Максіма Гарэцкага",
        "type": "trolleybus"
      }
    },
    {
      "type": "Feature",
      "geometry": {
        "type": "Point",
        "coordinates": [
          27.442304,
          53.888582
        ]
      },
      "properties": {
        "id": "14873",
        "name": "Чайлыткі",
        "type": "trolleybus"
      }
    },
    {
      "type": "Feature",
      "geometry": {
        "type": "Point",
        "coordinates": [
          27.437695,
          53.891827
        ]
      },
      "properties": {
        "id": "14872",
        "name": "Мікрараён Сухарава-3",
        "type": "trolleybus"
      }
    },
    {
      "type": "Feature",
      "geometry": {
        "type": "Point",
        "coordinates": [
          27.436686,
          53.892602
        ]
      },
      "properties": {
        "id": "14876",
        "name": "Мікрараён Сухарава-3",
        "type": "trolleybus"
      }
    },
    {
      "type": "Feature",
      "geometry": {
        "type": "Point",
        "coordinates": [
          27.446663,
          53.884278
        ]
      },
      "properties": {
        "id": "15137",
        "name": "Максіма Гарэцкага",
        "type": "bus"
      }
    },
    {
      "type": "Feature",
      "geometry": {
        "type": "Point",
        "coordinates": [
          27.454231,
          53.875573
        ]
      },
      "properties": {
        "id": "205012",
        "name": "Юрыя Семянякі, 28",
        "type": "bus"
      }
    },
    {
      "type": "Feature",
      "geometry": {
        "type": "Point",
        "coordinates": [
          27.452399,
          53.876352
        ]
      },
      "properties": {
        "id": "211246",
        "name": "Юрыя Семянякі, 28",
        "type": "bus"
      }
    },
    {
      "type": "Feature",
      "geometry": {
        "type": "Point",
        "coordinates": [
          27.448259,
          53.876813
        ]
      },
      "properties": {
        "id": "205011",
        "name": "Акадэміка Карскага",
        "type": "bus"
      }
    },
    {
      "type": "Feature",
      "geometry": {
        "type": "Point",
        "coordinates": [
          27.481399,
          53.877859
        ]
      },
      "properties": {
        "id": "73042",
        "name": "Льва Сапегі",
        "type": "bus"
      }
    },
    {
      "type": "Feature",
      "geometry": {
        "type": "Point",
        "coordinates": [
          27.479509,
          53.877057
        ]
      },
      "properties": {
        "id": "73043",
        "name": "Льва Сапегі",
        "type": "bus"
      }
    },
    {
      "type": "Feature",
      "geometry": {
        "type": "Point",
        "coordinates": [
          27.479652,
          53.877536
        ]
      },
      "properties": {
        "id": "205260",
        "name": "Льва Сапегі",
        "type": "bus"
      }
    },
    {
      "type": "Feature",
      "geometry": {
        "type": "Point",
        "coordinates": [
          27.476534,
          53.877242
        ]
      },
      "properties": {
        "id": "205261",
        "name": "Астрожскіх",
        "type": "bus"
      }
    },
    {
      "type": "Feature",
      "geometry": {
        "type": "Point",
        "coordinates": [
          27.472939,
          53.87772
        ]
      },
      "properties": {
        "id": "277140",
        "name": "Міхалова-2",
        "type": "bus"
      }
    },
    {
      "type": "Feature",
      "geometry": {
        "type": "Point",
        "coordinates": [
          27.484192,
          53.864773
        ]
      },
      "properties": {
        "id": "15569",
        "name": "Станцыя метро «Пятроўшчына»",
        "type": "bus"
      }
    },
    {
      "type": "Feature",
      "geometry": {
        "type": "Point",
        "coordinates": [
          27.486446,
          53.863447
        ]
      },
      "properties": {
        "id": "72368",
        "name": "Станцыя метро «Пятроўшчына»",
        "type": "bus"
      }
    },
    {
      "type": "Feature",
      "geometry": {
        "type": "Point",
        "coordinates": [
          27.494272,
          53.868972
        ]
      },
      "properties": {
        "id": "15686",
        "name": "Чыгуначная",
        "type": "bus"
      }
    },
    {
      "type": "Feature",
      "geometry": {
        "type": "Point",
        "coordinates": [
          27.476795,
          53.872437
        ]
      },
      "properties": {
        "id": "71807",
        "name": "Праспект Газеты Звязда",
        "type": "bus"
      }
    },
    {
      "type": "Feature",
      "geometry": {
        "type": "Point",
        "coordinates": [
          27.467221,
          53.873477
        ]
      },
      "properties": {
        "id": "15647",
        "name": "Рафіева",
        "type": "bus"
      }
    },
    {
      "type": "Feature",
      "geometry": {
        "type": "Point",
        "coordinates": [
          27.465584,
          53.873587
        ]
      },
      "properties": {
        "id": "15640",
        "name": "Рафіева",
        "type": "bus"
      }
    },
    {
      "type": "Feature",
      "geometry": {
        "type": "Point",
        "coordinates": [
          27.465216,
          53.874997
        ]
      },
      "properties": {
        "id": "58341",
        "name": "Рафіева",
        "type": "trolleybus"
      }
    },
    {
      "type": "Feature",
      "geometry": {
        "type": "Point",
        "coordinates": [
          27.461031,
          53.870435
        ]
      },
      "properties": {
        "id": "15645",
        "name": "ДС Паўднёвы Захад",
        "type": "bus"
      }
    },
    {
      "type": "Feature",
      "geometry": {
        "type": "Point",
        "coordinates": [
          27.459342,
          53.869598
        ]
      },
      "properties": {
        "id": "15641",
        "name": "ДС Паўднёвы Захад",
        "type": "bus"
      }
    },
    {
      "type": "Feature",
      "geometry": {
        "type": "Point",
        "coordinates": [
          27.463862,
          53.868026
        ]
      },
      "properties": {
        "id": "15659",
        "name": "Гімназія №10",
        "type": "bus"
      }
    },
    {
      "type": "Feature",
      "geometry": {
        "type": "Point",
        "coordinates": [
          27.468586,
          53.866161
        ]
      },
      "properties": {
        "id": "200002",
        "name": "Маскоўскі рынак",
        "type": "bus"
      }
    },
    {
      "type": "Feature",
      "geometry": {
        "type": "Point",
        "coordinates": [
          27.481808,
          53.865745
        ]
      },
      "properties": {
        "id": "15652",
        "name": "ГЦ «Кірмаш»",
        "type": "bus"
      }
    },
    {
      "type": "Feature",
      "geometry": {
        "type": "Point",
        "coordinates": [
          27.469902,
          53.858848
        ]
      },
      "properties": {
        "id": "15573",
        "name": "Паўднёвы Захад-2",
        "type": "bus"
      }
    },
    {
      "type": "Feature",
      "geometry": {
        "type": "Point",
        "coordinates": [
          27.465934,
          53.859644
        ]
      },
      "properties": {
        "id": "15574",
        "name": "Універсам «Брэст»",
        "type": "bus"
      }
    },
    {
      "type": "Feature",
      "geometry": {
        "type": "Point",
        "coordinates": [
          27.464201,
          53.860506
        ]
      },
      "properties": {
        "id": "14934",
        "name": "Універсам «Брэст»",
        "type": "bus"
      }
    },
    {
      "type": "Feature",
      "geometry": {
        "type": "Point",
        "coordinates": [
          27.460841,
          53.861186
        ]
      },
      "properties": {
        "id": "15575",
        "name": "Курган",
        "type": "bus"
      }
    },
    {
      "type": "Feature",
      "geometry": {
        "type": "Point",
        "coordinates": [
          27.456377,
          53.863275
        ]
      },
      "properties": {
        "id": "15576",
        "name": "Паўднёвы Захад-3",
        "type": "bus"
      }
    },
    {
      "type": "Feature",
      "geometry": {
        "type": "Point",
        "coordinates": [
          27.45759,
          53.862297
        ]
      },
      "properties": {
        "id": "15591",
        "name": "Паўднёвы Захад-3",
        "type": "bus"
      }
    },
    {
      "type": "Feature",
      "geometry": {
        "type": "Point",
        "coordinates": [
          27.465137,
          53.856346
        ]
      },
      "properties": {
        "id": "14938",
        "name": "Бялецкага, 6",
        "type": "bus"
      }
    },
    {
      "type": "Feature",
      "geometry": {
        "type": "Point",
        "coordinates": [
          27.455358,
          53.85769
        ]
      },
      "properties": {
        "id": "14939",
        "name": "Кандрата Крапівы",
        "type": "bus"
      }
    },
    {
      "type": "Feature",
      "geometry": {
        "type": "Point",
        "coordinates": [
          27.452738,
          53.858793
        ]
      },
      "properties": {
        "id": "14943",
        "name": "Малінаўка-3",
        "type": "bus"
      }
    },
    {
      "type": "Feature",
      "geometry": {
        "type": "Point",
        "coordinates": [
          27.452134,
          53.8593
        ]
      },
      "properties": {
        "id": "14940",
        "name": "Малінаўка-3",
        "type": "bus"
      }
    },
    {
      "type": "Feature",
      "geometry": {
        "type": "Point",
        "coordinates": [
          27.448154,
          53.86263
        ]
      },
      "properties": {
        "id": "50999",
        "name": "Бялецкага",
        "type": "bus"
      }
    },
    {
      "type": "Feature",
      "geometry": {
        "type": "Point",
        "coordinates": [
          27.44857,
          53.863196
        ]
      },
      "properties": {
        "id": "62252",
        "name": "Бялецкага",
        "type": "bus"
      }
    },
    {
      "type": "Feature",
      "geometry": {
        "type": "Point",
        "coordinates": [
          27.447147,
          53.863218
        ]
      },
      "properties": {
        "id": "62434",
        "name": "Бялецкага",
        "type": "bus"
      }
    },
    {
      "type": "Feature",
      "geometry": {
        "type": "Point",
        "coordinates": [
          27.452502,
          53.8645
        ]
      },
      "properties": {
        "id": "15577",
        "name": "Праспект Любімава",
        "type": "bus"
      }
    },
    {
      "type": "Feature",
      "geometry": {
        "type": "Point",
        "coordinates": [
          27.454408,
          53.865276
        ]
      },
      "properties": {
        "id": "15643",
        "name": "Праспект Любімава",
        "type": "bus"
      }
    },
    {
      "type": "Feature",
      "geometry": {
        "type": "Point",
        "coordinates": [
          27.455881,
          53.866728
        ]
      },
      "properties": {
        "id": "15642",
        "name": "Яблыневы сад",
        "type": "bus"
      }
    },
    {
      "type": "Feature",
      "geometry": {
        "type": "Point",
        "coordinates": [
          27.490866,
          53.852803
        ]
      },
      "properties": {
        "id": "16058841",
        "name": "Некрашэвіча",
        "type": "bus"
      }
    },
    {
      "type": "Feature",
      "geometry": {
        "type": "Point",
        "coordinates": [
          27.47932,
          53.857094
        ]
      },
      "properties": {
        "id": "69034",
        "name": "Студэнцкая вёска",
        "type": "bus"
      }
    },
    {
      "type": "Feature",
      "geometry": {
        "type": "Point",
        "coordinates": [
          27.476937,
          53.857753
        ]
      },
      "properties": {
        "id": "69018",
        "name": "Студэнцкая вёска",
        "type": "bus"
      }
    },
    {
      "type": "Feature",
      "geometry": {
        "type": "Point",
        "coordinates": [
          27.475435,
          53.857729
        ]
      },
      "properties": {
        "id": "69269",
        "name": "Парк Паўлава",
        "type": "bus"
      }
    },
    {
      "type": "Feature",
      "geometry": {
        "type": "Point",
        "coordinates": [
          27.475565,
          53.852668
        ]
      },
      "properties": {
        "id": "14912",
        "name": "Ежы Гедройца",
        "type": "bus"
      }
    },
    {
      "type": "Feature",
      "geometry": {
        "type": "Point",
        "coordinates": [
          27.476692,
          53.853885
        ]
      },
      "properties": {
        "id": "15857",
        "name": "Ежы Гедройца",
        "type": "bus"
      }
    },
    {
      "type": "Feature",
      "geometry": {
        "type": "Point",
        "coordinates": [
          27.435088,
          53.852819
        ]
      },
      "properties": {
        "id": "14954",
        "name": "Магазін",
        "type": "bus"
      }
    },
    {
      "type": "Feature",
      "geometry": {
        "type": "Point",
        "coordinates": [
          27.434505,
          53.85369
        ]
      },
      "properties": {
        "id": "14948",
        "name": "Магазін",
        "type": "bus"
      }
    },
    {
      "type": "Feature",
      "geometry": {
        "type": "Point",
        "coordinates": [
          27.439007,
          53.850422
        ]
      },
      "properties": {
        "id": "14947",
        "name": "Малінаўка-6",
        "type": "bus"
      }
    },
    {
      "type": "Feature",
      "geometry": {
        "type": "Point",
        "coordinates": [
          27.440126,
          53.849468
        ]
      },
      "properties": {
        "id": "14955",
        "name": "Малінаўка-6",
        "type": "bus"
      }
    },
    {
      "type": "Feature",
      "geometry": {
        "type": "Point",
        "coordinates": [
          27.447709,
          53.85474
        ]
      },
      "properties": {
        "id": "14932",
        "name": "Громава",
        "type": "bus"
      }
    },
    {
      "type": "Feature",
      "geometry": {
        "type": "Point",
        "coordinates": [
          27.447291,
          53.853752
        ]
      },
      "properties": {
        "id": "14986",
        "name": "Громава",
        "type": "bus"
      }
    },
    {
      "type": "Feature",
      "geometry": {
        "type": "Point",
        "coordinates": [
          27.4459,
          53.854877
        ]
      },
      "properties": {
        "id": "14978",
        "name": "Громава",
        "type": "bus"
      }
    },
    {
      "type": "Feature",
      "geometry": {
        "type": "Point",
        "coordinates": [
          27.44344,
          53.858427
        ]
      },
      "properties": {
        "id": "14985",
        "name": "Школа № 209",
        "type": "bus"
      }
    },
    {
      "type": "Feature",
      "geometry": {
        "type": "Point",
        "coordinates": [
          27.443863,
          53.859316
        ]
      },
      "properties": {
        "id": "14979",
        "name": "Школа № 209",
        "type": "bus"
      }
    },
    {
      "type": "Feature",
      "geometry": {
        "type": "Point",
        "coordinates": [
          27.443338,
          53.861741
        ]
      },
      "properties": {
        "id": "14984",
        "name": "Паліклініка №25",
        "type": "bus"
      }
    },
    {
      "type": "Feature",
      "geometry": {
        "type": "Point",
        "coordinates": [
          27.442688,
          53.863039
        ]
      },
      "properties": {
        "id": "15579",
        "name": "Паліклініка №25",
        "type": "bus"
      }
    },
    {
      "type": "Feature",
      "geometry": {
        "type": "Point",
        "coordinates": [
          27.442209,
          53.862287
        ]
      },
      "properties": {
        "id": "14980",
        "name": "Паліклініка №25",
        "type": "bus"
      }
    },
    {
      "type": "Feature",
      "geometry": {
        "type": "Point",
        "coordinates": [
          27.43739,
          53.859642
        ]
      },
      "properties": {
        "id": "14983",
        "name": "Малінаўка-5",
        "type": "bus"
      }
    },
    {
      "type": "Feature",
      "geometry": {
        "type": "Point",
        "coordinates": [
          27.436624,
          53.85941
        ]
      },
      "properties": {
        "id": "14981",
        "name": "Малінаўка-5",
        "type": "bus"
      }
    },
    {
      "type": "Feature",
      "geometry": {
        "type": "Point",
        "coordinates": [
          27.429292,
          53.860313
        ]
      },
      "properties": {
        "id": "14952",
        "name": "Кальцавая дарога",
        "type": "bus"
      }
    },
    {
      "type": "Feature",
      "geometry": {
        "type": "Point",
        "coordinates": [
          27.429154,
          53.861287
        ]
      },
      "properties": {
        "id": "14950",
        "name": "Кальцавая дарога",
        "type": "bus"
      }
    },
    {
      "type": "Feature",
      "geometry": {
        "type": "Point",
        "coordinates": [
          27.43179,
          53.865327
        ]
      },
      "properties": {
        "id": "15583",
        "name": "Палявы",
        "type": "bus"
      }
    },
    {
      "type": "Feature",
      "geometry": {
        "type": "Point",
        "coordinates": [
          27.431586,
          53.8655
        ]
      },
      "properties": {
        "id": "15582",
        "name": "ДС Малінаўка-4",
        "type": "bus"
      }
    },
    {
      "type": "Feature",
      "geometry": {
        "type": "Point",
        "coordinates": [
          27.428237,
          53.864668
        ]
      },
      "properties": {
        "id": "15581",
        "name": "ДС Малінаўка-4",
        "type": "bus"
      }
    },
    {
      "type": "Feature",
      "geometry": {
        "type": "Point",
        "coordinates": [
          27.427768,
          53.864115
        ]
      },
      "properties": {
        "id": "147112",
        "name": "ДС Малінаўка-4",
        "type": "bus"
      }
    },
    {
      "type": "Feature",
      "geometry": {
        "type": "Point",
        "coordinates": [
          27.427482,
          53.863959
        ]
      },
      "properties": {
        "id": "14951",
        "name": "ДС Малінаўка-4",
        "type": "bus"
      }
    },
    {
      "type": "Feature",
      "geometry": {
        "type": "Point",
        "coordinates": [
          27.426864,
          53.865796
        ]
      },
      "properties": {
        "id": "133398",
        "name": "Альшанская",
        "type": "bus"
      }
    },
    {
      "type": "Feature",
      "geometry": {
        "type": "Point",
        "coordinates": [
          27.457303,
          53.844846
        ]
      },
      "properties": {
        "id": "14959",
        "name": "Малінаўка-8",
        "type": "bus"
      }
    },
    {
      "type": "Feature",
      "geometry": {
        "type": "Point",
        "coordinates": [
          27.455982,
          53.845172
        ]
      },
      "properties": {
        "id": "14916",
        "name": "Малінаўка-8",
        "type": "bus"
      }
    },
    {
      "type": "Feature",
      "geometry": {
        "type": "Point",
        "coordinates": [
          27.455213,
          53.846919
        ]
      },
      "properties": {
        "id": "14926",
        "name": "Лазнева-аздараўленчы комплекс",
        "type": "bus"
      }
    },
    {
      "type": "Feature",
      "geometry": {
        "type": "Point",
        "coordinates": [
          27.455803,
          53.84762
        ]
      },
      "properties": {
        "id": "14917",
        "name": "Лазнева-аздараўленчы комплекс",
        "type": "bus"
      }
    },
    {
      "type": "Feature",
      "geometry": {
        "type": "Point",
        "coordinates": [
          27.458046,
          53.849968
        ]
      },
      "properties": {
        "id": "14989",
        "name": "Малінаўка-1",
        "type": "bus"
      }
    },
    {
      "type": "Feature",
      "geometry": {
        "type": "Point",
        "coordinates": [
          27.456402,
          53.849788
        ]
      },
      "properties": {
        "id": "14925",
        "name": "Малінаўка-1",
        "type": "bus"
      }
    },
    {
      "type": "Feature",
      "geometry": {
        "type": "Point",
        "coordinates": [
          27.457545,
          53.850667
        ]
      },
      "properties": {
        "id": "143099",
        "name": "Малінаўка-1",
        "type": "bus"
      }
    },
    {
      "type": "Feature",
      "geometry": {
        "type": "Point",
        "coordinates": [
          27.456403,
          53.850604
        ]
      },
      "properties": {
        "id": "14976",
        "name": "Малінаўка-1",
        "type": "bus"
      }
    },
    {
      "type": "Feature",
      "geometry": {
        "type": "Point",
        "coordinates": [
          27.452712,
          53.851281
        ]
      },
      "properties": {
        "id": "14987",
        "name": "Дзіцячы сад",
        "type": "bus"
      }
    },
    {
      "type": "Feature",
      "geometry": {
        "type": "Point",
        "coordinates": [
          27.451353,
          53.851986
        ]
      },
      "properties": {
        "id": "14977",
        "name": "Дзіцячы сад",
        "type": "bus"
      }
    },
    {
      "type": "Feature",
      "geometry": {
        "type": "Point",
        "coordinates": [
          27.451415,
          53.845804
        ]
      },
      "properties": {
        "id": "14927",
        "name": "Гаражы",
        "type": "bus"
      }
    },
    {
      "type": "Feature",
      "geometry": {
        "type": "Point",
        "coordinates": [
          27.452901,
          53.845355
        ]
      },
      "properties": {
        "id": "14958",
        "name": "Гаражы",
        "type": "bus"
      }
    },
    {
      "type": "Feature",
      "geometry": {
        "type": "Point",
        "coordinates": [
          27.447927,
          53.846391
        ]
      },
      "properties": {
        "id": "14957",
        "name": "Малінаўка-7",
        "type": "bus"
      }
    },
    {
      "type": "Feature",
      "geometry": {
        "type": "Point",
        "coordinates": [
          27.446605,
          53.846995
        ]
      },
      "properties": {
        "id": "14928",
        "name": "Малінаўка-7",
        "type": "bus"
      }
    },
    {
      "type": "Feature",
      "geometry": {
        "type": "Point",
        "coordinates": [
          27.443554,
          53.847889
        ]
      },
      "properties": {
        "id": "14956",
        "name": "Слабадскі праезд",
        "type": "bus"
      }
    },
    {
      "type": "Feature",
      "geometry": {
        "type": "Point",
        "coordinates": [
          27.4424,
          53.848657
        ]
      },
      "properties": {
        "id": "14929",
        "name": "Слабадскі праезд",
        "type": "bus"
      }
    },
    {
      "type": "Feature",
      "geometry": {
        "type": "Point",
        "coordinates": [
          27.464373,
          53.851886
        ]
      },
      "properties": {
        "id": "14919",
        "name": "Касманаўтаў, 17",
        "type": "bus"
      }
    },
    {
      "type": "Feature",
      "geometry": {
        "type": "Point",
        "coordinates": [
          27.466952,
          53.853703
        ]
      },
      "properties": {
        "id": "14920",
        "name": "Дворышча",
        "type": "bus"
      }
    },
    {
      "type": "Feature",
      "geometry": {
        "type": "Point",
        "coordinates": [
          27.4735,
          53.853755
        ]
      },
      "properties": {
        "id": "14921",
        "name": "Касманаўтаў",
        "type": "bus"
      }
    },
    {
      "type": "Feature",
      "geometry": {
        "type": "Point",
        "coordinates": [
          27.472304,
          53.854222
        ]
      },
      "properties": {
        "id": "14922",
        "name": "Касманаўтаў",
        "type": "bus"
      }
    },
    {
      "type": "Feature",
      "geometry": {
        "type": "Point",
        "coordinates": [
          27.465482,
          53.849028
        ]
      },
      "properties": {
        "id": "14988",
        "name": "Універсам",
        "type": "bus"
      }
    },
    {
      "type": "Feature",
      "geometry": {
        "type": "Point",
        "coordinates": [
          27.464428,
          53.849323
        ]
      },
      "properties": {
        "id": "14975",
        "name": "Універсам",
        "type": "bus"
      }
    },
    {
      "type": "Feature",
      "geometry": {
        "type": "Point",
        "coordinates": [
          27.463719,
          53.844343
        ]
      },
      "properties": {
        "id": "14915",
        "name": "Слабадская",
        "type": "bus"
      }
    },
    {
      "type": "Feature",
      "geometry": {
        "type": "Point",
        "coordinates": [
          27.464575,
          53.844136
        ]
      },
      "properties": {
        "id": "14960",
        "name": "Слабадская",
        "type": "bus"
      }
    },
    {
      "type": "Feature",
      "geometry": {
        "type": "Point",
        "coordinates": [
          27.469558,
          53.846156
        ]
      },
      "properties": {
        "id": "14914",
        "name": "Малінаўка-9",
        "type": "bus"
      }
    },
    {
      "type": "Feature",
      "geometry": {
        "type": "Point",
        "coordinates": [
          27.469853,
          53.846914
        ]
      },
      "properties": {
        "id": "14973",
        "name": "Малінаўка-9",
        "type": "bus"
      }
    },
    {
      "type": "Feature",
      "geometry": {
        "type": "Point",
        "coordinates": [
          27.508852,
          53.89238
        ]
      },
      "properties": {
        "id": "15926",
        "name": "Карпава",
        "type": "bus"
      }
    },
    {
      "type": "Feature",
      "geometry": {
        "type": "Point",
        "coordinates": [
          27.508783,
          53.892178
        ]
      },
      "properties": {
        "id": "68958",
        "name": "Карпава",
        "type": "bus"
      }
    },
    {
      "type": "Feature",
      "geometry": {
        "type": "Point",
        "coordinates": [
          27.515218,
          53.893502
        ]
      },
      "properties": {
        "id": "15934",
        "name": "Лермантава",
        "type": "bus"
      }
    },
    {
      "type": "Feature",
      "geometry": {
        "type": "Point",
        "coordinates": [
          27.514682,
          53.893204
        ]
      },
      "properties": {
        "id": "15929",
        "name": "Лермантава",
        "type": "trolleybus"
      }
    },
    {
      "type": "Feature",
      "geometry": {
        "type": "Point",
        "coordinates": [
          27.517856,
          53.893761
        ]
      },
      "properties": {
        "id": "15930",
        "name": "Карла Лібкнехта",
        "type": "trolleybus"
      }
    },
    {
      "type": "Feature",
      "geometry": {
        "type": "Point",
        "coordinates": [
          27.520435,
          53.894384
        ]
      },
      "properties": {
        "id": "15931",
        "name": "Каржа",
        "type": "bus"
      }
    },
    {
      "type": "Feature",
      "geometry": {
        "type": "Point",
        "coordinates": [
          27.504997,
          53.891525
        ]
      },
      "properties": {
        "id": "15922",
        "name": "Сквер Палянка",
        "type": "bus"
      }
    },
    {
      "type": "Feature",
      "geometry": {
        "type": "Point",
        "coordinates": [
          27.504547,
          53.89163
        ]
      },
      "properties": {
        "id": "15924",
        "name": "Сквер Палянка",
        "type": "bus"
      }
    },
    {
      "type": "Feature",
      "geometry": {
        "type": "Point",
        "coordinates": [
          27.516666,
          53.890984
        ]
      },
      "properties": {
        "id": "15935",
        "name": "4-я бальніца",
        "type": "trolleybus"
      }
    },
    {
      "type": "Feature",
      "geometry": {
        "type": "Point",
        "coordinates": [
          27.59849,
          53.860399
        ]
      },
      "properties": {
        "id": "15356",
        "name": "Паліклініка № 18",
        "type": "tram"
      }
    },
    {
      "type": "Feature",
      "geometry": {
        "type": "Point",
        "coordinates": [
          27.597795,
          53.860061
        ]
      },
      "properties": {
        "id": "15389",
        "name": "Паліклініка № 18",
        "type": "tram"
      }
    },
    {
      "type": "Feature",
      "geometry": {
        "type": "Point",
        "coordinates": [
          27.592371,
          53.858512
        ]
      },
      "properties": {
        "id": "15388",
        "name": "Якубава",
        "type": "tram"
      }
    },
    {
      "type": "Feature",
      "geometry": {
        "type": "Point",
        "coordinates": [
          27.59165,
          53.858457
        ]
      },
      "properties": {
        "id": "15358",
        "name": "Якубава",
        "type": "tram"
      }
    },
    {
      "type": "Feature",
      "geometry": {
        "type": "Point",
        "coordinates": [
          27.595489,
          53.852583
        ]
      },
      "properties": {
        "id": "15974",
        "name": "Серабранка-3",
        "type": "tram"
      }
    },
    {
      "type": "Feature",
      "geometry": {
        "type": "Point",
        "coordinates": [
          27.597027,
          53.85056
        ]
      },
      "properties": {
        "id": "15359",
        "name": "ДС Серабранка",
        "type": "tram"
      }
    },
    {
      "type": "Feature",
      "geometry": {
        "type": "Point",
        "coordinates": [
          27.59778,
          53.849873
        ]
      },
      "properties": {
        "id": "15360",
        "name": "ДС Серабранка",
        "type": "tram"
      }
    },
    {
      "type": "Feature",
      "geometry": {
        "type": "Point",
        "coordinates": [
          27.519499,
          53.926476
        ]
      },
      "properties": {
        "id": "15084",
        "name": "Плошча Дзяржаўнага сцяга",
        "type": "bus"
      }
    },
    {
      "type": "Feature",
      "geometry": {
        "type": "Point",
        "coordinates": [
          27.532863,
          53.843735
        ]
      },
      "properties": {
        "id": "15052",
        "name": "Станцыя метро «Слуцкі Гасцінец»",
        "type": "bus"
      }
    },
    {
      "type": "Feature",
      "geometry": {
        "type": "Point",
        "coordinates": [
          27.510699,
          53.843814
        ]
      },
      "properties": {
        "id": "15047",
        "name": "Сквер Васіля Цвяткова",
        "type": "bus"
      }
    },
    {
      "type": "Feature",
      "geometry": {
        "type": "Point",
        "coordinates": [
          27.527181,
          53.843807
        ]
      },
      "properties": {
        "id": "15053",
        "name": "Завулак Каржанеўскага",
        "type": "bus"
      }
    },
    {
      "type": "Feature",
      "geometry": {
        "type": "Point",
        "coordinates": [
          27.529004,
          53.843549
        ]
      },
      "properties": {
        "id": "15050",
        "name": "Завулак Каржанеўскага",
        "type": "bus"
      }
    },
    {
      "type": "Feature",
      "geometry": {
        "type": "Point",
        "coordinates": [
          27.532624,
          53.843483
        ]
      },
      "properties": {
        "id": "15051",
        "name": "Станцыя метро «Слуцкі Гасцінец»",
        "type": "bus"
      }
    },
    {
      "type": "Feature",
      "geometry": {
        "type": "Point",
        "coordinates": [
          27.534796,
          53.844318
        ]
      },
      "properties": {
        "id": "15090",
        "name": "Станцыя метро «Слуцкі Гасцінец»",
        "type": "bus"
      }
    },
    {
      "type": "Feature",
      "geometry": {
        "type": "Point",
        "coordinates": [
          27.543681,
          53.842604
        ]
      },
      "properties": {
        "id": "15088",
        "name": "Мінскі абласны ліцэй",
        "type": "bus"
      }
    },
    {
      "type": "Feature",
      "geometry": {
        "type": "Point",
        "coordinates": [
          27.543394,
          53.842177
        ]
      },
      "properties": {
        "id": "15071",
        "name": "Мінскі абласны ліцэй",
        "type": "bus"
      }
    },
    {
      "type": "Feature",
      "geometry": {
        "type": "Point",
        "coordinates": [
          27.544337,
          53.843256
        ]
      },
      "properties": {
        "id": "15066",
        "name": "Мінскі абласны ліцэй",
        "type": "bus"
      }
    },
    {
      "type": "Feature",
      "geometry": {
        "type": "Point",
        "coordinates": [
          27.543787,
          53.84337
        ]
      },
      "properties": {
        "id": "15070",
        "name": "Мінскі абласны ліцэй",
        "type": "bus"
      }
    },
    {
      "type": "Feature",
      "geometry": {
        "type": "Point",
        "coordinates": [
          27.549147,
          53.847035
        ]
      },
      "properties": {
        "id": "15067",
        "name": "Жлобінская",
        "type": "bus"
      }
    },
    {
      "type": "Feature",
      "geometry": {
        "type": "Point",
        "coordinates": [
          27.548693,
          53.846834
        ]
      },
      "properties": {
        "id": "15069",
        "name": "Жлобінская",
        "type": "bus"
      }
    },
    {
      "type": "Feature",
      "geometry": {
        "type": "Point",
        "coordinates": [
          27.554732,
          53.851541
        ]
      },
      "properties": {
        "id": "15068",
        "name": "ДС Сярова",
        "type": "bus"
      }
    },
    {
      "type": "Feature",
      "geometry": {
        "type": "Point",
        "coordinates": [
          27.549662,
          53.851523
        ]
      },
      "properties": {
        "id": "15094",
        "name": "Універсам",
        "type": "bus"
      }
    },
    {
      "type": "Feature",
      "geometry": {
        "type": "Point",
        "coordinates": [
          27.54421,
          53.84846
        ]
      },
      "properties": {
        "id": "15093",
        "name": "Асаналіева",
        "type": "bus"
      }
    },
    {
      "type": "Feature",
      "geometry": {
        "type": "Point",
        "coordinates": [
          27.53757,
          53.84995
        ]
      },
      "properties": {
        "id": "15092",
        "name": "Станцыя метро «Немаршанскі Сад»",
        "type": "bus"
      }
    },
    {
      "type": "Feature",
      "geometry": {
        "type": "Point",
        "coordinates": [
          27.537415,
          53.850938
        ]
      },
      "properties": {
        "id": "15097",
        "name": "Станцыя метро «Немаршанскі Сад»",
        "type": "bus"
      }
    },
    {
      "type": "Feature",
      "geometry": {
        "type": "Point",
        "coordinates": [
          27.52543,
          53.844365
        ]
      },
      "properties": {
        "id": "15054",
        "name": "Каржанеўскага",
        "type": "bus"
      }
    },
    {
      "type": "Feature",
      "geometry": {
        "type": "Point",
        "coordinates": [
          27.524357,
          53.84486
        ]
      },
      "properties": {
        "id": "71466",
        "name": "Каржанеўскага",
        "type": "bus"
      }
    },
    {
      "type": "Feature",
      "geometry": {
        "type": "Point",
        "coordinates": [
          27.518577,
          53.843895
        ]
      },
      "properties": {
        "id": "15056",
        "name": "Завод «Транзістар»",
        "type": "bus"
      }
    },
    {
      "type": "Feature",
      "geometry": {
        "type": "Point",
        "coordinates": [
          27.520231,
          53.843683
        ]
      },
      "properties": {
        "id": "15049",
        "name": "Завод «Транзістар»",
        "type": "bus"
      }
    },
    {
      "type": "Feature",
      "geometry": {
        "type": "Point",
        "coordinates": [
          27.516026,
          53.843743
        ]
      },
      "properties": {
        "id": "15048",
        "name": "Завод Электроніка",
        "type": "bus"
      }
    },
    {
      "type": "Feature",
      "geometry": {
        "type": "Point",
        "coordinates": [
          27.514899,
          53.843976
        ]
      },
      "properties": {
        "id": "15057",
        "name": "Завод Электроніка",
        "type": "bus"
      }
    },
    {
      "type": "Feature",
      "geometry": {
        "type": "Point",
        "coordinates": [
          27.510039,
          53.844047
        ]
      },
      "properties": {
        "id": "15058",
        "name": "Сквер Васіля Цвяткова",
        "type": "bus"
      }
    },
    {
      "type": "Feature",
      "geometry": {
        "type": "Point",
        "coordinates": [
          27.506734,
          53.844619
        ]
      },
      "properties": {
        "id": "15059",
        "name": "Плошча Казінца",
        "type": "bus"
      }
    },
    {
      "type": "Feature",
      "geometry": {
        "type": "Point",
        "coordinates": [
          27.538387,
          53.857803
        ]
      },
      "properties": {
        "id": "51106",
        "name": "Лейтэнанта Кіжаватава",
        "type": "bus"
      }
    },
    {
      "type": "Feature",
      "geometry": {
        "type": "Point",
        "coordinates": [
          27.553819,
          53.851112
        ]
      },
      "properties": {
        "id": "69175",
        "name": "ДС Сярова",
        "type": "bus"
      }
    },
    {
      "type": "Feature",
      "geometry": {
        "type": "Point",
        "coordinates": [
          27.587072,
          53.807969
        ]
      },
      "properties": {
        "id": "191180",
        "name": "Аўтакамбінат №5",
        "type": "bus"
      }
    },
    {
      "type": "Feature",
      "geometry": {
        "type": "Point",
        "coordinates": [
          27.593339,
          53.799613
        ]
      },
      "properties": {
        "id": "15999",
        "name": "БелМагістральАўтаТранс",
        "type": "bus"
      }
    },
    {
      "type": "Feature",
      "geometry": {
        "type": "Point",
        "coordinates": [
          27.615254,
          53.865474
        ]
      },
      "properties": {
        "id": "15354",
        "name": "Гараўца",
        "type": "tram"
      }
    },
    {
      "type": "Feature",
      "geometry": {
        "type": "Point",
        "coordinates": [
          27.615248,
          53.86531
        ]
      },
      "properties": {
        "id": "15391",
        "name": "Гараўца",
        "type": "tram"
      }
    },
    {
      "type": "Feature",
      "geometry": {
        "type": "Point",
        "coordinates": [
          27.607125,
          53.862714
        ]
      },
      "properties": {
        "id": "15357",
        "name": "Праспект Ракасоўскага",
        "type": "tram"
      }
    },
    {
      "type": "Feature",
      "geometry": {
        "type": "Point",
        "coordinates": [
          27.606963,
          53.862766
        ]
      },
      "properties": {
        "id": "15355",
        "name": "Праспект Ракасоўскага",
        "type": "tram"
      }
    },
    {
      "type": "Feature",
      "geometry": {
        "type": "Point",
        "coordinates": [
          27.618694,
          53.886678
        ]
      },
      "properties": {
        "id": "54327",
        "name": "Будзёнага",
        "type": "tram"
      }
    },
    {
      "type": "Feature",
      "geometry": {
        "type": "Point",
        "coordinates": [
          27.504351,
          53.844731
        ]
      },
      "properties": {
        "id": "15027",
        "name": "Плошча Казінца",
        "type": "bus"
      }
    },
    {
      "type": "Feature",
      "geometry": {
        "type": "Point",
        "coordinates": [
          27.48441,
          53.841679
        ]
      },
      "properties": {
        "id": "15035",
        "name": "Ландэра",
        "type": "bus"
      }
    },
    {
      "type": "Feature",
      "geometry": {
        "type": "Point",
        "coordinates": [
          27.498765,
          53.83955
        ]
      },
      "properties": {
        "id": "69102",
        "name": "Ландэра",
        "type": "bus"
      }
    },
    {
      "type": "Feature",
      "geometry": {
        "type": "Point",
        "coordinates": [
          27.547602,
          53.888554
        ]
      },
      "properties": {
        "id": "5406758469",
        "name": "ДС Дружная",
        "type": "trolleybus"
      }
    },
    {
      "type": "Feature",
      "geometry": {
        "type": "Point",
        "coordinates": [
          27.495372,
          53.908518
        ]
      },
      "properties": {
        "id": "14702",
        "name": "Станцыя метро «Пушкінская»",
        "type": "bus"
      }
    },
    {
      "type": "Feature",
      "geometry": {
        "type": "Point",
        "coordinates": [
          27.495786,
          53.910836
        ]
      },
      "properties": {
        "id": "14838",
        "name": "Станцыя метро «Пушкінская»",
        "type": "bus"
      }
    },
    {
      "type": "Feature",
      "geometry": {
        "type": "Point",
        "coordinates": [
          27.481947,
          53.902721
        ]
      },
      "properties": {
        "id": "14853",
        "name": "ДС Адоеўскага",
        "type": "bus"
      }
    },
    {
      "type": "Feature",
      "geometry": {
        "type": "Point",
        "coordinates": [
          27.481487,
          53.901527
        ]
      },
      "properties": {
        "id": "15562",
        "name": "ДС Адоеўскага",
        "type": "trolleybus"
      }
    },
    {
      "type": "Feature",
      "geometry": {
        "type": "Point",
        "coordinates": [
          27.54738,
          53.889392
        ]
      },
      "properties": {
        "id": "71378",
        "name": "ДС Дружная",
        "type": "bus"
      }
    },
    {
      "type": "Feature",
      "geometry": {
        "type": "Point",
        "coordinates": [
          27.584747,
          53.891007
        ]
      },
      "properties": {
        "id": "5447904409",
        "name": "ДС Усходняя (высадка пасажыраў)",
        "type": "bus"
      }
    },
    {
      "type": "Feature",
      "geometry": {
        "type": "Point",
        "coordinates": [
          27.585115,
          53.891216
        ]
      },
      "properties": {
        "id": "15629",
        "name": "ДС Усходняя (пасадка пасажыраў)",
        "type": "bus"
      }
    },
    {
      "type": "Feature",
      "geometry": {
        "type": "Point",
        "coordinates": [
          27.619082,
          53.885737
        ]
      },
      "properties": {
        "id": "15811",
        "name": "Будзёнага",
        "type": "bus"
      }
    },
    {
      "type": "Feature",
      "geometry": {
        "type": "Point",
        "coordinates": [
          27.50018,
          53.872044
        ]
      },
      "properties": {
        "id": "132076",
        "name": "Аўтастанцыя «Паўднёва-Заходняя»",
        "type": "bus"
      }
    },
    {
      "type": "Feature",
      "geometry": {
        "type": "Point",
        "coordinates": [
          27.462667,
          53.931964
        ]
      },
      "properties": {
        "id": "14563",
        "name": "Камайская",
        "type": "bus"
      }
    },
    {
      "type": "Feature",
      "geometry": {
        "type": "Point",
        "coordinates": [
          27.659299,
          53.850121
        ]
      },
      "properties": {
        "id": "14622",
        "name": "Універсітэт грамадзянскай абароны",
        "type": "bus"
      }
    },
    {
      "type": "Feature",
      "geometry": {
        "type": "Point",
        "coordinates": [
          27.439981,
          53.900701
        ]
      },
      "properties": {
        "id": "14888",
        "name": "Гімназія № 13",
        "type": "bus"
      }
    },
    {
      "type": "Feature",
      "geometry": {
        "type": "Point",
        "coordinates": [
          27.423977,
          53.901762
        ]
      },
      "properties": {
        "id": "400423",
        "name": "Красны Бор",
        "type": "bus"
      }
    },
    {
      "type": "Feature",
      "geometry": {
        "type": "Point",
        "coordinates": [
          27.434826,
          53.900206
        ]
      },
      "properties": {
        "id": "14870",
        "name": "Захад-3",
        "type": "trolleybus"
      }
    },
    {
      "type": "Feature",
      "geometry": {
        "type": "Point",
        "coordinates": [
          27.574648,
          53.840009
        ]
      },
      "properties": {
        "id": "15491",
        "name": "Янкі Лучыны",
        "type": "bus"
      }
    },
    {
      "type": "Feature",
      "geometry": {
        "type": "Point",
        "coordinates": [
          27.557468,
          53.851228
        ]
      },
      "properties": {
        "id": "191170",
        "name": "Прыпынак электрацягнікоў «Лошыца»",
        "type": "bus"
      }
    },
    {
      "type": "Feature",
      "geometry": {
        "type": "Point",
        "coordinates": [
          27.487203,
          53.939642
        ]
      },
      "properties": {
        "id": "15045",
        "name": "Ціхая",
        "type": "bus"
      }
    },
    {
      "type": "Feature",
      "geometry": {
        "type": "Point",
        "coordinates": [
          27.594244,
          53.938145
        ]
      },
      "properties": {
        "id": "133352",
        "name": "Тыражная",
        "type": "bus"
      }
    },
    {
      "type": "Feature",
      "geometry": {
        "type": "Point",
        "coordinates": [
          27.555688,
          53.871724
        ]
      },
      "properties": {
        "id": "56776",
        "name": "Аэрадромная",
        "type": "bus"
      }
    },
    {
      "type": "Feature",
      "geometry": {
        "type": "Point",
        "coordinates": [
          27.553945,
          53.872185
        ]
      },
      "properties": {
        "id": "56629",
        "name": "Аэрадромная",
        "type": "bus"
      }
    },
    {
      "type": "Feature",
      "geometry": {
        "type": "Point",
        "coordinates": [
          27.560191,
          53.865946
        ]
      },
      "properties": {
        "id": "171691",
        "name": "Чыгуначная станцыя «Мінск-Паўднёвы»",
        "type": "bus"
      }
    },
    {
      "type": "Feature",
      "geometry": {
        "type": "Point",
        "coordinates": [
          27.741897,
          53.922751
        ]
      },
      "properties": {
        "id": "297248",
        "name": "АЗС",
        "type": "bus"
      }
    },
    {
      "type": "Feature",
      "geometry": {
        "type": "Point",
        "coordinates": [
          27.742223,
          53.922501
        ]
      },
      "properties": {
        "id": "297249",
        "name": "АЗС",
        "type": "bus"
      }
    },
    {
      "type": "Feature",
      "geometry": {
        "type": "Point",
        "coordinates": [
          27.46055,
          53.944846
        ]
      },
      "properties": {
        "id": "15046",
        "name": "Ржавец",
        "type": "bus"
      }
    },
    {
      "type": "Feature",
      "geometry": {
        "type": "Point",
        "coordinates": [
          27.545975,
          53.889267
        ]
      },
      "properties": {
        "id": "73076",
        "name": "ДС Дружная",
        "type": "bus"
      }
    },
    {
      "type": "Feature",
      "geometry": {
        "type": "Point",
        "coordinates": [
          27.53294,
          53.912562
        ]
      },
      "properties": {
        "id": "73835",
        "name": "Заслаўская",
        "type": "bus"
      }
    },
    {
      "type": "Feature",
      "geometry": {
        "type": "Point",
        "coordinates": [
          27.479968,
          53.902104
        ]
      },
      "properties": {
        "id": "15563",
        "name": "ДС Адоеўскага",
        "type": "bus"
      }
    },
    {
      "type": "Feature",
      "geometry": {
        "type": "Point",
        "coordinates": [
          27.480909,
          53.901612
        ]
      },
      "properties": {
        "id": "15562",
        "name": "ДС Адоеўскага",
        "type": "bus"
      }
    },
    {
      "type": "Feature",
      "geometry": {
        "type": "Point",
        "coordinates": [
          27.454926,
          53.873273
        ]
      },
      "properties": {
        "id": "297581",
        "name": "Юрыя Сямянякі",
        "type": "bus"
      }
    },
    {
      "type": "Feature",
      "geometry": {
        "type": "Point",
        "coordinates": [
          27.458442,
          53.87141
        ]
      },
      "properties": {
        "id": "297580",
        "name": "ДС Паўднёвы Захад",
        "type": "bus"
      }
    },
    {
      "type": "Feature",
      "geometry": {
        "type": "Point",
        "coordinates": [
          27.753774,
          53.837077
        ]
      },
      "properties": {
        "id": "16110",
        "name": "АкваТрайпл",
        "type": "bus"
      }
    },
    {
      "type": "Feature",
      "geometry": {
        "type": "Point",
        "coordinates": [
          27.752087,
          53.846614
        ]
      },
      "properties": {
        "id": "133335",
        "name": "Палігон Трасцянецкі",
        "type": "bus"
      }
    },
    {
      "type": "Feature",
      "geometry": {
        "type": "Point",
        "coordinates": [
          27.555978,
          53.939223
        ]
      },
      "properties": {
        "id": "284064",
        "name": "Брагінская",
        "type": "bus"
      }
    },
    {
      "type": "Feature",
      "geometry": {
        "type": "Point",
        "coordinates": [
          27.550201,
          53.939553
        ]
      },
      "properties": {
        "id": "284061",
        "name": "Мазырская",
        "type": "bus"
      }
    },
    {
      "type": "Feature",
      "geometry": {
        "type": "Point",
        "coordinates": [
          27.550053,
          53.89185
        ]
      },
      "properties": {
        "id": "243538",
        "name": "Вакзал",
        "type": "bus"
      }
    },
    {
      "type": "Feature",
      "geometry": {
        "type": "Point",
        "coordinates": [
          27.55106,
          53.891543
        ]
      },
      "properties": {
        "id": "294494",
        "name": "Вакзал",
        "type": "tram"
      }
    },
    {
      "type": "Feature",
      "geometry": {
        "type": "Point",
        "coordinates": [
          27.551067,
          53.891562
        ]
      },
      "properties": {
        "id": "294494",
        "name": "Вакзал",
        "type": "tram"
      }
    },
    {
      "type": "Feature",
      "geometry": {
        "type": "Point",
        "coordinates": [
          27.435934,
          53.874226
        ]
      },
      "properties": {
        "id": "6111606851",
        "name": "Вершина",
        "type": "bus"
      }
    },
    {
      "type": "Feature",
      "geometry": {
        "type": "Point",
        "coordinates": [
          27.45599,
          53.8741
        ]
      },
      "properties": {
        "id": "?",
        "name": "Юрыя Семянякі",
        "type": "bus"
      }
    },
    {
      "type": "Feature",
      "geometry": {
        "type": "Point",
        "coordinates": [
          27.456439,
          53.872703
        ]
      },
      "properties": {
        "id": "297584",
        "name": "Юрыя Сямянякі",
        "type": "bus"
      }
    },
    {
      "type": "Feature",
      "geometry": {
        "type": "Point",
        "coordinates": [
          27.483094,
          53.901991
        ]
      },
      "properties": {
        "id": "15169",
        "name": "ДС Адоеўскага",
        "type": "bus"
      }
    },
    {
      "type": "Feature",
      "geometry": {
        "type": "Point",
        "coordinates": [
          27.592087,
          53.90569
        ]
      },
      "properties": {
        "id": "15314",
        "name": "Платонава",
        "type": "bus"
      }
    },
    {
      "type": "Feature",
      "geometry": {
        "type": "Point",
        "coordinates": [
          27.589425,
          53.90676
        ]
      },
      "properties": {
        "id": "15822",
        "name": "Платонава",
        "type": "bus"
      }
    },
    {
      "type": "Feature",
      "geometry": {
        "type": "Point",
        "coordinates": [
          27.488622,
          53.902586
        ]
      },
      "properties": {
        "id": "14849",
        "name": "Янкі Маўра",
        "type": "bus"
      }
    },
    {
      "type": "Feature",
      "geometry": {
        "type": "Point",
        "coordinates": [
          27.566891,
          53.904716
        ]
      },
      "properties": {
        "id": "15862",
        "name": "Янкі Купалы",
        "type": "trolleybus"
      }
    },
    {
      "type": "Feature",
      "geometry": {
        "type": "Point",
        "coordinates": [
          27.587518,
          53.862704
        ]
      },
      "properties": {
        "id": "15795",
        "name": "Серабранка-9",
        "type": "bus"
      }
    },
    {
      "type": "Feature",
      "geometry": {
        "type": "Point",
        "coordinates": [
          27.585488,
          53.904334
        ]
      },
      "properties": {
        "id": "16227",
        "name": "Чапаева",
        "type": "tram"
      }
    },
    {
      "type": "Feature",
      "geometry": {
        "type": "Point",
        "coordinates": [
          27.567112,
          53.89639
        ]
      },
      "properties": {
        "id": "15310",
        "name": "Ліцэй БДУ",
        "type": "tram"
      }
    },
    {
      "type": "Feature",
      "geometry": {
        "type": "Point",
        "coordinates": [
          27.557218,
          53.892497
        ]
      },
      "properties": {
        "id": "15276",
        "name": "Свярдлова",
        "type": "tram"
      }
    },
    {
      "type": "Feature",
      "geometry": {
        "type": "Point",
        "coordinates": [
          27.590489,
          53.906261
        ]
      },
      "properties": {
        "id": "16116",
        "name": "Платонава",
        "type": "tram"
      }
    },
    {
      "type": "Feature",
      "geometry": {
        "type": "Point",
        "coordinates": [
          27.584353,
          53.908085
        ]
      },
      "properties": {
        "id": "15398",
        "name": "Змітрака Бядулі",
        "type": "tram"
      }
    },
    {
      "type": "Feature",
      "geometry": {
        "type": "Point",
        "coordinates": [
          27.584626,
          53.907935
        ]
      },
      "properties": {
        "id": "16117",
        "name": "Змітрака Бядулі",
        "type": "tram"
      }
    },
    {
      "type": "Feature",
      "geometry": {
        "type": "Point",
        "coordinates": [
          27.570285,
          53.915973
        ]
      },
      "properties": {
        "id": "15264",
        "name": "Куйбышава",
        "type": "tram"
      }
    },
    {
      "type": "Feature",
      "geometry": {
        "type": "Point",
        "coordinates": [
          27.56279,
          53.916656
        ]
      },
      "properties": {
        "id": "15234",
        "name": "Максіма Багдановіча",
        "type": "tram"
      }
    },
    {
      "type": "Feature",
      "geometry": {
        "type": "Point",
        "coordinates": [
          27.545053,
          53.926321
        ]
      },
      "properties": {
        "id": "15185",
        "name": "Старавіленскі тракт",
        "type": "bus"
      }
    },
    {
      "type": "Feature",
      "geometry": {
        "type": "Point",
        "coordinates": [
          27.564805,
          53.916554
        ]
      },
      "properties": {
        "id": "15432",
        "name": "Максіма Багдановіча",
        "type": "tram"
      }
    },
    {
      "type": "Feature",
      "geometry": {
        "type": "Point",
        "coordinates": [
          27.570151,
          53.916107
        ]
      },
      "properties": {
        "id": "15431",
        "name": "Куйбышава",
        "type": "tram"
      }
    },
    {
      "type": "Feature",
      "geometry": {
        "type": "Point",
        "coordinates": [
          27.541101,
          53.88583
        ]
      },
      "properties": {
        "id": "54565",
        "name": "Станцыя метро «Інстытут Культуры»",
        "type": "bus"
      }
    },
    {
      "type": "Feature",
      "geometry": {
        "type": "Point",
        "coordinates": [
          27.676747,
          53.860307
        ]
      },
      "properties": {
        "id": "133405",
        "name": "РК Аўтазаводская",
        "type": "bus"
      }
    },
    {
      "type": "Feature",
      "geometry": {
        "type": "Point",
        "coordinates": [
          27.482414,
          53.940617
        ]
      },
      "properties": {
        "id": "15043",
        "name": "Крупецкая",
        "type": "bus"
      }
    },
    {
      "type": "Feature",
      "geometry": {
        "type": "Point",
        "coordinates": [
          27.481323,
          53.941344
        ]
      },
      "properties": {
        "id": "277339",
        "name": "Крупецкая",
        "type": "bus"
      }
    },
    {
      "type": "Feature",
      "geometry": {
        "type": "Point",
        "coordinates": [
          27.500583,
          53.872299
        ]
      },
      "properties": {
        "id": "277128",
        "name": "Аўтастанцыя «Паўднёва-Заходняя»",
        "type": "bus"
      }
    },
    {
      "type": "Feature",
      "geometry": {
        "type": "Point",
        "coordinates": [
          27.628621,
          53.834984
        ]
      },
      "properties": {
        "id": "68866",
        "name": "ДС Чыжоўка",
        "type": "bus"
      }
    },
    {
      "type": "Feature",
      "geometry": {
        "type": "Point",
        "coordinates": [
          27.434227,
          53.916604
        ]
      },
      "properties": {
        "id": "73580",
        "name": "ДС Кунцаўшчына",
        "type": "bus"
      }
    },
    {
      "type": "Feature",
      "geometry": {
        "type": "Point",
        "coordinates": [
          27.435678,
          53.917251
        ]
      },
      "properties": {
        "id": "15522",
        "name": "ДС Кунцаўшчына",
        "type": "bus"
      }
    },
    {
      "type": "Feature",
      "geometry": {
        "type": "Point",
        "coordinates": [
          27.480231,
          53.931648
        ]
      },
      "properties": {
        "id": "15846",
        "name": "ДС Вяснянка",
        "type": "bus"
      }
    },
    {
      "type": "Feature",
      "geometry": {
        "type": "Point",
        "coordinates": [
          27.676765,
          53.83862
        ]
      },
      "properties": {
        "id": "133409",
        "name": "Сэрвісны цэнтр",
        "type": "bus"
      }
    },
    {
      "type": "Feature",
      "geometry": {
        "type": "Point",
        "coordinates": [
          27.669492,
          53.844194
        ]
      },
      "properties": {
        "id": "284336",
        "name": "Свіслацкая",
        "type": "bus"
      }
    },
    {
      "type": "Feature",
      "geometry": {
        "type": "Point",
        "coordinates": [
          27.693202,
          53.925014
        ]
      },
      "properties": {
        "id": "297372",
        "name": "Інстытут хіміі новых матэрыялаў",
        "type": "bus"
      }
    },
    {
      "type": "Feature",
      "geometry": {
        "type": "Point",
        "coordinates": [
          27.688051,
          53.924446
        ]
      },
      "properties": {
        "id": "297374",
        "name": "Акадэмгарадок",
        "type": "bus"
      }
    },
    {
      "type": "Feature",
      "geometry": {
        "type": "Point",
        "coordinates": [
          27.686195,
          53.924594
        ]
      },
      "properties": {
        "id": "297373",
        "name": "Акадэмгарадок",
        "type": "bus"
      }
    },
    {
      "type": "Feature",
      "geometry": {
        "type": "Point",
        "coordinates": [
          27.54131,
          53.87277
        ]
      },
      "properties": {
        "id": "56716",
        "name": "Авакяна",
        "type": "bus"
      }
    },
    {
      "type": "Feature",
      "geometry": {
        "type": "Point",
        "coordinates": [
          27.561747,
          53.87381
        ]
      },
      "properties": {
        "id": "6387970416",
        "name": "Валадзько",
        "type": "bus"
      }
    },
    {
      "type": "Feature",
      "geometry": {
        "type": "Point",
        "coordinates": [
          27.557865,
          53.859679
        ]
      },
      "properties": {
        "id": "177577",
        "name": "Паўднёвая магістраль",
        "type": "bus"
      }
    },
    {
      "type": "Feature",
      "geometry": {
        "type": "Point",
        "coordinates": [
          27.441866,
          53.936735
        ]
      },
      "properties": {
        "id": "294625",
        "name": "ГЦ «Ждановічы»",
        "type": "bus"
      }
    },
    {
      "type": "Feature",
      "geometry": {
        "type": "Point",
        "coordinates": [
          27.558828,
          53.860942
        ]
      },
      "properties": {
        "id": "?",
        "name": "Паўднёвая магістраль",
        "type": "bus"
      }
    },
    {
      "type": "Feature",
      "geometry": {
        "type": "Point",
        "coordinates": [
          27.56203,
          53.894285
        ]
      },
      "properties": {
        "id": "15271",
        "name": "Стадыён «Дынама»",
        "type": "tram"
      }
    },
    {
      "type": "Feature",
      "geometry": {
        "type": "Point",
        "coordinates": [
          27.562212,
          53.894261
        ]
      },
      "properties": {
        "id": "16217",
        "name": "Стадыён «Дынама»",
        "type": "tram"
      }
    },
    {
      "type": "Feature",
      "geometry": {
        "type": "Point",
        "coordinates": [
          27.567897,
          53.896916
        ]
      },
      "properties": {
        "id": "15270",
        "name": "Ліцэй БДУ",
        "type": "tram"
      }
    },
    {
      "type": "Feature",
      "geometry": {
        "type": "Point",
        "coordinates": [
          27.58928,
          53.895692
        ]
      },
      "properties": {
        "id": "15631",
        "name": "Андрэеўская",
        "type": "bus"
      }
    },
    {
      "type": "Feature",
      "geometry": {
        "type": "Point",
        "coordinates": [
          27.542544,
          53.939668
        ]
      },
      "properties": {
        "id": "6528361514",
        "name": "Прыгарадная",
        "type": "bus"
      }
    },
    {
      "type": "Feature",
      "geometry": {
        "type": "Point",
        "coordinates": [
          27.559242,
          53.864698
        ]
      },
      "properties": {
        "id": "131546",
        "name": "Чыгуначная станцыя «Мінск-Паўднёвы»",
        "type": "bus"
      }
    },
    {
      "type": "Feature",
      "geometry": {
        "type": "Point",
        "coordinates": [
          27.535999,
          53.898977
        ]
      },
      "properties": {
        "id": "14526",
        "name": "Галантарэйны",
        "type": "bus"
      }
    },
    {
      "type": "Feature",
      "geometry": {
        "type": "Point",
        "coordinates": [
          27.533479,
          53.902762
        ]
      },
      "properties": {
        "id": "230257",
        "name": "Клары Цэткін",
        "type": "bus"
      }
    },
    {
      "type": "Feature",
      "geometry": {
        "type": "Point",
        "coordinates": [
          27.533898,
          53.903669
        ]
      },
      "properties": {
        "id": "230066",
        "name": "Клары Цэткін",
        "type": "bus"
      }
    },
    {
      "type": "Feature",
      "geometry": {
        "type": "Point",
        "coordinates": [
          27.416691,
          53.911753
        ]
      },
      "properties": {
        "id": "73864",
        "name": "Каменнагорская, 14",
        "type": "bus"
      }
    },
    {
      "type": "Feature",
      "geometry": {
        "type": "Point",
        "coordinates": [
          27.559684,
          53.877395
        ]
      },
      "properties": {
        "id": "15880",
        "name": "Варанянскага",
        "type": "bus"
      }
    },
    {
      "type": "Feature",
      "geometry": {
        "type": "Point",
        "coordinates": [
          27.479914,
          53.915563
        ]
      },
      "properties": {
        "id": "15254",
        "name": "Індустрыяльна-педагагічны каледж",
        "type": "bus"
      }
    },
    {
      "type": "Feature",
      "geometry": {
        "type": "Point",
        "coordinates": [
          27.546967,
          53.888908
        ]
      },
      "properties": {
        "id": "6875358103",
        "name": "ДС Дружная",
        "type": "bus"
      }
    },
    {
      "type": "Feature",
      "geometry": {
        "type": "Point",
        "coordinates": [
          27.610586,
          53.94397
        ]
      },
      "properties": {
        "id": "294783",
        "name": "Алешава",
        "type": "tram"
      }
    },
    {
      "type": "Feature",
      "geometry": {
        "type": "Point",
        "coordinates": [
          27.610716,
          53.944024
        ]
      },
      "properties": {
        "id": "294784",
        "name": "Алешава",
        "type": "tram"
      }
    },
    {
      "type": "Feature",
      "geometry": {
        "type": "Point",
        "coordinates": [
          27.556907,
          53.892451
        ]
      },
      "properties": {
        "id": "15272",
        "name": "Свярдлова",
        "type": "tram"
      }
    },
    {
      "type": "Feature",
      "geometry": {
        "type": "Point",
        "coordinates": [
          27.535632,
          53.87993
        ]
      },
      "properties": {
        "id": "230384",
        "name": "Гасцініца Спадарожнік",
        "type": "bus"
      }
    },
    {
      "type": "Feature",
      "geometry": {
        "type": "Point",
        "coordinates": [
          27.535148,
          53.880063
        ]
      },
      "properties": {
        "id": "230383",
        "name": "Гасцініца Спадарожнік",
        "type": "bus"
      }
    },
    {
      "type": "Feature",
      "geometry": {
        "type": "Point",
        "coordinates": [
          27.542309,
          53.910629
        ]
      },
      "properties": {
        "id": "15989",
        "name": "Белпраект",
        "type": "bus"
      }
    },
    {
      "type": "Feature",
      "geometry": {
        "type": "Point",
        "coordinates": [
          27.673149,
          53.908393
        ]
      },
      "properties": {
        "id": "284617",
        "name": "Карвата",
        "type": "bus"
      }
    },
    {
      "type": "Feature",
      "geometry": {
        "type": "Point",
        "coordinates": [
          27.483028,
          53.856488
        ]
      },
      "properties": {
        "id": "290351",
        "name": "Чурлёніса",
        "type": "bus"
      }
    },
    {
      "type": "Feature",
      "geometry": {
        "type": "Point",
        "coordinates": [
          27.482567,
          53.856889
        ]
      },
      "properties": {
        "id": "290352",
        "name": "Чурлёніса",
        "type": "bus"
      }
    },
    {
      "type": "Feature",
      "geometry": {
        "type": "Point",
        "coordinates": [
          27.753503,
          53.830396
        ]
      },
      "properties": {
        "id": "16060",
        "name": "Паўлоўскага",
        "type": "bus"
      }
    },
    {
      "type": "Feature",
      "geometry": {
        "type": "Point",
        "coordinates": [
          27.48457,
          53.923454
        ]
      },
      "properties": {
        "id": "15263",
        "name": "Альшэўскага",
        "type": "bus"
      }
    },
    {
      "type": "Feature",
      "geometry": {
        "type": "Point",
        "coordinates": [
          27.602996,
          53.865625
        ]
      },
      "properties": {
        "id": "290357",
        "name": "Праспект Ракасоўскага, 55",
        "type": "bus"
      }
    },
    {
      "type": "Feature",
      "geometry": {
        "type": "Point",
        "coordinates": [
          27.602871,
          53.866511
        ]
      },
      "properties": {
        "id": "290358",
        "name": "Праспект Ракасоўскага, 55",
        "type": "bus"
      }
    },
    {
      "type": "Feature",
      "geometry": {
        "type": "Point",
        "coordinates": [
          27.579422,
          53.886365
        ]
      },
      "properties": {
        "id": "14800",
        "name": "Фабрыка «Камунарка»",
        "type": "bus"
      }
    },
    {
      "type": "Feature",
      "geometry": {
        "type": "Point",
        "coordinates": [
          27.723173,
          53.952544
        ]
      },
      "properties": {
        "id": "284782",
        "name": "Танкавы",
        "type": "bus"
      }
    },
    {
      "type": "Feature",
      "geometry": {
        "type": "Point",
        "coordinates": [
          27.714519,
          53.950125
        ]
      },
      "properties": {
        "id": "284784",
        "name": "50 год Перамогі",
        "type": "bus"
      }
    },
    {
      "type": "Feature",
      "geometry": {
        "type": "Point",
        "coordinates": [
          27.709295,
          53.948077
        ]
      },
      "properties": {
        "id": "297777",
        "name": "Панамарова",
        "type": "bus"
      }
    },
    {
      "type": "Feature",
      "geometry": {
        "type": "Point",
        "coordinates": [
          27.70932,
          53.947505
        ]
      },
      "properties": {
        "id": "297778",
        "name": "Панамарова",
        "type": "bus"
      }
    },
    {
      "type": "Feature",
      "geometry": {
        "type": "Point",
        "coordinates": [
          27.72378,
          53.951812
        ]
      },
      "properties": {
        "id": "14367",
        "name": "Танкавы",
        "type": "bus"
      }
    },
    {
      "type": "Feature",
      "geometry": {
        "type": "Point",
        "coordinates": [
          27.718596,
          53.952647
        ]
      },
      "properties": {
        "id": "284783",
        "name": "Курсанта Гвішыяні",
        "type": "bus"
      }
    },
    {
      "type": "Feature",
      "geometry": {
        "type": "Point",
        "coordinates": [
          27.711218,
          53.947791
        ]
      },
      "properties": {
        "id": "297776",
        "name": "Панамарова",
        "type": "bus"
      }
    },
    {
      "type": "Feature",
      "geometry": {
        "type": "Point",
        "coordinates": [
          27.72012,
          53.95254
        ]
      },
      "properties": {
        "id": "297779",
        "name": "Курсанта Гвішыяні",
        "type": "bus"
      }
    },
    {
      "type": "Feature",
      "geometry": {
        "type": "Point",
        "coordinates": [
          27.724684,
          53.953178
        ]
      },
      "properties": {
        "id": "14368",
        "name": "Танкавы",
        "type": "bus"
      }
    },
    {
      "type": "Feature",
      "geometry": {
        "type": "Point",
        "coordinates": [
          27.716193,
          53.950833
        ]
      },
      "properties": {
        "id": "297780",
        "name": "50 год Перамогі",
        "type": "bus"
      }
    },
    {
      "type": "Feature",
      "geometry": {
        "type": "Point",
        "coordinates": [
          27.684506,
          53.916445
        ]
      },
      "properties": {
        "id": "284633",
        "name": "Ліпкаўская",
        "type": "bus"
      }
    },
    {
      "type": "Feature",
      "geometry": {
        "type": "Point",
        "coordinates": [
          27.575009,
          53.913013
        ]
      },
      "properties": {
        "id": "284619",
        "name": "Чырвоная",
        "type": "bus"
      }
    },
    {
      "type": "Feature",
      "geometry": {
        "type": "Point",
        "coordinates": [
          27.689751,
          53.809659
        ]
      },
      "properties": {
        "id": "284703",
        "name": "Завод ЖБВ",
        "type": "bus"
      }
    },
    {
      "type": "Feature",
      "geometry": {
        "type": "Point",
        "coordinates": [
          27.689109,
          53.809677
        ]
      },
      "properties": {
        "id": "284702",
        "name": "Завод ЖБВ",
        "type": "bus"
      }
    },
    {
      "type": "Feature",
      "geometry": {
        "type": "Point",
        "coordinates": [
          27.421442,
          53.925972
        ]
      },
      "properties": {
        "id": "295028",
        "name": "Школа № 56",
        "type": "trolleybus"
      }
    },
    {
      "type": "Feature",
      "geometry": {
        "type": "Point",
        "coordinates": [
          27.599113,
          53.944187
        ]
      },
      "properties": {
        "id": "15979",
        "name": "Усходні завулак",
        "type": "bus"
      }
    },
    {
      "type": "Feature",
      "geometry": {
        "type": "Point",
        "coordinates": [
          27.496642,
          53.93526
        ]
      },
      "properties": {
        "id": "290338",
        "name": "Вясёлкавая",
        "type": "bus"
      }
    },
    {
      "type": "Feature",
      "geometry": {
        "type": "Point",
        "coordinates": [
          27.541543,
          53.870577
        ]
      },
      "properties": {
        "id": "149183",
        "name": "Бялградская",
        "type": "bus"
      }
    },
    {
      "type": "Feature",
      "geometry": {
        "type": "Point",
        "coordinates": [
          27.54349,
          53.86969
        ]
      },
      "properties": {
        "id": "171550",
        "name": "Бялградская",
        "type": "bus"
      }
    },
    {
      "type": "Feature",
      "geometry": {
        "type": "Point",
        "coordinates": [
          27.684029,
          53.836573
        ]
      },
      "properties": {
        "id": "284647",
        "name": "Завулак Прамысловы",
        "type": "bus"
      }
    },
    {
      "type": "Feature",
      "geometry": {
        "type": "Point",
        "coordinates": [
          27.502029,
          53.928825
        ]
      },
      "properties": {
        "id": "295026",
        "name": "Лесі Украінкі",
        "type": "bus"
      }
    },
    {
      "type": "Feature",
      "geometry": {
        "type": "Point",
        "coordinates": [
          27.679524,
          53.926064
        ]
      },
      "properties": {
        "id": "7438018306",
        "name": "Остановка",
        "type": "bus"
      }
    },
    {
      "type": "Feature",
      "geometry": {
        "type": "Point",
        "coordinates": [
          27.544935,
          53.957541
        ]
      },
      "properties": {
        "id": "402016",
        "name": "Псіханеўралагічны інтэрнат",
        "type": "bus"
      }
    },
    {
      "type": "Feature",
      "geometry": {
        "type": "Point",
        "coordinates": [
          27.514523,
          53.95178
        ]
      },
      "properties": {
        "id": "407006",
        "name": "Мінская",
        "type": "bus"
      }
    },
    {
      "type": "Feature",
      "geometry": {
        "type": "Point",
        "coordinates": [
          27.55013,
          53.878369
        ]
      },
      "properties": {
        "id": "15883",
        "name": "Станцыя метро «Кавальская Слабада»",
        "type": "bus"
      }
    },
    {
      "type": "Feature",
      "geometry": {
        "type": "Point",
        "coordinates": [
          27.571967,
          53.850321
        ]
      },
      "properties": {
        "id": "7674110123",
        "name": "Чыжэўскіх",
        "type": "bus"
      }
    },
    {
      "type": "Feature",
      "geometry": {
        "type": "Point",
        "coordinates": [
          27.549681,
          53.875701
        ]
      },
      "properties": {
        "id": "15877",
        "name": "Быхаўская",
        "type": "bus"
      }
    },
    {
      "type": "Feature",
      "geometry": {
        "type": "Point",
        "coordinates": [
          27.549274,
          53.876938
        ]
      },
      "properties": {
        "id": "7798097388",
        "name": "Станцыя метро «Кавальская Слабада»",
        "type": "bus"
      }
    },
    {
      "type": "Feature",
      "geometry": {
        "type": "Point",
        "coordinates": [
          27.433416,
          53.90729
        ]
      },
      "properties": {
        "id": "14608",
        "name": "Станцыя метро «Каменная Горка» (горад)",
        "type": "bus"
      }
    },
    {
      "type": "Feature",
      "geometry": {
        "type": "Point",
        "coordinates": [
          27.642619,
          53.834756
        ]
      },
      "properties": {
        "id": "15505",
        "name": "Клецкая",
        "type": "bus"
      }
    },
    {
      "type": "Feature",
      "geometry": {
        "type": "Point",
        "coordinates": [
          27.648473,
          53.835612
        ]
      },
      "properties": {
        "id": "404151",
        "name": "Капыльская",
        "type": "bus"
      }
    },
    {
      "type": "Feature",
      "geometry": {
        "type": "Point",
        "coordinates": [
          27.651318,
          53.836121
        ]
      },
      "properties": {
        "id": "404150",
        "name": "Капыльская",
        "type": "bus"
      }
    },
    {
      "type": "Feature",
      "geometry": {
        "type": "Point",
        "coordinates": [
          27.662442,
          53.901606
        ]
      },
      "properties": {
        "id": "15366",
        "name": "Ваўпшасава, 33",
        "type": "bus"
      }
    },
    {
      "type": "Feature",
      "geometry": {
        "type": "Point",
        "coordinates": [
          27.679364,
          53.904139
        ]
      },
      "properties": {
        "id": "404200",
        "name": "Карвата, 81",
        "type": "bus"
      }
    },
    {
      "type": "Feature",
      "geometry": {
        "type": "Point",
        "coordinates": [
          27.679341,
          53.904341
        ]
      },
      "properties": {
        "id": "404201",
        "name": "Карвата, 81",
        "type": "bus"
      }
    },
    {
      "type": "Feature",
      "geometry": {
        "type": "Point",
        "coordinates": [
          27.609618,
          53.839865
        ]
      },
      "properties": {
        "id": "8048238085",
        "name": "Галадзеда, 77",
        "type": "bus"
      }
    },
    {
      "type": "Feature",
      "geometry": {
        "type": "Point",
        "coordinates": [
          27.688009,
          53.945045
        ]
      },
      "properties": {
        "id": "407041",
        "name": "Станцыя метро «Уручча»",
        "type": "bus"
      }
    },
    {
      "type": "Feature",
      "geometry": {
        "type": "Point",
        "coordinates": [
          28.054333,
          53.880142
        ]
      },
      "properties": {
        "id": "284264",
        "name": "Транспартна-лагістычны цэнтр «Аэрапорт»",
        "type": "bus"
      }
    },
    {
      "type": "Feature",
      "geometry": {
        "type": "Point",
        "coordinates": [
          27.603432,
          53.91553
        ]
      },
      "properties": {
        "id": "400210",
        "name": "Акадэмічная",
        "type": "bus"
      }
    },
    {
      "type": "Feature",
      "geometry": {
        "type": "Point",
        "coordinates": [
          27.50783,
          53.958441
        ]
      },
      "properties": {
        "id": "407005",
        "name": "Зацань",
        "type": "bus"
      }
    },
    {
      "type": "Feature",
      "geometry": {
        "type": "Point",
        "coordinates": [
          27.541415,
          53.873113
        ]
      },
      "properties": {
        "id": "56810",
        "name": "Авакяна",
        "type": "bus"
      }
    },
    {
      "type": "Feature",
      "geometry": {
        "type": "Point",
        "coordinates": [
          27.54719,
          53.889441
        ]
      },
      "properties": {
        "id": "73075",
        "name": "ДС Дружная",
        "type": "bus"
      }
    },
    {
      "type": "Feature",
      "geometry": {
        "type": "Point",
        "coordinates": [
          27.501877,
          53.926671
        ]
      },
      "properties": {
        "id": "15235",
        "name": "Міхася Лынькова",
        "type": "bus"
      }
    },
    {
      "type": "Feature",
      "geometry": {
        "type": "Point",
        "coordinates": [
          27.536325,
          53.897974
        ]
      },
      "properties": {
        "id": "14571",
        "name": "Галантарэйны",
        "type": "bus"
      }
    },
    {
      "type": "Feature",
      "geometry": {
        "type": "Point",
        "coordinates": [
          27.548868,
          53.868103
        ]
      },
      "properties": {
        "id": "171638",
        "name": "Станцыя метро «Аэрадромная»",
        "type": "bus"
      }
    },
    {
      "type": "Feature",
      "geometry": {
        "type": "Point",
        "coordinates": [
          27.533559,
          53.869287
        ]
      },
      "properties": {
        "id": "8296714495",
        "name": "Леаніда Левіна",
        "type": "bus"
      }
    },
    {
      "type": "Feature",
      "geometry": {
        "type": "Point",
        "coordinates": [
          27.534015,
          53.869082
        ]
      },
      "properties": {
        "id": "8296714496",
        "name": "Леаніда Левіна",
        "type": "bus"
      }
    },
    {
      "type": "Feature",
      "geometry": {
        "type": "Point",
        "coordinates": [
          27.738549,
          53.852143
        ]
      },
      "properties": {
        "id": "571095",
        "name": "Могілкі «Лясныя»",
        "type": "bus"
      }
    },
    {
      "type": "Feature",
      "geometry": {
        "type": "Point",
        "coordinates": [
          27.738587,
          53.851664
        ]
      },
      "properties": {
        "id": "8488563206",
        "name": "Могілкі «Лясныя»",
        "type": "bus"
      }
    },
    {
      "type": "Feature",
      "geometry": {
        "type": "Point",
        "coordinates": [
          27.512319,
          53.955195
        ]
      },
      "properties": {
        "id": "8497468777",
        "name": "Остановка",
        "type": "bus"
      }
    },
    {
      "type": "Feature",
      "geometry": {
        "type": "Point",
        "coordinates": [
          27.511789,
          53.95573
        ]
      },
      "properties": {
        "id": "8497468778",
        "name": "Остановка",
        "type": "bus"
      }
    },
    {
      "type": "Feature",
      "geometry": {
        "type": "Point",
        "coordinates": [
          27.58363,
          53.842628
        ]
      },
      "properties": {
        "id": "8641835614",
        "name": "Аркадзя Смоліча",
        "type": "bus"
      }
    },
    {
      "type": "Feature",
      "geometry": {
        "type": "Point",
        "coordinates": [
          27.576001,
          53.844193
        ]
      },
      "properties": {
        "id": "8641835615",
        "name": "Уладзіміра Алоўнікава",
        "type": "bus"
      }
    },
    {
      "type": "Feature",
      "geometry": {
        "type": "Point",
        "coordinates": [
          27.582502,
          53.843431
        ]
      },
      "properties": {
        "id": "8641844563",
        "name": "Аркадзя Смоліча",
        "type": "bus"
      }
    },
    {
      "type": "Feature",
      "geometry": {
        "type": "Point",
        "coordinates": [
          27.57513,
          53.845231
        ]
      },
      "properties": {
        "id": "8641844564",
        "name": "Уладзіміра Алоўнікава",
        "type": "bus"
      }
    },
    {
      "type": "Feature",
      "geometry": {
        "type": "Point",
        "coordinates": [
          27.530438,
          53.86577
        ]
      },
      "properties": {
        "id": "152668",
        "name": "Брэсцкая",
        "type": "bus"
      }
    },
    {
      "type": "Feature",
      "geometry": {
        "type": "Point",
        "coordinates": [
          27.6077,
          53.839301
        ]
      },
      "properties": {
        "id": "?",
        "name": "Карзюкі, 28",
        "type": "trolleybus"
      }
    },
    {
      "type": "Feature",
      "geometry": {
        "type": "Point",
        "coordinates": [
          27.606895,
          53.838566
        ]
      },
      "properties": {
        "id": "?",
        "name": "-",
        "type": "bus"
      }
    },
    {
      "type": "Feature",
      "geometry": {
        "type": "Point",
        "coordinates": [
          27.599941,
          53.837134
        ]
      },
      "properties": {
        "id": "8695260184",
        "name": "Карзюкі",
        "type": "trolleybus"
      }
    },
    {
      "type": "Feature",
      "geometry": {
        "type": "Point",
        "coordinates": [
          27.60528,
          53.839149
        ]
      },
      "properties": {
        "id": "8695260188",
        "name": "Карзюкі, 28",
        "type": "trolleybus"
      }
    },
    {
      "type": "Feature",
      "geometry": {
        "type": "Point",
        "coordinates": [
          27.587631,
          53.840264
        ]
      },
      "properties": {
        "id": "8832489926",
        "name": "Лошыца-9",
        "type": "bus"
      }
    },
    {
      "type": "Feature",
      "geometry": {
        "type": "Point",
        "coordinates": [
          27.532539,
          53.870756
        ]
      },
      "properties": {
        "id": "?",
        "name": "Ніколы Тэслы",
        "type": "bus"
      }
    },
    {
      "type": "Feature",
      "geometry": {
        "type": "Point",
        "coordinates": [
          27.537115,
          53.871438
        ]
      },
      "properties": {
        "id": "184133",
        "name": "Ніколы Тэслы",
        "type": "bus"
      }
    },
    {
      "type": "Feature",
      "geometry": {
        "type": "Point",
        "coordinates": [
          27.552569,
          53.86695
        ]
      },
      "properties": {
        "id": "171737",
        "name": "Брацкая",
        "type": "bus"
      }
    },
    {
      "type": "Feature",
      "geometry": {
        "type": "Point",
        "coordinates": [
          27.6157,
          53.839917
        ]
      },
      "properties": {
        "id": "9104273536",
        "name": "праезд Галадзеда",
        "type": "trolleybus"
      }
    },
    {
      "type": "Feature",
      "geometry": {
        "type": "Point",
        "coordinates": [
          27.537335,
          53.860348
        ]
      },
      "properties": {
        "id": "51071",
        "name": "Лейтэнанта Кіжаватава",
        "type": "bus"
      }
    },
    {
      "type": "Feature",
      "geometry": {
        "type": "Point",
        "coordinates": [
          27.525926,
          53.870886
        ]
      },
      "properties": {
        "id": "185290",
        "name": "Вірская",
        "type": "bus"
      }
    },
    {
      "type": "Feature",
      "geometry": {
        "type": "Point",
        "coordinates": [
          27.52648,
          53.868132
        ]
      },
      "properties": {
        "id": "51178",
        "name": "Казінца",
        "type": "bus"
      }
    },
    {
      "type": "Feature",
      "geometry": {
        "type": "Point",
        "coordinates": [
          27.611871,
          53.839616
        ]
      },
      "properties": {
        "id": "9228652793",
        "name": "Галадзеда, 77",
        "type": "bus"
      }
    },
    {
      "type": "Feature",
      "geometry": {
        "type": "Point",
        "coordinates": [
          27.541009,
          53.968174
        ]
      },
      "properties": {
        "id": "9229721882",
        "name": "Остановка",
        "type": "bus"
      }
    },
    {
      "type": "Feature",
      "geometry": {
        "type": "Point",
        "coordinates": [
          27.543615,
          53.865728
        ]
      },
      "properties": {
        "id": "9294123048",
        "name": "Ігара Лучанка",
        "type": "bus"
      }
    },
    {
      "type": "Feature",
      "geometry": {
        "type": "Point",
        "coordinates": [
          27.474085,
          53.929948
        ]
      },
      "properties": {
        "id": "16233",
        "name": "Гарадок",
        "type": "bus"
      }
    },
    {
      "type": "Feature",
      "geometry": {
        "type": "Point",
        "coordinates": [
          27.525075,
          53.871715
        ]
      },
      "properties": {
        "id": "154138",
        "name": "Вірская",
        "type": "bus"
      }
    },
    {
      "type": "Feature",
      "geometry": {
        "type": "Point",
        "coordinates": [
          27.533801,
          53.871442
        ]
      },
      "properties": {
        "id": "3949964",
        "name": "Стары Аэрапорт",
        "type": "bus"
      }
    },
    {
      "type": "Feature",
      "geometry": {
        "type": "Point",
        "coordinates": [
          27.526964,
          53.870172
        ]
      },
      "properties": {
        "id": "177584",
        "name": "Вірская",
        "type": "bus"
      }
    },
    {
      "type": "Feature",
      "geometry": {
        "type": "Point",
        "coordinates": [
          27.625419,
          53.928823
        ]
      },
      "properties": {
        "id": "14344",
        "name": "Станцыя метро Маскоўская",
        "type": "bus"
      }
    },
    {
      "type": "Feature",
      "geometry": {
        "type": "Point",
        "coordinates": [
          27.557361,
          53.865972
        ]
      },
      "properties": {
        "id": "131395",
        "name": "Чыгуначная станцыя «Мінск-Паўднёвы»",
        "type": "bus"
      }
    },
    {
      "type": "Feature",
      "geometry": {
        "type": "Point",
        "coordinates": [
          27.55865,
          53.908849
        ]
      },
      "properties": {
        "id": "9655618495",
        "name": "Оперны тэатр",
        "type": "bus"
      }
    },
    {
      "type": "Feature",
      "geometry": {
        "type": "Point",
        "coordinates": [
          27.570106,
          53.846001
        ]
      },
      "properties": {
        "id": "9752616590",
        "name": "Завулак Чыжэўскіх",
        "type": "bus"
      }
    },
    {
      "type": "Feature",
      "geometry": {
        "type": "Point",
        "coordinates": [
          27.519979,
          53.876547
        ]
      },
      "properties": {
        "id": "14719",
        "name": "Неўскі завулак",
        "type": "bus"
      }
    },
    {
      "type": "Feature",
      "geometry": {
        "type": "Point",
        "coordinates": [
          27.548255,
          53.870983
        ]
      },
      "properties": {
        "id": "146144",
        "name": "Праспект Міру",
        "type": "bus"
      }
    },
    {
      "type": "Feature",
      "geometry": {
        "type": "Point",
        "coordinates": [
          27.539913,
          53.892023
        ]
      },
      "properties": {
        "id": "9870054194",
        "name": "Маскоўская",
        "type": "bus"
      }
    },
    {
      "type": "Feature",
      "geometry": {
        "type": "Point",
        "coordinates": [
          27.538404,
          53.870612
        ]
      },
      "properties": {
        "id": "184177",
        "name": "Ніколы Тэслы",
        "type": "bus"
      }
    },
    {
      "type": "Feature",
      "geometry": {
        "type": "Point",
        "coordinates": [
          27.677188,
          53.858127
        ]
      },
      "properties": {
        "id": "9887360406",
        "name": "Аўтастанцыя «Аўтазаводская»",
        "type": "bus"
      }
    },
    {
      "type": "Feature",
      "geometry": {
        "type": "Point",
        "coordinates": [
          27.550026,
          53.871586
        ]
      },
      "properties": {
        "id": "?",
        "name": "Праспект Міру",
        "type": "bus"
      }
    },
    {
      "type": "Feature",
      "geometry": {
        "type": "Point",
        "coordinates": [
          27.547678,
          53.873278
        ]
      },
      "properties": {
        "id": "174938",
        "name": "Праспект Міру",
        "type": "bus"
      }
    },
    {
      "type": "Feature",
      "geometry": {
        "type": "Point",
        "coordinates": [
          27.901203,
          53.87623
        ]
      },
      "properties": {
        "id": "10003903372",
        "name": "Авіяцыі",
        "type": "bus"
      }
    },
    {
      "type": "Feature",
      "geometry": {
        "type": "Point",
        "coordinates": [
          27.897371,
          53.878583
        ]
      },
      "properties": {
        "id": "10013764335",
        "name": "Галавачова",
        "type": "bus"
      }
    },
    {
      "type": "Feature",
      "geometry": {
        "type": "Point",
        "coordinates": [
          27.883597,
          53.875256
        ]
      },
      "properties": {
        "id": "10013764340",
        "name": "Дакутовіч",
        "type": "bus"
      }
    },
    {
      "type": "Feature",
      "geometry": {
        "type": "Point",
        "coordinates": [
          27.885942,
          53.873879
        ]
      },
      "properties": {
        "id": "10013764342",
        "name": "Бярозагорская",
        "type": "bus"
      }
    },
    {
      "type": "Feature",
      "geometry": {
        "type": "Point",
        "coordinates": [
          27.897513,
          53.88118
        ]
      },
      "properties": {
        "id": "10013764344",
        "name": "Рамашкіна",
        "type": "bus"
      }
    },
    {
      "type": "Feature",
      "geometry": {
        "type": "Point",
        "coordinates": [
          27.903711,
          53.880677
        ]
      },
      "properties": {
        "id": "10013764346",
        "name": "Школа №194",
        "type": "bus"
      }
    },
    {
      "type": "Feature",
      "geometry": {
        "type": "Point",
        "coordinates": [
          27.669707,
          53.952367
        ]
      },
      "properties": {
        "id": "10135506387",
        "name": "Авіяцыйная",
        "type": "bus"
      }
    },
    {
      "type": "Feature",
      "geometry": {
        "type": "Point",
        "coordinates": [
          27.51861,
          53.877459
        ]
      },
      "properties": {
        "id": "14814",
        "name": "Неўскі завулак",
        "type": "bus"
      }
    },
    {
      "type": "Feature",
      "geometry": {
        "type": "Point",
        "coordinates": [
          27.677907,
          53.83748
        ]
      },
      "properties": {
        "id": "10182198528",
        "name": "Остановка",
        "type": "bus"
      }
    },
    {
      "type": "Feature",
      "geometry": {
        "type": "Point",
        "coordinates": [
          27.546876,
          53.86904
        ]
      },
      "properties": {
        "id": "171665",
        "name": "Станцыя метро «Аэрадромная»",
        "type": "bus"
      }
    },
    {
      "type": "Feature",
      "geometry": {
        "type": "Point",
        "coordinates": [
          27.551482,
          53.862331
        ]
      },
      "properties": {
        "id": "145939",
        "name": "Жарэса Алфёрава",
        "type": "bus"
      }
    },
    {
      "type": "Feature",
      "geometry": {
        "type": "Point",
        "coordinates": [
          27.539359,
          53.860238
        ]
      },
      "properties": {
        "id": "146154",
        "name": "Лейтэнанта Кіжаватава",
        "type": "bus"
      }
    },
    {
      "type": "Feature",
      "geometry": {
        "type": "Point",
        "coordinates": [
          27.549665,
          53.860748
        ]
      },
      "properties": {
        "id": "146106",
        "name": "Міхаіла Савіцкага",
        "type": "bus"
      }
    },
    {
      "type": "Feature",
      "geometry": {
        "type": "Point",
        "coordinates": [
          27.547758,
          53.860096
        ]
      },
      "properties": {
        "id": "146156",
        "name": "Міхаіла Савіцкага",
        "type": "bus"
      }
    },
    {
      "type": "Feature",
      "geometry": {
        "type": "Point",
        "coordinates": [
          27.542313,
          53.86012
        ]
      },
      "properties": {
        "id": "146068",
        "name": "Максіма Лужаніна",
        "type": "bus"
      }
    },
    {
      "type": "Feature",
      "geometry": {
        "type": "Point",
        "coordinates": [
          27.554342,
          53.865863
        ]
      },
      "properties": {
        "id": "146162",
        "name": "Ніколы Тэслы, 26",
        "type": "bus"
      }
    },
    {
      "type": "Feature",
      "geometry": {
        "type": "Point",
        "coordinates": [
          27.566521,
          53.896362
        ]
      },
      "properties": {
        "id": "10727303329",
        "name": "Ліцэй БДУ",
        "type": "bus"
      }
    },
    {
      "type": "Feature",
      "geometry": {
        "type": "Point",
        "coordinates": [
          27.909558,
          53.879996
        ]
      },
      "properties": {
        "id": "10780505490",
        "name": "Грызадубавай",
        "type": "bus"
      }
    },
    {
      "type": "Feature",
      "geometry": {
        "type": "Point",
        "coordinates": [
          27.903064,
          53.875747
        ]
      },
      "properties": {
        "id": "10780505494",
        "name": "Барамзіной",
        "type": "bus"
      }
    },
    {
      "type": "Feature",
      "geometry": {
        "type": "Point",
        "coordinates": [
          27.541813,
          53.86403
        ]
      },
      "properties": {
        "id": "170508",
        "name": "Парк",
        "type": "bus"
      }
    },
    {
      "type": "Feature",
      "geometry": {
        "type": "Point",
        "coordinates": [
          27.539942,
          53.863393
        ]
      },
      "properties": {
        "id": "10829996154",
        "name": "Парк",
        "type": "bus"
      }
    },
    {
      "type": "Feature",
      "geometry": {
        "type": "Point",
        "coordinates": [
          27.521335,
          53.915615
        ]
      },
      "properties": {
        "id": "14567",
        "name": "Ігнаценкі",
        "type": "bus"
      }
    },
    {
      "type": "Feature",
      "geometry": {
        "type": "Point",
        "coordinates": [
          27.519674,
          53.917253
        ]
      },
      "properties": {
        "id": "14533",
        "name": "Ігнаценкі",
        "type": "bus"
      }
    },
    {
      "type": "Feature",
      "geometry": {
        "type": "Point",
        "coordinates": [
          27.552267,
          53.960003
        ]
      },
      "properties": {
        "id": "10969700558",
        "name": "Остановка",
        "type": "bus"
      }
    },
    {
      "type": "Feature",
      "geometry": {
        "type": "Point",
        "coordinates": [
          27.527225,
          53.872878
        ]
      },
      "properties": {
        "id": "?",
        "name": "Брылеўская",
        "type": "bus"
      }
    },
    {
      "type": "Feature",
      "geometry": {
        "type": "Point",
        "coordinates": [
          27.508197,
          53.884662
        ]
      },
      "properties": {
        "id": "15203",
        "name": "Беліта-Вітэкс",
        "type": "bus"
      }
    },
    {
      "type": "Feature",
      "geometry": {
        "type": "Point",
        "coordinates": [
          27.891625,
          53.87427
        ]
      },
      "properties": {
        "id": "11164889022",
        "name": "Рабінавая",
        "type": "bus"
      }
    },
    {
      "type": "Feature",
      "geometry": {
        "type": "Point",
        "coordinates": [
          27.52954,
          53.873368
        ]
      },
      "properties": {
        "id": "56812",
        "name": "Брылеўская",
        "type": "bus"
      }
    },
    {
      "type": "Feature",
      "geometry": {
        "type": "Point",
        "coordinates": [
          27.572143,
          53.915738
        ]
      },
      "properties": {
        "id": "58353",
        "name": "Куйбышава",
        "type": "bus"
      }
    },
    {
      "type": "Feature",
      "geometry": {
        "type": "Point",
        "coordinates": [
          27.888787,
          53.880816
        ]
      },
      "properties": {
        "id": "11253551299",
        "name": "Маргелава",
        "type": "bus"
      }
    },
    {
      "type": "Feature",
      "geometry": {
        "type": "Point",
        "coordinates": [
          27.538812,
          53.861072
        ]
      },
      "properties": {
        "id": "?",
        "name": "Лейтэнанта Кіжаватава",
        "type": "bus"
      }
    },
    {
      "type": "Feature",
      "geometry": {
        "type": "Point",
        "coordinates": [
          27.518846,
          53.892952
        ]
      },
      "properties": {
        "id": "11268539891",
        "name": "Паліклініка № 15",
        "type": "trolleybus"
      }
    },
    {
      "type": "Feature",
      "geometry": {
        "type": "Point",
        "coordinates": [
          27.548585,
          53.869208
        ]
      },
      "properties": {
        "id": "146113",
        "name": "Станцыя метро «Аэрадромная»",
        "type": "bus"
      }
    },
    {
      "type": "Feature",
      "geometry": {
        "type": "Point",
        "coordinates": [
          27.547052,
          53.868097
        ]
      },
      "properties": {
        "id": "11345296384",
        "name": "Станцыя метро «Аэрадромная»",
        "type": "bus"
      }
    },
    {
      "type": "Feature",
      "geometry": {
        "type": "Point",
        "coordinates": [
          27.554188,
          53.956202
        ]
      },
      "properties": {
        "id": "11377290344",
        "name": "Остановка",
        "type": "bus"
      }
    },
    {
      "type": "Feature",
      "geometry": {
        "type": "Point",
        "coordinates": [
          27.416092,
          53.911735
        ]
      },
      "properties": {
        "id": "11415573697",
        "name": "Остановка",
        "type": "bus"
      }
    },
    {
      "type": "Feature",
      "geometry": {
        "type": "Point",
        "coordinates": [
          27.544494,
          53.85961
        ]
      },
      "properties": {
        "id": "146146",
        "name": "Максіма Лужаніна",
        "type": "bus"
      }
    },
    {
      "type": "Feature",
      "geometry": {
        "type": "Point",
        "coordinates": [
          27.53599,
          53.849219
        ]
      },
      "properties": {
        "id": "15106",
        "name": "Станцыя метро «Немаршанскі Сад»",
        "type": "bus"
      }
    },
    {
      "type": "Feature",
      "geometry": {
        "type": "Point",
        "coordinates": [
          27.555623,
          53.92404
        ]
      },
      "properties": {
        "id": "15727",
        "name": "бульвар Шаўчэнкі",
        "type": "bus"
      }
    },
    {
      "type": "Feature",
      "geometry": {
        "type": "Point",
        "coordinates": [
          27.898926,
          53.873696
        ]
      },
      "properties": {
        "id": "11746712585",
        "name": "Рамашкіна, 6",
        "type": "bus"
      }
    },
    {
      "type": "Feature",
      "geometry": {
        "type": "Point",
        "coordinates": [
          27.554509,
          53.955741
        ]
      },
      "properties": {
        "id": "12035144354",
        "name": "Паўліны Мядзёлкі",
        "type": "bus"
      }
    },
    {
      "type": "Feature",
      "geometry": {
        "type": "Point",
        "coordinates": [
          27.889402,
          53.878544
        ]
      },
      "properties": {
        "id": "12092852535",
        "name": "Маргелава",
        "type": "bus"
      }
    },
    {
      "type": "Feature",
      "geometry": {
        "type": "Point",
        "coordinates": [
          27.55278,
          53.964961
        ]
      },
      "properties": {
        "id": "12100577258",
        "name": "Цнянка-2",
        "type": "bus"
      }
    },
    {
      "type": "Feature",
      "geometry": {
        "type": "Point",
        "coordinates": [
          27.550663,
          53.965168
        ]
      },
      "properties": {
        "id": "12100577259",
        "name": "Цнянка-2",
        "type": "bus"
      }
    },
    {
      "type": "Feature",
      "geometry": {
        "type": "Point",
        "coordinates": [
          27.559819,
          53.965317
        ]
      },
      "properties": {
        "id": "12100577260",
        "name": "Аляксандра Воінава",
        "type": "bus"
      }
    },
    {
      "type": "Feature",
      "geometry": {
        "type": "Point",
        "coordinates": [
          27.552547,
          53.961051
        ]
      },
      "properties": {
        "id": "12100577261",
        "name": "Будслаўская",
        "type": "bus"
      }
    },
    {
      "type": "Feature",
      "geometry": {
        "type": "Point",
        "coordinates": [
          27.537644,
          53.933426
        ]
      },
      "properties": {
        "id": "12127131259",
        "name": "Прадпрыемства «Мілавіца»",
        "type": "bus"
      }
    },
    {
      "type": "Feature",
      "geometry": {
        "type": "Point",
        "coordinates": [
          27.586966,
          53.843821
        ]
      },
      "properties": {
        "id": "12128172364",
        "name": "Станіслава Манюшкі",
        "type": "bus"
      }
    },
    {
      "type": "Feature",
      "geometry": {
        "type": "Point",
        "coordinates": [
          27.585058,
          53.843102
        ]
      },
      "properties": {
        "id": "12128172365",
        "name": "Аркадзя Смоліча",
        "type": "bus"
      }
    },
    {
      "type": "Feature",
      "geometry": {
        "type": "Point",
        "coordinates": [
          27.589064,
          53.843309
        ]
      },
      "properties": {
        "id": "12128172366",
        "name": "Станіслава Манюшкі",
        "type": "bus"
      }
    },
    {
      "type": "Feature",
      "geometry": {
        "type": "Point",
        "coordinates": [
          27.458058,
          53.924126
        ]
      },
      "properties": {
        "id": "12139671583",
        "name": "Дамброўка-6",
        "type": "bus"
      }
    },
    {
      "type": "Feature",
      "geometry": {
        "type": "Point",
        "coordinates": [
          27.890367,
          53.876533
        ]
      },
      "properties": {
        "id": "12205528156",
        "name": "Шацілы",
        "type": "bus"
      }
    },
    {
      "type": "Feature",
      "geometry": {
        "type": "Point",
        "coordinates": [
          27.433407,
          53.876074
        ]
      },
      "properties": {
        "id": "12261110578",
        "name": "Акадэміка Карскага, 44",
        "type": "bus"
      }
    },
    {
      "type": "Feature",
      "geometry": {
        "type": "Point",
        "coordinates": [
          27.533447,
          53.872896
        ]
      },
      "properties": {
        "id": "56802",
        "name": "Стары Аэрапорт",
        "type": "bus"
      }
    },
    {
      "type": "Feature",
      "geometry": {
        "type": "Point",
        "coordinates": [
          27.56221,
          53.863244
        ]
      },
      "properties": {
        "id": "25702",
        "name": "Чыгуначная станцыя «Мінск-Паўднёвы»",
        "type": "bus"
      }
    },
    {
      "type": "Feature",
      "geometry": {
        "type": "Point",
        "coordinates": [
          27.499374,
          53.891912
        ]
      },
      "properties": {
        "id": "12304894277",
        "name": "Індустрыяльны",
        "type": "bus"
      }
    },
    {
      "type": "Feature",
      "geometry": {
        "type": "Point",
        "coordinates": [
          27.545587,
          53.866372
        ]
      },
      "properties": {
        "id": "12305169689",
        "name": "Ігара Лучанка",
        "type": "bus"
      }
    },
    {
      "type": "Feature",
      "geometry": {
        "type": "Point",
        "coordinates": [
          27.551545,
          53.964402
        ]
      },
      "properties": {
        "id": "12318820642",
        "name": "Цнянка-2",
        "type": "bus"
      }
    },
    {
      "type": "Feature",
      "geometry": {
        "type": "Point",
        "coordinates": [
          27.469903,
          53.92582
        ]
      },
      "properties": {
        "id": "12394474943",
        "name": "Сцяпана Злобіна",
        "type": "bus"
      }
    },
    {
      "type": "Feature",
      "geometry": {
        "type": "Point",
        "coordinates": [
          27.550362,
          53.920437
        ]
      },
      "properties": {
        "id": "12400937953",
        "name": "Пярэспа",
        "type": "bus"
      }
    },
    {
      "type": "Feature",
      "geometry": {
        "type": "Point",
        "coordinates": [
          27.475037,
          53.924623
        ]
      },
      "properties": {
        "id": "12411675115",
        "name": "ДС \"Масюкоўшчына\"",
        "type": "bus"
      }
    },
    {
      "type": "Feature",
      "geometry": {
        "type": "Point",
        "coordinates": [
          27.464988,
          53.925816
        ]
      },
      "properties": {
        "id": "12411675133",
        "name": "Масюкоўшчына-3",
        "type": "bus"
      }
    },
    {
      "type": "Feature",
      "geometry": {
        "type": "Point",
        "coordinates": [
          27.466165,
          53.925455
        ]
      },
      "properties": {
        "id": "12413514373",
        "name": "Масюкоўшчына-3",
        "type": "bus"
      }
    },
    {
      "type": "Feature",
      "geometry": {
        "type": "Point",
        "coordinates": [
          27.433107,
          53.881132
        ]
      },
      "properties": {
        "id": "15157",
        "name": "Мікрараён Сухарава-2",
        "type": "trolleybus"
      }
    },
    {
      "type": "Feature",
      "geometry": {
        "type": "Point",
        "coordinates": [
          27.578802,
          53.848388
        ]
      },
      "properties": {
        "id": "12500854865",
        "name": "Лошыца-5",
        "type": "bus"
      }
    },
    {
      "type": "Feature",
      "geometry": {
        "type": "Point",
        "coordinates": [
          27.580327,
          53.847943
        ]
      },
      "properties": {
        "id": "12500854880",
        "name": "Лошыца-5",
        "type": "bus"
      }
    },
    {
      "type": "Feature",
      "geometry": {
        "type": "Point",
        "coordinates": [
          27.583439,
          53.847366
        ]
      },
      "properties": {
        "id": "12500854895",
        "name": "Надзеі Маісеевай",
        "type": "bus"
      }
    },
    {
      "type": "Feature",
      "geometry": {
        "type": "Point",
        "coordinates": [
          27.471281,
          53.925294
        ]
      },
      "properties": {
        "id": "12523085160",
        "name": "Сцяпана Злобіна",
        "type": "bus"
      }
    },
    {
      "type": "Feature",
      "geometry": {
        "type": "Point",
        "coordinates": [
          27.731036,
          53.933117
        ]
      },
      "properties": {
        "id": "12523085168",
        "name": "Міхася Чарота",
        "type": "bus"
      }
    },
    {
      "type": "Feature",
      "geometry": {
        "type": "Point",
        "coordinates": [
          27.729464,
          53.933853
        ]
      },
      "properties": {
        "id": "12523085169",
        "name": "Цяпінскага",
        "type": "bus"
      }
    },
    {
      "type": "Feature",
      "geometry": {
        "type": "Point",
        "coordinates": [
          27.561793,
          53.961165
        ]
      },
      "properties": {
        "id": "12570996770",
        "name": "Іосіфа Лангбарда",
        "type": "bus"
      }
    },
    {
      "type": "Feature",
      "geometry": {
        "type": "Point",
        "coordinates": [
          27.561592,
          53.961164
        ]
      },
      "properties": {
        "id": "12612356301",
        "name": "Остановка",
        "type": "bus"
      }
    },
    {
      "type": "Feature",
      "geometry": {
        "type": "Point",
        "coordinates": [
          27.533861,
          53.841757
        ]
      },
      "properties": {
        "id": "12700520986",
        "name": "Станцыя метро «Слуцкі Гасцінец»",
        "type": "bus"
      }
    },
    {
      "type": "Feature",
      "geometry": {
        "type": "Point",
        "coordinates": [
          27.553665,
          53.960316
        ]
      },
      "properties": {
        "id": "12732212419",
        "name": "Будслаўская",
        "type": "bus"
      }
    },
    {
      "type": "Feature",
      "geometry": {
        "type": "Point",
        "coordinates": [
          27.578511,
          53.910294
        ]
      },
      "properties": {
        "id": "15399",
        "name": "Праспект Незалежнасці",
        "type": "tram"
      }
    },
    {
      "type": "Feature",
      "geometry": {
        "type": "Point",
        "coordinates": [
          27.432041,
          53.876567
        ]
      },
      "properties": {
        "id": "15151",
        "name": "Акадэміка Карскага, 44",
        "type": "bus"
      }
    },
    {
      "type": "Feature",
      "geometry": {
        "type": "Point",
        "coordinates": [
          27.431835,
          53.877748
        ]
      },
      "properties": {
        "id": "15151",
        "name": "Сухарава-8",
        "type": "bus"
      }
    },
    {
      "type": "Feature",
      "geometry": {
        "type": "Point",
        "coordinates": [
          27.431753,
          53.878312
        ]
      },
      "properties": {
        "id": "15151",
        "name": "Сухарава-8",
        "type": "bus"
      }
    },
    {
      "type": "Feature",
      "geometry": {
        "type": "Point",
        "coordinates": [
          27.799205,
          53.850523
        ]
      },
      "properties": {
        "id": "12987070287",
        "name": "Акадэміка Красіна, 201",
        "type": "bus"
      }
    },
    {
      "type": "Feature",
      "geometry": {
        "type": "Point",
        "coordinates": [
          27.536056,
          53.934538
        ]
      },
      "properties": {
        "id": "14696",
        "name": "Прадпрыемства «Мілавіца»",
        "type": "bus"
      }
    },
    {
      "type": "Feature",
      "geometry": {
        "type": "Point",
        "coordinates": [
          27.533539,
          53.937052
        ]
      },
      "properties": {
        "id": "14696",
        "name": "Левада",
        "type": "bus"
      }
    },
    {
      "type": "Feature",
      "geometry": {
        "type": "Point",
        "coordinates": [
          27.532794,
          53.93786
        ]
      },
      "properties": {
        "id": "14696",
        "name": "Левада",
        "type": "bus"
      }
    },
    {
      "type": "Feature",
      "geometry": {
        "type": "Point",
        "coordinates": [
          27.549205,
          53.889271
        ]
      },
      "properties": {
        "id": "13069405501",
        "name": "ДС Дружная (пасадка пасажыраў на міжгарад)",
        "type": "bus"
      }
    },
    {
      "type": "Feature",
      "geometry": {
        "type": "Point",
        "coordinates": [
          27.515742,
          53.87887
        ]
      },
      "properties": {
        "id": "13073626785",
        "name": "Кузьмы Мініна",
        "type": "bus"
      }
    },
    {
      "type": "Feature",
      "geometry": {
        "type": "Point",
        "coordinates": [
          27.548856,
          53.888478
        ]
      },
      "properties": {
        "id": "13096292702",
        "name": "ДС Дружная (высадка з міжгародніх маршрутных таксі)",
        "type": "bus"
      }
    },
    {
      "type": "Feature",
      "geometry": {
        "type": "Point",
        "coordinates": [
          27.510238,
          53.876833
        ]
      },
      "properties": {
        "id": "15697",
        "name": "Дубравінская",
        "type": "bus"
      }
    },
    {
      "type": "Feature",
      "geometry": {
        "type": "Point",
        "coordinates": [
          27.527963,
          53.939053
        ]
      },
      "properties": {
        "id": "13110326171",
        "name": "Нававіленская",
        "type": "bus"
      }
    },
    {
      "type": "Feature",
      "geometry": {
        "type": "Point",
        "coordinates": [
          27.639414,
          53.947781
        ]
      },
      "properties": {
        "id": "13128893915",
        "name": "Остановка",
        "type": "bus"
      }
    },
    {
      "type": "Feature",
      "geometry": {
        "type": "Point",
        "coordinates": [
          27.500795,
          53.909343
        ]
      },
      "properties": {
        "id": "13144469764",
        "name": "РК Пушкинская  (посадки высадки нет)",
        "type": "bus"
      }
    },
    {
      "type": "Feature",
      "geometry": {
        "type": "Point",
        "coordinates": [
          27.564652,
          53.927579
        ]
      },
      "properties": {
        "id": "13230159176",
        "name": "Кульман",
        "type": "bus"
      }
    },
    {
      "type": "Feature",
      "geometry": {
        "type": "Point",
        "coordinates": [
          27.565074,
          53.921927
        ]
      },
      "properties": {
        "id": "13238605231",
        "name": "Остановка",
        "type": "bus"
      }
    },
    {
      "type": "Feature",
      "geometry": {
        "type": "Point",
        "coordinates": [
          27.587845,
          53.844599
        ]
      },
      "properties": {
        "id": "13261674358",
        "name": "Станіслава Манюшкі",
        "type": "bus"
      }
    },
    {
      "type": "Feature",
      "geometry": {
        "type": "Point",
        "coordinates": [
          27.584721,
          53.846424
        ]
      },
      "properties": {
        "id": "13261674373",
        "name": "Надзеі Маісеевай",
        "type": "bus"
      }
    },
    {
      "type": "Feature",
      "geometry": {
        "type": "Point",
        "coordinates": [
          27.561131,
          53.955201
        ]
      },
      "properties": {
        "id": "13264841078",
        "name": "Паўла Масленікава",
        "type": "bus"
      }
    },
    {
      "type": "Feature",
      "geometry": {
        "type": "Point",
        "coordinates": [
          27.561118,
          53.964065
        ]
      },
      "properties": {
        "id": "13264849836",
        "name": "Аляксандра Воінава",
        "type": "bus"
      }
    },
    {
      "type": "Feature",
      "geometry": {
        "type": "Point",
        "coordinates": [
          27.562631,
          53.966094
        ]
      },
      "properties": {
        "id": "13264849837",
        "name": "Аляксандра Воінава",
        "type": "bus"
      }
    },
    {
      "type": "Feature",
      "geometry": {
        "type": "Point",
        "coordinates": [
          27.560371,
          53.960712
        ]
      },
      "properties": {
        "id": "13264849838",
        "name": "Іосіфа Лангбарда",
        "type": "bus"
      }
    },
    {
      "type": "Feature",
      "geometry": {
        "type": "Point",
        "coordinates": [
          27.561101,
          53.960102
        ]
      },
      "properties": {
        "id": "13264849839",
        "name": "Іосіфа Лангбарда",
        "type": "bus"
      }
    },
    {
      "type": "Feature",
      "geometry": {
        "type": "Point",
        "coordinates": [
          27.474388,
          53.898511
        ]
      },
      "properties": {
        "id": "13295036917",
        "name": "Кірэенкі, 5",
        "type": "bus"
      }
    },
    {
      "type": "Feature",
      "geometry": {
        "type": "Point",
        "coordinates": [
          27.473634,
          53.899823
        ]
      },
      "properties": {
        "id": "13295036920",
        "name": "Кірэенкі, 5",
        "type": "bus"
      }
    },
    {
      "type": "Feature",
      "geometry": {
        "type": "Point",
        "coordinates": [
          27.576753,
          53.848479
        ]
      },
      "properties": {
        "id": "13306569795",
        "name": "Завулак Любанскіх",
        "type": "bus"
      }
    },
    {
      "type": "Feature",
      "geometry": {
        "type": "Point",
        "coordinates": [
          27.737837,
          53.847558
        ]
      },
      "properties": {
        "id": "13325428384",
        "name": "Могілкі «Лясныя». Паўднёвы ўваход",
        "type": "bus"
      }
    },
    {
      "type": "Feature",
      "geometry": {
        "type": "Point",
        "coordinates": [
          27.736415,
          53.847003
        ]
      },
      "properties": {
        "id": "13325428385",
        "name": "Могілкі «Лясныя». Паўднёвы ўваход",
        "type": "bus"
      }
    },
    {
      "type": "Feature",
      "geometry": {
        "type": "Point",
        "coordinates": [
          27.553043,
          53.863236
        ]
      },
      "properties": {
        "id": "146043",
        "name": "Жарэса Алфёрава",
        "type": "bus"
      }
    },
    {
      "type": "Feature",
      "geometry": {
        "type": "Point",
        "coordinates": [
          27.551167,
          53.966753
        ]
      },
      "properties": {
        "id": "13462843533",
        "name": "Міжнародны выставачны цэнтр",
        "type": "bus"
      }
    },
    {
      "type": "Feature",
      "geometry": {
        "type": "Point",
        "coordinates": [
          27.432496,
          53.879694
        ]
      },
      "properties": {
        "id": "13471471472",
        "name": "Мікрараён Сухарава-2",
        "type": "bus"
      }
    },
    {
      "type": "Feature",
      "geometry": {
        "type": "Point",
        "coordinates": [
          27.563775,
          53.847575
        ]
      },
      "properties": {
        "id": "13471522302",
        "name": "Школа №51",
        "type": "bus"
      }
    },
    {
      "type": "Feature",
      "geometry": {
        "type": "Point",
        "coordinates": [
          27.555078,
          53.890247
        ]
      },
      "properties": {
        "id": "13482527427",
        "name": "Автовокзал Центральный (высадка пассажиров)",
        "type": "bus"
      }
    },
    {
      "type": "Feature",
      "geometry": {
        "type": "Point",
        "coordinates": [
          27.454171,
          53.881547
        ]
      },
      "properties": {
        "id": "13588084910",
        "name": "Янкоўскага",
        "type": "bus"
      }
    },
    {
      "type": "Feature",
      "geometry": {
        "type": "Point",
        "coordinates": [
          27.574385,
          53.900415
        ]
      },
      "properties": {
        "id": "15269",
        "name": "Парк Горкага",
        "type": "tram"
      }
    },
    {
      "type": "Feature",
      "geometry": {
        "type": "Point",
        "coordinates": [
          27.574412,
          53.900398
        ]
      },
      "properties": {
        "id": "15269",
        "name": "Парк Горкага",
        "type": "tram"
      }
    },
    {
      "type": "Feature",
      "geometry": {
        "type": "Point",
        "coordinates": [
          27.561845,
          53.956754
        ]
      },
      "properties": {
        "id": "13696993980",
        "name": "Остановка",
        "type": "bus"
      }
    },
    {
      "type": "Feature",
      "geometry": {
        "type": "Point",
        "coordinates": [
          27.446212,
          53.871409
        ]
      },
      "properties": {
        "id": "13829604767",
        "name": "Остановка",
        "type": "bus"
      }
    },
    {
      "type": "Feature",
      "geometry": {
        "type": "Point",
        "coordinates": [
          27.477156,
          53.941601
        ]
      },
      "properties": {
        "id": "13956950066",
        "name": "Вербная, 5",
        "type": "bus"
      }
    },
    {
      "type": "Feature",
      "geometry": {
        "type": "Point",
        "coordinates": [
          27.444035,
          53.932513
        ]
      },
      "properties": {
        "id": "13994160958",
        "name": "Завулак Калеснікава",
        "type": "bus"
      }
    },
    {
      "type": "Feature",
      "geometry": {
        "type": "Point",
        "coordinates": [
          27.446173,
          53.933483
        ]
      },
      "properties": {
        "id": "13994160959",
        "name": "Завулак Калеснікава",
        "type": "bus"
      }
    },
    {
      "type": "Feature",
      "geometry": {
        "type": "Point",
        "coordinates": [
          27.546236,
          53.924189
        ]
      },
      "properties": {
        "id": "14008642356",
        "name": "Палац дзяцей і моладзі",
        "type": "tram"
      }
    },
    {
      "type": "Feature",
      "geometry": {
        "type": "Point",
        "coordinates": [
          27.533045,
          53.841794
        ]
      },
      "properties": {
        "id": "14014067162",
        "name": "Станцыя метро «Слуцкі Гасцінец»",
        "type": "bus"
      }
    },
    {
      "type": "Feature",
      "geometry": {
        "type": "Point",
        "coordinates": [
          27.533447,
          53.84255
        ]
      },
      "properties": {
        "id": "14014067180",
        "name": "Станцыя метро «Слуцкі Гасцінец»",
        "type": "bus"
      }
    },
    {
      "type": "Feature",
      "geometry": {
        "type": "Point",
        "coordinates": [
          27.543516,
          53.930576
        ]
      },
      "properties": {
        "id": "14017887831",
        "name": "Веры Слуцкай",
        "type": "bus"
      }
    },
    {
      "type": "Feature",
      "geometry": {
        "type": "Point",
        "coordinates": [
          27.543304,
          53.930499
        ]
      },
      "properties": {
        "id": "14017887833",
        "name": "Веры Слуцкай",
        "type": "bus"
      }
    },
    {
      "type": "Feature",
      "geometry": {
        "type": "Point",
        "coordinates": [
          27.541426,
          53.933049
        ]
      },
      "properties": {
        "id": "14017887836",
        "name": "ДС \"Возера\"",
        "type": "bus"
      }
    },
    {
      "type": "Feature",
      "geometry": {
        "type": "Point",
        "coordinates": [
          27.550678,
          53.920697
        ]
      },
      "properties": {
        "id": "14017902721",
        "name": "Пярэспа",
        "type": "bus"
      }
    },
    {
      "type": "Feature",
      "geometry": {
        "type": "Point",
        "coordinates": [
          27.546645,
          53.924638
        ]
      },
      "properties": {
        "id": "14017902723",
        "name": "Палац дзяцей і моладзі",
        "type": "bus"
      }
    },
    {
      "type": "Feature",
      "geometry": {
        "type": "Point",
        "coordinates": [
          27.540084,
          53.930529
        ]
      },
      "properties": {
        "id": "14040247916",
        "name": "Нававіленская",
        "type": "bus"
      }
    },
    {
      "type": "Feature",
      "geometry": {
        "type": "Point",
        "coordinates": [
          27.547689,
          53.892096
        ]
      },
      "properties": {
        "id": "14063256137",
        "name": "Остановка",
        "type": "bus"
      }
    },
    {
      "type": "Feature",
      "geometry": {
        "type": "Point",
        "coordinates": [
          27.670702,
          53.912221
        ]
      },
      "properties": {
        "id": "15387",
        "name": "Сувязістаў",
        "type": "bus"
      }
    },
    {
      "type": "Feature",
      "geometry": {
        "type": "Point",
        "coordinates": [
          27.545689,
          53.92514
        ]
      },
      "properties": {
        "id": "14068031592",
        "name": "Палац дзяцей і моладзі",
        "type": "bus"
      }
    },
    {
      "type": "Feature",
      "geometry": {
        "type": "Point",
        "coordinates": [
          27.54623,
          53.924226
        ]
      },
      "properties": {
        "id": "14068031593",
        "name": "Палац дзяцей і моладзі",
        "type": "tram"
      }
    },
    {
      "type": "Feature",
      "geometry": {
        "type": "Point",
        "coordinates": [
          27.546294,
          53.924496
        ]
      },
      "properties": {
        "id": "14068031596",
        "name": "Палац дзяцей і моладзі",
        "type": "tram"
      }
    },
    {
      "type": "Feature",
      "geometry": {
        "type": "Point",
        "coordinates": [
          27.561139,
          53.951065
        ]
      },
      "properties": {
        "id": "14075159283",
        "name": "Івана Баграмяна",
        "type": "bus"
      }
    },
    {
      "type": "Feature",
      "geometry": {
        "type": "Point",
        "coordinates": [
          27.555077,
          53.952194
        ]
      },
      "properties": {
        "id": "14075205458",
        "name": "Івана Баграмяна",
        "type": "bus"
      }
    },
    {
      "type": "Feature",
      "geometry": {
        "type": "Point",
        "coordinates": [
          27.561795,
          53.949442
        ]
      },
      "properties": {
        "id": "14075206328",
        "name": "Шырокая",
        "type": "bus"
      }
    },
    {
      "type": "Feature",
      "geometry": {
        "type": "Point",
        "coordinates": [
          27.561824,
          53.952281
        ]
      },
      "properties": {
        "id": "14075505201",
        "name": "Івана Баграмяна",
        "type": "bus"
      }
    },
    {
      "type": "Feature",
      "geometry": {
        "type": "Point",
        "coordinates": [
          27.546167,
          53.924445
        ]
      },
      "properties": {
        "id": "14075732450",
        "name": "Палац дзяцей і моладзі",
        "type": "tram"
      }
    },
    {
      "type": "Feature",
      "geometry": {
        "type": "Point",
        "coordinates": [
          27.565809,
          53.937965
        ]
      },
      "properties": {
        "id": "14174331317",
        "name": "Лілі Карастаянавай",
        "type": "bus"
      }
    },
    {
      "type": "Feature",
      "geometry": {
        "type": "Point",
        "coordinates": [
          27.437106,
          53.873969
        ]
      },
      "properties": {
        "id": "14180182298",
        "name": "Вершина",
        "type": "bus"
      }
    },
    {
      "type": "Feature",
      "geometry": {
        "type": "Point",
        "coordinates": [
          27.432226,
          53.875863
        ]
      },
      "properties": {
        "id": "14180190505",
        "name": "Академика Карского, 44",
        "type": "bus"
      }
    },
    {
      "type": "Feature",
      "geometry": {
        "type": "Point",
        "coordinates": [
          27.542827,
          53.939417
        ]
      },
      "properties": {
        "id": "14203538372",
        "name": "Прыгарадная",
        "type": "bus"
      }
    }
  ]
}